row_id,source,sent0,sent1,hard_neg,static_score,static_reason,chiral_score,chiral_reason,verdict,error,raw
9000,ego4d,The toddler picks a cloth from the chair with his right hand.,The toddler picks the cloth,The toddler places the cloth on the chair with his right hand.,3.0,"The subject, object, setting, and manner are all identical or near-identical between the anchor and the negative.",3.0,The verbs 'picks' and 'places' function as precise directional and temporal antonyms for the physical interaction with the object.,PASS,,"{
  ""static_score"": 3,
  ""static_reason"": ""The subject, object, setting, and manner are all identical or near-identical between the anchor and the negative."",
  ""chiral_score"": 3,
  ""chiral_reason"": ""The verbs 'picks' and 'places' function as precise directional and temporal antonyms for the physical interaction with the object."",
  ""verdict"": ""PASS""
}"
9001,ego4d,The zookeeper places his right hand on the metal cage.,The zookeeper places right hand on bed pole,The zookeeper removes his right hand from the metal cage.,3.0,"The subject, object, and setting are verbatim identical between the anchor and the hard negative.",3.0,The action 'removes from' is the exact directional and temporal antonym of 'places on'.,PASS,,"{
  ""static_score"": 3,
  ""static_reason"": ""The subject, object, and setting are verbatim identical between the anchor and the hard negative."",
  ""chiral_score"": 3,
  ""chiral_reason"": ""The action 'removes from' is the exact directional and temporal antonym of 'places on'."",
  ""verdict"": ""PASS""
}"
9002,ego4d,The laundry worker puts the iron box on the aluminum stand,The laundry worker puts the iron box down,The laundry worker takes the iron box off the aluminum stand,3.0,"The subject, object, and setting are identical across both sentences, maintaining perfect static preservation.",3.0,The actions 'puts on' and 'takes off' represent a perfect directional and temporal inversion.,PASS,,"{
  ""static_score"": 3,
  ""static_reason"": ""The subject, object, and setting are identical across both sentences, maintaining perfect static preservation."",
  ""chiral_score"": 3,
  ""chiral_reason"": ""The actions 'puts on' and 'takes off' represent a perfect directional and temporal inversion."",
  ""verdict"": ""PASS""
}"
9003,ego4d,The plumber opens the tap,The plumber opens another tap on the sink,The plumber closes the tap,3.0,The subject and object are perfectly identical between the anchor and the hard negative with no changes to the setting.,3.0,"The verb 'closes' is the exact directional and temporal antonym of 'opens', perfectly satisfying the chiral action criteria.",PASS,,"{
  ""static_score"": 3,
  ""static_reason"": ""The subject and object are perfectly identical between the anchor and the hard negative with no changes to the setting."",
  ""chiral_score"": 3,
  ""chiral_reason"": ""The verb 'closes' is the exact directional and temporal antonym of 'opens', perfectly satisfying the chiral action criteria."",
  ""verdict"": ""PASS""
}"
9004,ego4d,The handyman opens a drawer,The handyman opens a tool box drawer.,The handyman closes a drawer,3.0,The subject 'handyman' and the object 'drawer' are identical across both sentences.,3.0,The verb 'closes' is the precise temporal and directional antonym of 'opens'.,PASS,,"{
  ""static_score"": 3,
  ""static_reason"": ""The subject 'handyman' and the object 'drawer' are identical across both sentences."",
  ""chiral_score"": 3,
  ""chiral_reason"": ""The verb 'closes' is the precise temporal and directional antonym of 'opens'."",
  ""verdict"": ""PASS""
}"
9005,ego4d,The artist lifts the right hand,The artist lifts her right hand from the piece of paper,The artist lowers the right hand,3.0,The subject and object are word-for-word identical between the anchor and the hard negative.,3.0,'Lowers' serves as the exact directional antonym for 'lifts' in the context of movement.,PASS,,"```json
{
  ""static_score"": 3,
  ""static_reason"": ""The subject and object are word-for-word identical between the anchor and the hard negative."",
  ""chiral_score"": 3,
  ""chiral_reason"": ""'Lowers' serves as the exact directional antonym for 'lifts' in the context of movement."",
  ""verdict"": ""PASS""
}
```"
9006,ego4d,The driver places the left hand on the shirt,The driver places his right hand on the gear.,The driver removes the left hand from the shirt,3.0,"The subject, object, and setting are identical between the anchor and the hard negative.",3.0,'Places' and 'removes' are direct temporal and directional antonyms in this context.,PASS,,"```json
{
  ""static_score"": 3,
  ""static_reason"": ""The subject, object, and setting are identical between the anchor and the hard negative."",
  ""chiral_score"": 3,
  ""chiral_reason"": ""'Places' and 'removes' are direct temporal and directional antonyms in this context."",
  ""verdict"": ""PASS""
}
```"
9007,ego4d,The woman picks a plate,The woman picks up the plate of banana with her left hand,The woman puts a plate down,3.0,"The subject 'The woman' and object 'a plate' are identical between the anchor and the hard negative, with no discrepancies in setting or manner.",3.0,The action 'puts down' is the direct directional and temporal antonym of the action 'picks' (interpreted as 'picks up' based on the positive pair).,PASS,,"```json
{
  ""static_score"": 3,
  ""static_reason"": ""The subject 'The woman' and object 'a plate' are identical between the anchor and the hard negative, with no discrepancies in setting or manner."",
  ""chiral_score"": 3,
  ""chiral_reason"": ""The action 'puts down' is the direct directional and temporal antonym of the action 'picks' (interpreted as 'picks up' based on the positive pair)."",
  ""verdict"": ""PASS""
}
```"
9008,ego4d,The woman pushes the door,The woman pushes a door open with her right hand.,The woman pulls the door,3.0,"The subject 'The woman' and object 'the door' are identical in both sentences, with no extraneous differences in setting or manner.",3.0,'Pushes' and 'pulls' represent a perfect pair of directional antonyms for the force applied to an object.,PASS,,"```json
{
  ""static_score"": 3,
  ""static_reason"": ""The subject 'The woman' and object 'the door' are identical in both sentences, with no extraneous differences in setting or manner."",
  ""chiral_score"": 3,
  ""chiral_reason"": ""'Pushes' and 'pulls' represent a perfect pair of directional antonyms for the force applied to an object."",
  ""verdict"": ""PASS""
}
```"
9009,ego4d,The woman picks a head pan from the floor with his right hand.,The woman picks up the pan,The woman puts a head pan on the floor with his right hand.,3.0,"The subject, object, manner, and location are perfectly identical between the anchor and the negative, including the preservation of the grammatical error 'his right hand'.",3.0,The actions 'picks from the floor' and 'puts on the floor' constitute a perfect directional and temporal antonym pair.,PASS,,"```json
{
  ""static_score"": 3,
  ""static_reason"": ""The subject, object, manner, and location are perfectly identical between the anchor and the negative, including the preservation of the grammatical error 'his right hand'."",
  ""chiral_score"": 3,
  ""chiral_reason"": ""The actions 'picks from the floor' and 'puts on the floor' constitute a perfect directional and temporal antonym pair."",
  ""verdict"": ""PASS""
}
```"
9010,ego4d,The technician places his left hand on the vent grille on the wall.,The technician places his left hand on the floor,The technician removes his left hand from the vent grille on the wall.,3.0,"The subject, object, and setting are identical across both sentences, maintaining perfect consistency in non-action elements.",3.0,The verbs 'places' and 'removes' constitute a perfect directional and temporal antonym pair for this context.,PASS,,"{
  ""static_score"": 3,
  ""static_reason"": ""The subject, object, and setting are identical across both sentences, maintaining perfect consistency in non-action elements."",
  ""chiral_score"": 3,
  ""chiral_reason"": ""The verbs 'places' and 'removes' constitute a perfect directional and temporal antonym pair for this context."",
  ""verdict"": ""PASS""
}"
9011,ego4d,The construction worker picks the transparent cellophane bag on the floor with his right hand.,The construction worker picks a bag of tiles from the table,The construction worker puts the transparent cellophane bag on the floor with his right hand.,3.0,"All non-action elements including the subject, the specific object description, the setting, and the manner are identical between the sentences.",3.0,The actions 'picks' and 'puts' serve as clear directional antonyms within the context of interacting with an object on the floor.,PASS,,"```json
{
  ""static_score"": 3,
  ""static_reason"": ""All non-action elements including the subject, the specific object description, the setting, and the manner are identical between the sentences."",
  ""chiral_score"": 3,
  ""chiral_reason"": ""The actions 'picks' and 'puts' serve as clear directional antonyms within the context of interacting with an object on the floor."",
  ""verdict"": ""PASS""
}
```"
9012,ego4d,The woman picks a blue spoon with her right hand,The woman picks-up a spoon from the sink with her left hand.,The woman puts down a blue spoon with her right hand,3.0,"The subject, object, and manner elements are verbatim identical between the anchor and the hard negative.",3.0,The action 'puts down' is a perfect temporal and directional antonym of the anchor's action 'picks'.,PASS,,"{
  ""static_score"": 3,
  ""static_reason"": ""The subject, object, and manner elements are verbatim identical between the anchor and the hard negative."",
  ""chiral_score"": 3,
  ""chiral_reason"": ""The action 'puts down' is a perfect temporal and directional antonym of the anchor's action 'picks'."",
  ""verdict"": ""PASS""
}"
9013,ego4d,The dishwasher puts the bowl in the utensil holder,The dishwasher puts the bowl and the spoon in the sink,The dishwasher takes the bowl out of the utensil holder,3.0,"The subject, object, and setting are identical across both the anchor and the hard negative.",3.0,The action 'takes out' is the precise directional and temporal antonym of 'puts in'.,PASS,,"{
  ""static_score"": 3,
  ""static_reason"": ""The subject, object, and setting are identical across both the anchor and the hard negative."",
  ""chiral_score"": 3,
  ""chiral_reason"": ""The action 'takes out' is the precise directional and temporal antonym of 'puts in'."",
  ""verdict"": ""PASS""
}"
9014,ego4d,The woman picks the phone,The woman picks up a phone from the bed with her left hand.,The woman puts the phone down,3.0,"The subject and object are perfectly identical, and no additional setting or manner elements are present in either sentence.",2.0,"The verb 'picks' is an imprecise shorthand for 'picks up', making the directional antonym 'puts down' slightly asymmetrical.",PASS,,"{
  ""static_score"": 3,
  ""static_reason"": ""The subject and object are perfectly identical, and no additional setting or manner elements are present in either sentence."",
  ""chiral_score"": 2,
  ""chiral_reason"": ""The verb 'picks' is an imprecise shorthand for 'picks up', making the directional antonym 'puts down' slightly asymmetrical."",
  ""verdict"": ""PASS""
}"
9015,ego4d,The laboratory technician closes bottle,The laboratory technician closes a bottle of solvents with a lid,The laboratory technician opens bottle,3.0,"The subject and object are identical in both sentences, maintaining perfect static preservation.",3.0,The verb 'opens' is the direct temporal and directional antonym of 'closes'.,PASS,,"{
  ""static_score"": 3,
  ""static_reason"": ""The subject and object are identical in both sentences, maintaining perfect static preservation."",
  ""chiral_score"": 3,
  ""chiral_reason"": ""The verb 'opens' is the direct temporal and directional antonym of 'closes'."",
  ""verdict"": ""PASS""
}"
9016,ego4d,The tailor picks a scissors from the drawer with his right hand.,The tailor picks scissors,The tailor puts a scissors into the drawer with his right hand.,3.0,"The subject, object, setting, and specific manner (right hand) are identical across both sentences.",3.0,The actions 'picks from' and 'puts into' represent a perfect directional and temporal reversal of the same activity.,PASS,,"```json
{
  ""static_score"": 3,
  ""static_reason"": ""The subject, object, setting, and specific manner (right hand) are identical across both sentences."",
  ""chiral_score"": 3,
  ""chiral_reason"": ""The actions 'picks from' and 'puts into' represent a perfect directional and temporal reversal of the same activity."",
  ""verdict"": ""PASS""
}
```"
9017,ego4d,The mechanic opens a tool box with his gloved left hand.,The mechanic opens the box,The mechanic closes a tool box with his gloved left hand.,3.0,"Every word except for the main verb is identical between the anchor and the hard negative, including the specific manner phrase.",3.0,The verb 'closes' is the exact temporal/directional antonym of 'opens' as specified in the criteria examples.,PASS,,"{
  ""static_score"": 3,
  ""static_reason"": ""Every word except for the main verb is identical between the anchor and the hard negative, including the specific manner phrase."",
  ""chiral_score"": 3,
  ""chiral_reason"": ""The verb 'closes' is the exact temporal/directional antonym of 'opens' as specified in the criteria examples."",
  ""verdict"": ""PASS""
}"
9018,ego4d,The woman lifts her left hand upwards.,The woman lifts the right hand,The woman lowers her left hand downwards.,3.0,"The subject ('The woman') and the object ('her left hand') are identical in both sentences, maintaining perfect static preservation.",3.0,The phrase 'lowers her left hand downwards' is a precise directional and temporal antonym of 'lifts her left hand upwards'.,PASS,,"{
  ""static_score"": 3,
  ""static_reason"": ""The subject ('The woman') and the object ('her left hand') are identical in both sentences, maintaining perfect static preservation."",
  ""chiral_score"": 3,
  ""chiral_reason"": ""The phrase 'lowers her left hand downwards' is a precise directional and temporal antonym of 'lifts her left hand upwards'."",
  ""verdict"": ""PASS""
}"
9019,ego4d,The student picks a book from the shelf,The student picks the book from the table with her left hand.,The student puts a book back on the shelf,3.0,"The subject, object, and setting are identical across both sentences, with only necessary prepositional changes to accommodate the direction of the action.",3.0,The actions 'picks from' and 'puts back on' represent a perfect directional and temporal antonym pair.,PASS,,"{
  ""static_score"": 3,
  ""static_reason"": ""The subject, object, and setting are identical across both sentences, with only necessary prepositional changes to accommodate the direction of the action."",
  ""chiral_score"": 3,
  ""chiral_reason"": ""The actions 'picks from' and 'puts back on' represent a perfect directional and temporal antonym pair."",
  ""verdict"": ""PASS""
}"
9020,ego4d,The cook picks the spoon from the pot,The cook picks up the spoon,The cook puts the spoon into the pot,3.0,"The subject (cook), object (spoon), and setting (pot) are verbatim identical in both sentences.",3.0,The actions 'picks from' and 'puts into' constitute a perfect directional and temporal reversal of the same physical process.,PASS,,"{
  ""static_score"": 3,
  ""static_reason"": ""The subject (cook), object (spoon), and setting (pot) are verbatim identical in both sentences."",
  ""chiral_score"": 3,
  ""chiral_reason"": ""The actions 'picks from' and 'puts into' constitute a perfect directional and temporal reversal of the same physical process."",
  ""verdict"": ""PASS""
}"
9021,ego4d,The student raises her hand,The student raises the right hand,The student lowers her hand,3.0,"The subject and object are identical in both sentences, preserving all non-action elements perfectly.",3.0,The verb 'lowers' is the direct directional antonym of 'raises' in this context.,PASS,,"{
  ""static_score"": 3,
  ""static_reason"": ""The subject and object are identical in both sentences, preserving all non-action elements perfectly."",
  ""chiral_score"": 3,
  ""chiral_reason"": ""The verb 'lowers' is the direct directional antonym of 'raises' in this context."",
  ""verdict"": ""PASS""
}"
9022,ego4d,The child picks a cup.,The woman B picks the cup from the table with her right hand.,The child puts a cup down.,3.0,The subject 'The child' and the object 'a cup' are perfectly identical across both sentences with no differences in setting or manner.,3.0,'Picks' (up) and 'puts down' are the definitive temporal and directional antonyms for this physical interaction.,PASS,,"```json
{
  ""static_score"": 3,
  ""static_reason"": ""The subject 'The child' and the object 'a cup' are perfectly identical across both sentences with no differences in setting or manner."",
  ""chiral_score"": 3,
  ""chiral_reason"": ""'Picks' (up) and 'puts down' are the definitive temporal and directional antonyms for this physical interaction."",
  ""verdict"": ""PASS""
}
```"
9023,ego4d,The diner drops the napkin on the dining table with her right hand.,The diner drops the napkin on the dining table with her left hand.,The diner picks up the napkin from the dining table with her right hand.,3.0,"All non-action elements including the subject, object, setting, and instrument are identical between the anchor and hard negative.",3.0,The action 'picks up' is a perfect temporal and directional antonym of 'drops' within the given context.,PASS,,"{
  ""static_score"": 3,
  ""static_reason"": ""All non-action elements including the subject, object, setting, and instrument are identical between the anchor and hard negative."",
  ""chiral_score"": 3,
  ""chiral_reason"": ""The action 'picks up' is a perfect temporal and directional antonym of 'drops' within the given context."",
  ""verdict"": ""PASS""
}"
9024,ego4d,The baker puts the bowl on the table,The baker puts the bowl in the dough,The baker takes the bowl off the table,3.0,"The subject, object, and setting are perfectly identical between the anchor and the hard negative.",3.0,'Takes off' is the precise directional and temporal antonym of 'puts on'.,PASS,,"{
  ""static_score"": 3,
  ""static_reason"": ""The subject, object, and setting are perfectly identical between the anchor and the hard negative."",
  ""chiral_score"": 3,
  ""chiral_reason"": ""'Takes off' is the precise directional and temporal antonym of 'puts on'."",
  ""verdict"": ""PASS""
}"
9025,ego4d,The child drops the bottle on top of the cupboard,The child drops the water bottle,The child picks up the bottle from the cupboard,2.0,"The setting phrase changes from 'on top of the cupboard' to 'from the cupboard', which is a minor variation in spatial detail.",3.0,Drops and picks up are clear directional and temporal antonyms regarding the movement of the object relative to the person and the surface.,PASS,,"{
  ""static_score"": 2,
  ""static_reason"": ""The setting phrase changes from 'on top of the cupboard' to 'from the cupboard', which is a minor variation in spatial detail."",
  ""chiral_score"": 3,
  ""chiral_reason"": ""Drops and picks up are clear directional and temporal antonyms regarding the movement of the object relative to the person and the surface."",
  ""verdict"": ""PASS""
}"
9026,ego4d,The tailor folds the pink cloth in his right hand with his left hand.,The tailor folds cloth with both hands,The tailor unfolds the pink cloth in his right hand with his left hand.,3.0,"The subject, object, and specific manner of handling the cloth are identical between the anchor and the hard negative.",3.0,The verb 'unfolds' is a precise temporal and directional antonym of the anchor's action 'folds'.,PASS,,"```json
{
  ""static_score"": 3,
  ""static_reason"": ""The subject, object, and specific manner of handling the cloth are identical between the anchor and the hard negative."",
  ""chiral_score"": 3,
  ""chiral_reason"": ""The verb 'unfolds' is a precise temporal and directional antonym of the anchor's action 'folds'."",
  ""verdict"": ""PASS""
}
```"
9027,ego4d,The student picks a phone,The student picks a phone from the table,The student puts down a phone,3.0,"The subject and object are identical between the anchor and the hard negative, and neither contains a setting or manner.",2.0,"The verb 'picks' is slightly ambiguous as it can mean 'selects', whereas 'picks up' would be the precise directional antonym to 'puts down'.",PASS,,"```json
{
  ""static_score"": 3,
  ""static_reason"": ""The subject and object are identical between the anchor and the hard negative, and neither contains a setting or manner."",
  ""chiral_score"": 2,
  ""chiral_reason"": ""The verb 'picks' is slightly ambiguous as it can mean 'selects', whereas 'picks up' would be the precise directional antonym to 'puts down'."",
  ""verdict"": ""PASS""
}
```"
9028,ego4d,The carpenter puts the left hand on a wood frame,The man puts his hand on the table,The carpenter takes the left hand off a wood frame,3.0,"All non-action elements including the subject, object, and setting are identical between the anchor and hard negative.",3.0,'Takes off' is a perfect directional and temporal antonym for 'puts on' within this context.,PASS,,"{
  ""static_score"": 3,
  ""static_reason"": ""All non-action elements including the subject, object, and setting are identical between the anchor and hard negative."",
  ""chiral_score"": 3,
  ""chiral_reason"": ""'Takes off' is a perfect directional and temporal antonym for 'puts on' within this context."",
  ""verdict"": ""PASS""
}"
9029,ego4d,The person puts the bottle on the stand,The person puts bottle in the mouth,The person takes the bottle off the stand,3.0,"The subject, object, and the locative setting are perfectly identical between the anchor and the hard negative.",3.0,The action 'takes off' is the direct directional and temporal reversal of the action 'puts on'.,PASS,,"{
  ""static_score"": 3,
  ""static_reason"": ""The subject, object, and the locative setting are perfectly identical between the anchor and the hard negative."",
  ""chiral_score"": 3,
  ""chiral_reason"": ""The action 'takes off' is the direct directional and temporal reversal of the action 'puts on'."",
  ""verdict"": ""PASS""
}"
9030,ego4d,#C C lifts her right hand from the piece of paper on the table,#C C lifts his hand from the lawn mower,#C C places her right hand on the piece of paper on the table,3.0,"The subject, object, and setting are identical in every detail between the anchor and the hard negative.",3.0,Lifting a hand from a surface and placing a hand on a surface are perfect directional and temporal antonyms.,PASS,,"{
  ""static_score"": 3,
  ""static_reason"": ""The subject, object, and setting are identical in every detail between the anchor and the hard negative."",
  ""chiral_score"": 3,
  ""chiral_reason"": ""Lifting a hand from a surface and placing a hand on a surface are perfect directional and temporal antonyms."",
  ""verdict"": ""PASS""
}"
9031,ego4d,The technician drops the cable,The technician drops the cable on the generator,The technician picks up the cable,3.0,The subject and object are exactly identical across both the anchor and the hard negative.,3.0,The action 'picks up' is a direct directional and temporal inverse of 'drops'.,PASS,,"{
  ""static_score"": 3,
  ""static_reason"": ""The subject and object are exactly identical across both the anchor and the hard negative."",
  ""chiral_score"": 3,
  ""chiral_reason"": ""The action 'picks up' is a direct directional and temporal inverse of 'drops'."",
  ""verdict"": ""PASS""
}"
9032,ego4d,The cleaner places her right hand on the cloth roller.,The man Z places his left hand on a card on the table.,The cleaner removes her right hand from the cloth roller.,3.0,"The subject, object, and specific descriptors such as 'right hand' and 'cloth roller' are identical in both sentences.",3.0,'Removes from' is a perfect temporal and directional reversal of the action 'places on'.,PASS,,"```json
{
  ""static_score"": 3,
  ""static_reason"": ""The subject, object, and specific descriptors such as 'right hand' and 'cloth roller' are identical in both sentences."",
  ""chiral_score"": 3,
  ""chiral_reason"": ""'Removes from' is a perfect temporal and directional reversal of the action 'places on'."",
  ""verdict"": ""PASS""
}
```"
9033,ego4d,The woman picks up the bottle from the table.,The woman picks the water bottle from the table with her right hand.,The woman puts down the bottle on the table.,3.0,"The subject, object, and setting are identical across both sentences with only the prepositional change required by the action.",3.0,'Puts down' is the exact directional and temporal antonym of 'picks up' for this specific object and setting.,PASS,,"```json
{
  ""static_score"": 3,
  ""static_reason"": ""The subject, object, and setting are identical across both sentences with only the prepositional change required by the action."",
  ""chiral_score"": 3,
  ""chiral_reason"": ""'Puts down' is the exact directional and temporal antonym of 'picks up' for this specific object and setting."",
  ""verdict"": ""PASS""
}
```"
9034,ego4d,The baker removes his right hand from the pastry brush.,The baker removes hand from the shirt,The baker places his right hand on the pastry brush.,3.0,"The subject, direct object, and prepositional object are identical, ensuring the setting and context remain unchanged.",3.0,'Places on' is the precise directional and temporal antonym of 'removes from' for this interaction.,PASS,,"```json
{
  ""static_score"": 3,
  ""static_reason"": ""The subject, direct object, and prepositional object are identical, ensuring the setting and context remain unchanged."",
  ""chiral_score"": 3,
  ""chiral_reason"": ""'Places on' is the precise directional and temporal antonym of 'removes from' for this interaction."",
  ""verdict"": ""PASS""
}
```"
9035,ego4d,The nurse picks a soap bottle,The patient picks water bottle,The nurse puts down a soap bottle,3.0,The subject 'nurse' and object 'soap bottle' are identical in both the anchor and the hard negative.,3.0,The verbs 'picks' and 'puts down' are direct temporal and directional antonyms representing the start and end of an object interaction.,PASS,,"```json
{
  ""static_score"": 3,
  ""static_reason"": ""The subject 'nurse' and object 'soap bottle' are identical in both the anchor and the hard negative."",
  ""chiral_score"": 3,
  ""chiral_reason"": ""The verbs 'picks' and 'puts down' are direct temporal and directional antonyms representing the start and end of an object interaction."",
  ""verdict"": ""PASS""
}
```"
9036,ego4d,The woman opens door with left hand.,The woman opens the door to get out.,The woman closes door with left hand.,3.0,"The subject, object, and the specific manner of the action are identical between the anchor and the hard negative.",3.0,The verb 'closes' is the perfect temporal and directional antonym of 'opens' in this context.,PASS,,"{
  ""static_score"": 3,
  ""static_reason"": ""The subject, object, and the specific manner of the action are identical between the anchor and the hard negative."",
  ""chiral_score"": 3,
  ""chiral_reason"": ""The verb 'closes' is the perfect temporal and directional antonym of 'opens' in this context."",
  ""verdict"": ""PASS""
}"
9037,ego4d,The waiter drops the bottle on the table with his right hand.,The waiter drops the bottle of oil on the table,The waiter picks up the bottle from the table with his right hand.,3.0,"Subject, object, and manner are identical, while the setting is preserved with a necessary prepositional adjustment for the action reversal.",3.0,The actions 'drops' and 'picks up' represent a clear directional and temporal antonym pair.,PASS,,"{
  ""static_score"": 3,
  ""static_reason"": ""Subject, object, and manner are identical, while the setting is preserved with a necessary prepositional adjustment for the action reversal."",
  ""chiral_score"": 3,
  ""chiral_reason"": ""The actions 'drops' and 'picks up' represent a clear directional and temporal antonym pair."",
  ""verdict"": ""PASS""
}"
9038,ego4d,The **seamstress** folds the piece with her hands,The **seamstress** folds the piece of cloth,The **seamstress** unfolds the piece with her hands,3.0,"The subject, object, and manner are verbatim identical between the anchor and the hard negative.",3.0,The verb 'unfolds' is the precise chiral antonym of 'folds' as it reverses the physical state of the object.,PASS,,"{
  ""static_score"": 3,
  ""static_reason"": ""The subject, object, and manner are verbatim identical between the anchor and the hard negative."",
  ""chiral_score"": 3,
  ""chiral_reason"": ""The verb 'unfolds' is the precise chiral antonym of 'folds' as it reverses the physical state of the object."",
  ""verdict"": ""PASS""
}"
9039,ego4d,The doorman opens door,The doorman opens the door.,The doorman closes door,3.0,"The subject and object are identical, preserving the specific telegraphic phrasing used in the anchor.",3.0,The verb 'closes' is the exact physical and temporal antonym of 'opens'.,PASS,,"{
  ""static_score"": 3,
  ""static_reason"": ""The subject and object are identical, preserving the specific telegraphic phrasing used in the anchor."",
  ""chiral_score"": 3,
  ""chiral_reason"": ""The verb 'closes' is the exact physical and temporal antonym of 'opens'."",
  ""verdict"": ""PASS""
}"
9040,ego4d,The chef puts sauce on the food,The woman puts the sauce on the dough with the spoon in her right hand,The chef takes sauce off the food,3.0,"The subject, object, and the entity the action is performed upon are identical in both sentences.",3.0,The action 'puts on' and its counterpart 'takes off' represent a perfect directional and temporal antonym pair.,PASS,,"{
  ""static_score"": 3,
  ""static_reason"": ""The subject, object, and the entity the action is performed upon are identical in both sentences."",
  ""chiral_score"": 3,
  ""chiral_reason"": ""The action 'puts on' and its counterpart 'takes off' represent a perfect directional and temporal antonym pair."",
  ""verdict"": ""PASS""
}"
9041,ego4d,The driver opens the car door,The driver opens the door of the lower shelf with his left hand,The driver closes the car door,3.0,"The subject and object are verbatim identical between the anchor and the hard negative, satisfying the preservation of all non-action elements.",3.0,The action 'closes' is the exact temporal and directional antonym of 'opens' regarding the state of a door.,PASS,,"{
  ""static_score"": 3,
  ""static_reason"": ""The subject and object are verbatim identical between the anchor and the hard negative, satisfying the preservation of all non-action elements."",
  ""chiral_score"": 3,
  ""chiral_reason"": ""The action 'closes' is the exact temporal and directional antonym of 'opens' regarding the state of a door."",
  ""verdict"": ""PASS""
}"
9042,ego4d,The lady drops the portable bottle of shisha on the table,She drops the bottle in the drawer with her right hand.,The lady picks up the portable bottle of shisha from the table,3.0,"The subject, object, and setting are identical across both sentences, with the preposition change ('on' vs 'from') being a necessary grammatical consequence of the reversed action.",3.0,'Picks up' and 'drops' represent a perfect directional and temporal antonym pair regarding the movement of an object relative to a surface.,PASS,,"{
  ""static_score"": 3,
  ""static_reason"": ""The subject, object, and setting are identical across both sentences, with the preposition change ('on' vs 'from') being a necessary grammatical consequence of the reversed action."",
  ""chiral_score"": 3,
  ""chiral_reason"": ""'Picks up' and 'drops' represent a perfect directional and temporal antonym pair regarding the movement of an object relative to a surface."",
  ""verdict"": ""PASS""
}"
9043,ego4d,The mechanic removes his hand on the travel mug,The mechanic removes her left hand from the pressing table.,The mechanic places his hand on the travel mug,3.0,"The subject, direct object, and prepositional phrase are identical across both sentences.",3.0,'Removes' and 'places' are perfect directional antonyms for the movement of a hand relative to an object.,PASS,,"```json
{
  ""static_score"": 3,
  ""static_reason"": ""The subject, direct object, and prepositional phrase are identical across both sentences."",
  ""chiral_score"": 3,
  ""chiral_reason"": ""'Removes' and 'places' are perfect directional antonyms for the movement of a hand relative to an object."",
  ""verdict"": ""PASS""
}
```"
9044,ego4d,The cook picks up a disposable container from the fridge,The cook picks a plastic container from the cabinet,The cook puts down a disposable container in the fridge,3.0,"The subject, object, and setting are perfectly preserved, with only a grammatically necessary preposition change.",3.0,The actions 'picks up' and 'puts down' represent a perfect pair of directional antonyms.,PASS,,"{
  ""static_score"": 3,
  ""static_reason"": ""The subject, object, and setting are perfectly preserved, with only a grammatically necessary preposition change."",
  ""chiral_score"": 3,
  ""chiral_reason"": ""The actions 'picks up' and 'puts down' represent a perfect pair of directional antonyms."",
  ""verdict"": ""PASS""
}"
9045,ego4d,The mechanic opens the tool box,Lady Z opens the box,The mechanic closes the tool box,3.0,"The subject and object are identical between the anchor and the hard negative, satisfying the preservation criteria perfectly.",3.0,The action 'closes' is the direct temporal and directional antonym of 'opens'.,PASS,,"{
  ""static_score"": 3,
  ""static_reason"": ""The subject and object are identical between the anchor and the hard negative, satisfying the preservation criteria perfectly."",
  ""chiral_score"": 3,
  ""chiral_reason"": ""The action 'closes' is the direct temporal and directional antonym of 'opens'."",
  ""verdict"": ""PASS""
}"
9046,ego4d,The artist puts a hand on a table,The artist puts her hand on the drawing book,The artist takes a hand off a table,3.0,"The subject, object, and setting noun (artist, hand, table) are identical across both sentences.",3.0,The action 'takes off' is a perfect directional and temporal antonym of 'puts on'.,PASS,,"```json
{
  ""static_score"": 3,
  ""static_reason"": ""The subject, object, and setting noun (artist, hand, table) are identical across both sentences."",
  ""chiral_score"": 3,
  ""chiral_reason"": ""The action 'takes off' is a perfect directional and temporal antonym of 'puts on'."",
  ""verdict"": ""PASS""
}
```"
9047,ego4d,The **waiter** picks up the tray from the fence with his hands.,The **waiter** picks a tray,The **waiter** puts down the tray on the fence with his hands.,3.0,"The subject, object, setting, and manner are identical, with the preposition change being a logical necessity for the action reversal.",3.0,The actions 'picks up' and 'puts down' constitute a perfect temporal and directional antonym pair.,PASS,,"{
  ""static_score"": 3,
  ""static_reason"": ""The subject, object, setting, and manner are identical, with the preposition change being a logical necessity for the action reversal."",
  ""chiral_score"": 3,
  ""chiral_reason"": ""The actions 'picks up' and 'puts down' constitute a perfect temporal and directional antonym pair."",
  ""verdict"": ""PASS""
}"
9048,ego4d,The mechanic picks a lid,The mechanic picks the lid on a bench vise on the table with his gloved left hand.,The mechanic puts a lid down,3.0,"The subject and object are identical, and no extraneous setting or manner descriptors are added to the hard negative.",3.0,The action 'puts down' is the direct temporal and directional antonym of the anchor's action 'picks' (up).,PASS,,"{
  ""static_score"": 3,
  ""static_reason"": ""The subject and object are identical, and no extraneous setting or manner descriptors are added to the hard negative."",
  ""chiral_score"": 3,
  ""chiral_reason"": ""The action 'puts down' is the direct temporal and directional antonym of the anchor's action 'picks' (up)."",
  ""verdict"": ""PASS""
}"
9049,ego4d,The diner picks a plate,The diner picks the plate on the kitchen counter with both hands.,The diner puts a plate down,3.0,"The subject (The diner) and the object (a plate) are identical across both sentences, with no additional setting or manner elements introduced.",3.0,The action 'picks' (interpreted as picks up given the context of the positive) and 'puts down' are classic chiral antonyms representing opposing vertical movements.,PASS,,"```json
{
  ""static_score"": 3,
  ""static_reason"": ""The subject (The diner) and the object (a plate) are identical across both sentences, with no additional setting or manner elements introduced."",
  ""chiral_score"": 3,
  ""chiral_reason"": ""The action 'picks' (interpreted as picks up given the context of the positive) and 'puts down' are classic chiral antonyms representing opposing vertical movements."",
  ""verdict"": ""PASS""
}
```"
9050,ego4d,The **housewife** puts knife in the dish washer,The **housewife** puts the knife down,The **housewife** takes knife out of the dish washer,3.0,"The subject, object, and setting are perfectly identical across both sentences.",3.0,The actions 'puts in' and 'takes out' represent a perfect directional and temporal reversal.,PASS,,"{
  ""static_score"": 3,
  ""static_reason"": ""The subject, object, and setting are perfectly identical across both sentences."",
  ""chiral_score"": 3,
  ""chiral_reason"": ""The actions 'puts in' and 'takes out' represent a perfect directional and temporal reversal."",
  ""verdict"": ""PASS""
}"
9051,ego4d,The seamstress picks a scissors on the sewing machine with her right hand,The seamstress picks up the scissors from the machine,The seamstress puts down the scissors on the sewing machine with her right hand,3.0,"The subject, object, setting, and manner are identical across both sentences, with only a negligible change in the article used for the object.",2.0,"While 'puts down' is the clear directional antonym to the intended action, the anchor uses 'picks' without the particle 'up', creating a slight lexical mismatch.",PASS,,"```json
{
  ""static_score"": 3,
  ""static_reason"": ""The subject, object, setting, and manner are identical across both sentences, with only a negligible change in the article used for the object."",
  ""chiral_score"": 2,
  ""chiral_reason"": ""While 'puts down' is the clear directional antonym to the intended action, the anchor uses 'picks' without the particle 'up', creating a slight lexical mismatch."",
  ""verdict"": ""PASS""
}
```"
9052,ego4d,The climber places the left hand on the wall,The climber places right hand on the knee,The climber removes the left hand from the wall,3.0,"The subject (the climber), object (the left hand), and setting (the wall) are perfectly identical across both sentences.",3.0,The action 'removes from' is a precise directional and temporal antonym of 'places on'.,PASS,,"{
  ""static_score"": 3,
  ""static_reason"": ""The subject (the climber), object (the left hand), and setting (the wall) are perfectly identical across both sentences."",
  ""chiral_score"": 3,
  ""chiral_reason"": ""The action 'removes from' is a precise directional and temporal antonym of 'places on'."",
  ""verdict"": ""PASS""
}"
9053,ego4d,The artist removes the cap,The artist removes the cap on the marker pen,The artist puts the cap on,3.0,The subject 'The artist' and the object 'the cap' are identical across both sentences with no additional context or modifiers.,3.0,The actions 'removes' and 'puts on' represent a perfect temporal and directional antonym pair for the specified object.,PASS,,"```json
{
  ""static_score"": 3,
  ""static_reason"": ""The subject 'The artist' and the object 'the cap' are identical across both sentences with no additional context or modifiers."",
  ""chiral_score"": 3,
  ""chiral_reason"": ""The actions 'removes' and 'puts on' represent a perfect temporal and directional antonym pair for the specified object."",
  ""verdict"": ""PASS""
}
```"
9054,ego4d,The hiker puts the water bottle on the kitchen surface,The hiker puts the plastic bottle in the cabinet,The hiker takes the water bottle off the kitchen surface,3.0,"The subject, object, and setting are word-for-word identical between the anchor and the hard negative.",3.0,The actions 'puts on' and 'takes off' represent a classic directional and temporal antonym pair.,PASS,,"{
  ""static_score"": 3,
  ""static_reason"": ""The subject, object, and setting are word-for-word identical between the anchor and the hard negative."",
  ""chiral_score"": 3,
  ""chiral_reason"": ""The actions 'puts on' and 'takes off' represent a classic directional and temporal antonym pair."",
  ""verdict"": ""PASS""
}"
9055,ego4d,The student opens drawer,The student opens drawer with hand,The student closes drawer,3.0,The subject and object are identical across both the anchor and the hard negative.,3.0,The action 'closes' is the direct temporal and directional antonym of 'opens'.,PASS,,"{
  ""static_score"": 3,
  ""static_reason"": ""The subject and object are identical across both the anchor and the hard negative."",
  ""chiral_score"": 3,
  ""chiral_reason"": ""The action 'closes' is the direct temporal and directional antonym of 'opens'."",
  ""verdict"": ""PASS""
}"
9056,ego4d,The climber removes his right hand from the rock on the rock wall.,The tailor removes right hand from the edges of the jacket.,The climber places his right hand on the rock on the rock wall.,3.0,"The subject, object, and complex setting are identical between the anchor and the hard negative.",3.0,The action pair 'removes from' and 'places on' represents a perfect directional and temporal antonym.,PASS,,"{
  ""static_score"": 3,
  ""static_reason"": ""The subject, object, and complex setting are identical between the anchor and the hard negative."",
  ""chiral_score"": 3,
  ""chiral_reason"": ""The action pair 'removes from' and 'places on' represents a perfect directional and temporal antonym."",
  ""verdict"": ""PASS""
}"
9057,ego4d,The carpenter places left hand on the wood,The carpenter withdraws left hand from crotchet,The carpenter removes left hand from the wood,3.0,"The subject (carpenter), object (left hand), and setting (wood) are identical between the anchor and the hard negative.",3.0,The action 'removes from' is a perfect directional and temporal antonym of 'places on'.,PASS,,"```json
{
  ""static_score"": 3,
  ""static_reason"": ""The subject (carpenter), object (left hand), and setting (wood) are identical between the anchor and the hard negative."",
  ""chiral_score"": 3,
  ""chiral_reason"": ""The action 'removes from' is a perfect directional and temporal antonym of 'places on'."",
  ""verdict"": ""PASS""
}
```"
9058,ego4d,The boy removes his hand from the yarn fabric,The mechanic removes right hand from the engine,The boy puts his hand onto the yarn fabric,3.0,"The subject, object, and setting are perfectly identical between the anchor and the hard negative.",3.0,The action 'puts onto' is a precise directional and temporal antonym of 'removes from'.,PASS,,"{
  ""static_score"": 3,
  ""static_reason"": ""The subject, object, and setting are perfectly identical between the anchor and the hard negative."",
  ""chiral_score"": 3,
  ""chiral_reason"": ""The action 'puts onto' is a precise directional and temporal antonym of 'removes from'."",
  ""verdict"": ""PASS""
}"
9059,ego4d,The baker picks a plate of cookies,The baker picks the plate on the sink with her left hand,The baker puts a plate of cookies down,3.0,"The subject and object are perfectly identical between the anchor and the hard negative, with no extraneous descriptive elements added.",2.0,"The verb 'picks' is a slightly ambiguous substitute for 'picks up', making the directional antonym 'puts down' partially less precise.",PASS,,"```json
{
  ""static_score"": 3,
  ""static_reason"": ""The subject and object are perfectly identical between the anchor and the hard negative, with no extraneous descriptive elements added."",
  ""chiral_score"": 2,
  ""chiral_reason"": ""The verb 'picks' is a slightly ambiguous substitute for 'picks up', making the directional antonym 'puts down' partially less precise."",
  ""verdict"": ""PASS""
}
```"
9060,ego4d,The cook drops pan on the fridge with the left hand,The cook drops pan in sink,The cook picks up pan from the fridge with the left hand,3.0,"The subject, object, setting, and specific manner (left hand) are identical between the anchor and the hard negative.",3.0,Picking up and dropping are clear temporal and directional antonyms regarding the possession and movement of the object.,PASS,,"{
  ""static_score"": 3,
  ""static_reason"": ""The subject, object, setting, and specific manner (left hand) are identical between the anchor and the hard negative."",
  ""chiral_score"": 3,
  ""chiral_reason"": ""Picking up and dropping are clear temporal and directional antonyms regarding the possession and movement of the object."",
  ""verdict"": ""PASS""
}"
9061,ego4d,The person picks the iron box,The person picks iron box with the right hand,The person puts the iron box down,3.0,"The subject ('The person') and object ('the iron box') are identical in both sentences, with no differences in setting or manner.",2.0,"While 'picks' and 'puts down' are intended as antonyms, 'picks' is slightly ambiguous without the particle 'up', potentially implying selection rather than a physical lift.",PASS,,"```json
{
  ""static_score"": 3,
  ""static_reason"": ""The subject ('The person') and object ('the iron box') are identical in both sentences, with no differences in setting or manner."",
  ""chiral_score"": 2,
  ""chiral_reason"": ""While 'picks' and 'puts down' are intended as antonyms, 'picks' is slightly ambiguous without the particle 'up', potentially implying selection rather than a physical lift."",
  ""verdict"": ""PASS""
}
```"
9062,ego4d,The builder puts the hand on the brick,The builder puts hand down,The builder takes the hand off the brick,3.0,"The subject, object, and the specific reference point (the brick) are perfectly preserved between the sentences.",3.0,The action 'takes off' is the direct directional and temporal antonym of 'puts on'.,PASS,,"{
  ""static_score"": 3,
  ""static_reason"": ""The subject, object, and the specific reference point (the brick) are perfectly preserved between the sentences."",
  ""chiral_score"": 3,
  ""chiral_reason"": ""The action 'takes off' is the direct directional and temporal antonym of 'puts on'."",
  ""verdict"": ""PASS""
}"
9063,ego4d,The woman closes the bottle,The woman closes a bottle of drink,The woman opens the bottle,3.0,The subject and object noun phrases are perfectly identical in both the anchor and the hard negative.,3.0,The verbs 'opens' and 'closes' constitute a perfect temporal and directional antonym pair.,PASS,,"{
  ""static_score"": 3,
  ""static_reason"": ""The subject and object noun phrases are perfectly identical in both the anchor and the hard negative."",
  ""chiral_score"": 3,
  ""chiral_reason"": ""The verbs 'opens' and 'closes' constitute a perfect temporal and directional antonym pair."",
  ""verdict"": ""PASS""
}"
9064,ego4d,The **carpenter** picks a box of drill bits on the shelf,The **carpenter** picks up the iron box,The **carpenter** puts a box of drill bits on the shelf,3.0,"The subject, object, and setting are identical across both sentences.",3.0,The verbs 'picks' and 'puts' function as directional antonyms in the context of interacting with an object on a shelf.,PASS,,"{
  ""static_score"": 3,
  ""static_reason"": ""The subject, object, and setting are identical across both sentences."",
  ""chiral_score"": 3,
  ""chiral_reason"": ""The verbs 'picks' and 'puts' function as directional antonyms in the context of interacting with an object on a shelf."",
  ""verdict"": ""PASS""
}"
9065,ego4d,The baker closes the container,The baker closes the spice container,The baker opens the container,3.0,The subject and object are identical word-for-word between the anchor and the hard negative.,3.0,The action 'opens' is the perfect temporal and directional antonym of 'closes' as specified in the criteria.,PASS,,"{
  ""static_score"": 3,
  ""static_reason"": ""The subject and object are identical word-for-word between the anchor and the hard negative."",
  ""chiral_score"": 3,
  ""chiral_reason"": ""The action 'opens' is the perfect temporal and directional antonym of 'closes' as specified in the criteria."",
  ""verdict"": ""PASS""
}"
9066,ego4d,The athlete lifts his hand up,The athlete lifts the right hand,The athlete lowers his hand down,3.0,"The subject 'The athlete' and the object 'his hand' are identical across both sentences, perfectly preserving the context.",3.0,'Lifts up' and 'lowers down' are perfect directional antonyms that satisfy the chiral action requirement.,PASS,,"{
  ""static_score"": 3,
  ""static_reason"": ""The subject 'The athlete' and the object 'his hand' are identical across both sentences, perfectly preserving the context."",
  ""chiral_score"": 3,
  ""chiral_reason"": ""'Lifts up' and 'lowers down' are perfect directional antonyms that satisfy the chiral action requirement."",
  ""verdict"": ""PASS""
}"
9067,ego4d,The waiter puts down a glass of water,The waiter puts the glass on the table,The waiter picks up a glass of water,3.0,"The subject and object are identical between the anchor and hard negative, and no setting is specified in either.",3.0,'Picks up' is a perfect directional and temporal antonym for 'puts down'.,PASS,,"{
  ""static_score"": 3,
  ""static_reason"": ""The subject and object are identical between the anchor and hard negative, and no setting is specified in either."",
  ""chiral_score"": 3,
  ""chiral_reason"": ""'Picks up' is a perfect directional and temporal antonym for 'puts down'."",
  ""verdict"": ""PASS""
}"
9068,ego4d,The **plumber** closes tap,The **plumber** closes water tap.,The **plumber** opens tap,3.0,The subject and object are identical between the anchor and the hard negative.,3.0,The verb 'opens' is the direct temporal/directional antonym of 'closes'.,PASS,,"{
  ""static_score"": 3,
  ""static_reason"": ""The subject and object are identical between the anchor and the hard negative."",
  ""chiral_score"": 3,
  ""chiral_reason"": ""The verb 'opens' is the direct temporal/directional antonym of 'closes'."",
  ""verdict"": ""PASS""
}"
9069,ego4d,The pregnant woman places her left hand on her stomach.,The pregnant woman places her left hand on her right hand.,The pregnant woman removes her left hand from her stomach.,3.0,"The subject, object, and body part locations are perfectly preserved between the anchor and the hard negative.",3.0,'Removes from' is the exact temporal and directional antonym of 'places on' for this specific physical interaction.,PASS,,"```json
{
  ""static_score"": 3,
  ""static_reason"": ""The subject, object, and body part locations are perfectly preserved between the anchor and the hard negative."",
  ""chiral_score"": 3,
  ""chiral_reason"": ""'Removes from' is the exact temporal and directional antonym of 'places on' for this specific physical interaction."",
  ""verdict"": ""PASS""
}
```"
9070,ego4d,The man places his left hand on his left knee.,The woman Z places her right hand on the card.,The man removes his left hand from his left knee.,3.0,"The subject, object, and specific body parts (left hand, left knee) are identical between the anchor and the hard negative.",3.0,The action 'removes' is the direct temporal and directional antonym of 'places' within this spatial context.,PASS,,"{
  ""static_score"": 3,
  ""static_reason"": ""The subject, object, and specific body parts (left hand, left knee) are identical between the anchor and the hard negative."",
  ""chiral_score"": 3,
  ""chiral_reason"": ""The action 'removes' is the direct temporal and directional antonym of 'places' within this spatial context."",
  ""verdict"": ""PASS""
}"
9071,ego4d,The person puts the cup on the shelf,The other man puts the cup on the table,The person takes the cup off the shelf,3.0,"The subject, object, and setting are identical between the anchor and the hard negative.",3.0,'Takes off' is the exact directional and temporal antonym of 'puts on' in this context.,PASS,,"```json
{
  ""static_score"": 3,
  ""static_reason"": ""The subject, object, and setting are identical between the anchor and the hard negative."",
  ""chiral_score"": 3,
  ""chiral_reason"": ""'Takes off' is the exact directional and temporal antonym of 'puts on' in this context."",
  ""verdict"": ""PASS""
}
```"
9072,ego4d,The mechanic puts his right hand with the box spanner behind the tyre.,The mechanic puts the hand on the ground.,The mechanic takes his right hand with the box spanner from behind the tyre.,3.0,"The subject, object (right hand with box spanner), and setting (behind the tyre) are identical between the anchor and the hard negative.",3.0,"The action 'puts' is replaced by its direct directional antonym 'takes from', representing a perfect reversal of the motion.",PASS,,"```json
{
  ""static_score"": 3,
  ""static_reason"": ""The subject, object (right hand with box spanner), and setting (behind the tyre) are identical between the anchor and the hard negative."",
  ""chiral_score"": 3,
  ""chiral_reason"": ""The action 'puts' is replaced by its direct directional antonym 'takes from', representing a perfect reversal of the motion."",
  ""verdict"": ""PASS""
}
```"
9073,ego4d,The woman D picks up a bowl of vegetables with her right hand.,The woman D picks up the bowl,The woman D puts down a bowl of vegetables with her right hand.,3.0,"The subject, object, and specific manner ('with her right hand') are perfectly preserved across both sentences.",3.0,'Picks up' and 'puts down' represent a perfect directional and temporal antonym pair for this action.,PASS,,"{
  ""static_score"": 3,
  ""static_reason"": ""The subject, object, and specific manner ('with her right hand') are perfectly preserved across both sentences."",
  ""chiral_score"": 3,
  ""chiral_reason"": ""'Picks up' and 'puts down' represent a perfect directional and temporal antonym pair for this action."",
  ""verdict"": ""PASS""
}"
9074,ego4d,The woman opens a cabinet door with her left hand.,The woman opens an upper cabinet door.,The woman closes a cabinet door with her left hand.,3.0,"The subject, object, and specific manner of performing the action are perfectly identical between the anchor and the hard negative.",3.0,The verb 'closes' is the exact directional and temporal antonym of 'opens' as specified in the criteria.,PASS,,"{
  ""static_score"": 3,
  ""static_reason"": ""The subject, object, and specific manner of performing the action are perfectly identical between the anchor and the hard negative."",
  ""chiral_score"": 3,
  ""chiral_reason"": ""The verb 'closes' is the exact directional and temporal antonym of 'opens' as specified in the criteria."",
  ""verdict"": ""PASS""
}"
9075,ego4d,The tailor puts needle on the clothe,The tailor puts the needle in a sponge,The tailor takes needle off the clothe,3.0,"The subject, object, and setting are word-for-word identical between the anchor and the hard negative, maintaining perfect consistency.",3.0,The phrase 'takes off' is a perfect directional and temporal antonym of 'puts on' in the context of moving an object relative to a surface.,PASS,,"```json
{
  ""static_score"": 3,
  ""static_reason"": ""The subject, object, and setting are word-for-word identical between the anchor and the hard negative, maintaining perfect consistency."",
  ""chiral_score"": 3,
  ""chiral_reason"": ""The phrase 'takes off' is a perfect directional and temporal antonym of 'puts on' in the context of moving an object relative to a surface."",
  ""verdict"": ""PASS""
}
```"
9076,ego4d,The cook closes the cabinet,The cook closes the top kitchen cabinet,The cook opens the cabinet,3.0,"The subject and object are identical between the anchor and hard negative, maintaining perfect static preservation.",3.0,The verb 'opens' is the exact temporal and directional antonym of 'closes'.,PASS,,"{
  ""static_score"": 3,
  ""static_reason"": ""The subject and object are identical between the anchor and hard negative, maintaining perfect static preservation."",
  ""chiral_score"": 3,
  ""chiral_reason"": ""The verb 'opens' is the exact temporal and directional antonym of 'closes'."",
  ""verdict"": ""PASS""
}"
9077,ego4d,The origami artist folds a piece of the paper,The origami artist folds the piece of cloth.,The origami artist unfolds a piece of the paper,3.0,The subject and object are identical across the anchor and hard negative sentences.,3.0,The action 'unfolds' is the direct temporal and directional antonym of 'folds'.,PASS,,"{
  ""static_score"": 3,
  ""static_reason"": ""The subject and object are identical across the anchor and hard negative sentences."",
  ""chiral_score"": 3,
  ""chiral_reason"": ""The action 'unfolds' is the direct temporal and directional antonym of 'folds'."",
  ""verdict"": ""PASS""
}"
9078,ego4d,The seamstress folds the cloth,The seamstress folds the cloth in both hands.,The seamstress unfolds the cloth,3.0,"The subject and object are perfectly identical across both sentences, ensuring complete static preservation.",3.0,The verb 'unfolds' is the precise temporal and directional antonym of 'folds'.,PASS,,"{
  ""static_score"": 3,
  ""static_reason"": ""The subject and object are perfectly identical across both sentences, ensuring complete static preservation."",
  ""chiral_score"": 3,
  ""chiral_reason"": ""The verb 'unfolds' is the precise temporal and directional antonym of 'folds'."",
  ""verdict"": ""PASS""
}"
9079,ego4d,The organizer folds the instruction paper,The customer folds paper,The organizer unfolds the instruction paper,3.0,The subject 'The organizer' and object 'the instruction paper' are identical in both sentences.,3.0,The verb 'unfold' is the direct physical and temporal reversal of the action 'fold'.,PASS,,"{
  ""static_score"": 3,
  ""static_reason"": ""The subject 'The organizer' and object 'the instruction paper' are identical in both sentences."",
  ""chiral_score"": 3,
  ""chiral_reason"": ""The verb 'unfold' is the direct physical and temporal reversal of the action 'fold'."",
  ""verdict"": ""PASS""
}"
9080,ego4d,The cook closes the microwave.,The cook closes the microwave with his left hand,The cook opens the microwave.,3.0,The subject and object are perfectly identical across both sentences with no extraneous information.,3.0,The verb 'opens' is the exact temporal and directional antonym of 'closes'.,PASS,,"{
  ""static_score"": 3,
  ""static_reason"": ""The subject and object are perfectly identical across both sentences with no extraneous information."",
  ""chiral_score"": 3,
  ""chiral_reason"": ""The verb 'opens' is the exact temporal and directional antonym of 'closes'."",
  ""verdict"": ""PASS""
}"
9081,ego4d,The photographer removes a battery from the camera on her head with both hands.,The technician removes the battery of the radio.,The photographer inserts a battery into the camera on her head with both hands.,3.0,"The subject, object, specific equipment, and manner are identical across the anchor and hard negative.",3.0,The action 'inserts' is the precise directional and temporal antonym of 'removes'.,PASS,,"{
  ""static_score"": 3,
  ""static_reason"": ""The subject, object, specific equipment, and manner are identical across the anchor and hard negative."",
  ""chiral_score"": 3,
  ""chiral_reason"": ""The action 'inserts' is the precise directional and temporal antonym of 'removes'."",
  ""verdict"": ""PASS""
}"
9082,ego4d,The bartender puts the bottle in her right hand in a rack on a wall.,The bartender puts down a bottle in a fridge,The bartender takes the bottle from her right hand in a rack on a wall.,2.0,"The object description changes from 'the bottle in her right hand' to 'the bottle from her right hand', altering its state and grammatical role.",1.0,"The phrase 'takes... in a rack' is not a valid directional antonym for 'puts... in a rack', which would require a change in preposition to 'takes from' or 'takes out'.",FAIL,,"```json
{
  ""static_score"": 2,
  ""static_reason"": ""The object description changes from 'the bottle in her right hand' to 'the bottle from her right hand', altering its state and grammatical role."",
  ""chiral_score"": 1,
  ""chiral_reason"": ""The phrase 'takes... in a rack' is not a valid directional antonym for 'puts... in a rack', which would require a change in preposition to 'takes from' or 'takes out'."",
  ""verdict"": ""FAIL""
}
```"
9083,ego4d,The **cook** puts the spoon in cooking pot,The **cook** puts the fork spoon and the knife in the dishwasher.,The **cook** takes the spoon out of cooking pot,3.0,"The subject, object, and setting are identical across both sentences, preserving all non-action elements perfectly.",3.0,The action 'puts in' and its inverse 'takes out' represent a perfect directional and temporal reversal.,PASS,,"```json
{
  ""static_score"": 3,
  ""static_reason"": ""The subject, object, and setting are identical across both sentences, preserving all non-action elements perfectly."",
  ""chiral_score"": 3,
  ""chiral_reason"": ""The action 'puts in' and its inverse 'takes out' represent a perfect directional and temporal reversal."",
  ""verdict"": ""PASS""
}
```"
9084,ego4d,The woman opens a cupboard with her right hand,The man opens a cupboard with his left hand,The woman closes a cupboard with her right hand,3.0,"The subject, object, and the specific manner phrase are identical between the anchor and the hard negative.",3.0,The verbs 'opens' and 'closes' constitute a perfect temporal and directional antonym pair.,PASS,,"{
  ""static_score"": 3,
  ""static_reason"": ""The subject, object, and the specific manner phrase are identical between the anchor and the hard negative."",
  ""chiral_score"": 3,
  ""chiral_reason"": ""The verbs 'opens' and 'closes' constitute a perfect temporal and directional antonym pair."",
  ""verdict"": ""PASS""
}"
9085,ego4d,The woman picks another cloth on the bed with her right hand.,The woman picks another cloth on the hanger.,The woman puts another cloth on the bed with her right hand.,3.0,"The subject, object, setting, and manner are perfectly identical between the anchor and the hard negative.",3.0,The verbs 'picks' and 'puts' represent the primary temporal and directional antonyms for the physical interaction described.,PASS,,"{
  ""static_score"": 3,
  ""static_reason"": ""The subject, object, setting, and manner are perfectly identical between the anchor and the hard negative."",
  ""chiral_score"": 3,
  ""chiral_reason"": ""The verbs 'picks' and 'puts' represent the primary temporal and directional antonyms for the physical interaction described."",
  ""verdict"": ""PASS""
}"
9086,ego4d,The **waiter** picks up the cup with left hand,The **waiter** picks a cup of drink from the table with his right hand.,The **waiter** puts down the cup with left hand,3.0,"The subject, object, and manner are verbatim identical between the anchor and the hard negative.",3.0,The action 'puts down' is the perfect directional and temporal antonym of 'picks up'.,PASS,,"{
  ""static_score"": 3,
  ""static_reason"": ""The subject, object, and manner are verbatim identical between the anchor and the hard negative."",
  ""chiral_score"": 3,
  ""chiral_reason"": ""The action 'puts down' is the perfect directional and temporal antonym of 'picks up'."",
  ""verdict"": ""PASS""
}"
9087,ego4d,The painter climbs on the ladder.,The painter climbs up the ladder,The painter descends from the ladder.,2.0,"While the subject and object are identical, the prepositional change from 'on' to 'from' creates a slight variation in the spatial setting.",3.0,"Climbing and descending are direct directional antonyms, perfectly satisfying the requirement for chiral action.",PASS,,"{
  ""static_score"": 2,
  ""static_reason"": ""While the subject and object are identical, the prepositional change from 'on' to 'from' creates a slight variation in the spatial setting."",
  ""chiral_score"": 3,
  ""chiral_reason"": ""Climbing and descending are direct directional antonyms, perfectly satisfying the requirement for chiral action."",
  ""verdict"": ""PASS""
}"
9088,ego4d,The seamstress picks the scissors from the cabinet.,The seamstress picks up the scissors,The seamstress puts the scissors into the cabinet.,3.0,"The subject, object, and setting (seamstress, scissors, cabinet) are perfectly identical across both sentences.",3.0,The transition from 'picks from' to 'puts into' represents a precise directional and temporal reversal of the action.,PASS,,"{
  ""static_score"": 3,
  ""static_reason"": ""The subject, object, and setting (seamstress, scissors, cabinet) are perfectly identical across both sentences."",
  ""chiral_score"": 3,
  ""chiral_reason"": ""The transition from 'picks from' to 'puts into' represents a precise directional and temporal reversal of the action."",
  ""verdict"": ""PASS""
}"
9089,ego4d,The woman picks up a bowl of carrots and pepper from the table with her right hand,The man A picks the bowl on the counter with his left hand.,The woman puts down a bowl of carrots and pepper on the table with her right hand,3.0,"The subject, object, setting, and manner are perfectly preserved between the anchor and the hard negative.",3.0,The action 'puts down' is the direct directional and temporal antonym of 'picks up.',PASS,,"{
  ""static_score"": 3,
  ""static_reason"": ""The subject, object, setting, and manner are perfectly preserved between the anchor and the hard negative."",
  ""chiral_score"": 3,
  ""chiral_reason"": ""The action 'puts down' is the direct directional and temporal antonym of 'picks up.'"",
  ""verdict"": ""PASS""
}"
9090,ego4d,The plumber opens a cabinet under a wash hand basin.,The plumber opens a cabinet,The plumber closes a cabinet under a wash hand basin.,3.0,"The subject, object, and prepositional setting are perfectly identical in both the anchor and the hard negative.",3.0,The verb 'closes' is a precise temporal and physical antonym of 'opens'.,PASS,,"{
  ""static_score"": 3,
  ""static_reason"": ""The subject, object, and prepositional setting are perfectly identical in both the anchor and the hard negative."",
  ""chiral_score"": 3,
  ""chiral_reason"": ""The verb 'closes' is a precise temporal and physical antonym of 'opens'."",
  ""verdict"": ""PASS""
}"
9091,ego4d,The **employee** enters a room,The **employee** enters a room in the building.,The **employee** exits a room,3.0,The subject 'The employee' and the object 'a room' are perfectly preserved without any modification or addition.,3.0,The verbs 'enters' and 'exits' are direct and perfect directional antonyms for the motion described.,PASS,,"{
  ""static_score"": 3,
  ""static_reason"": ""The subject 'The employee' and the object 'a room' are perfectly preserved without any modification or addition."",
  ""chiral_score"": 3,
  ""chiral_reason"": ""The verbs 'enters' and 'exits' are direct and perfect directional antonyms for the motion described."",
  ""verdict"": ""PASS""
}"
9092,ego4d,The student puts a hand on a book page,The student puts the hand down,The student removes a hand from a book page,3.0,"The subject, object, and setting are identical between the sentences, maintaining perfect contextual consistency.",3.0,The actions 'puts on' and 'removes from' represent a perfect directional and temporal reversal.,PASS,,"{
  ""static_score"": 3,
  ""static_reason"": ""The subject, object, and setting are identical between the sentences, maintaining perfect contextual consistency."",
  ""chiral_score"": 3,
  ""chiral_reason"": ""The actions 'puts on' and 'removes from' represent a perfect directional and temporal reversal."",
  ""verdict"": ""PASS""
}"
9093,ego4d,The student puts a cup on the table,The student puts the cup down,The student takes a cup off the table,3.0,"The subject, object, and setting are identical across both sentences.",3.0,The actions 'puts on' and 'takes off' represent a perfect directional and temporal inversion.,PASS,,"{
  ""static_score"": 3,
  ""static_reason"": ""The subject, object, and setting are identical across both sentences."",
  ""chiral_score"": 3,
  ""chiral_reason"": ""The actions 'puts on' and 'takes off' represent a perfect directional and temporal inversion."",
  ""verdict"": ""PASS""
}"
9094,ego4d,The businessman places his phone on a tin top with right hand,The businessman places phone in pocket,The businessman takes his phone off a tin top with right hand,3.0,"The subject, object, setting (tin top), and manner (right hand) are perfectly identical between the anchor and the hard negative.",3.0,The action 'takes off' is a perfect directional and temporal antonym of 'places on'.,PASS,,"```json
{
  ""static_score"": 3,
  ""static_reason"": ""The subject, object, setting (tin top), and manner (right hand) are perfectly identical between the anchor and the hard negative."",
  ""chiral_score"": 3,
  ""chiral_reason"": ""The action 'takes off' is a perfect directional and temporal antonym of 'places on'."",
  ""verdict"": ""PASS""
}
```"
9095,ego4d,The cleaner picks the sponge,The cleaner picks up a sponge,The cleaner put the sponge down,3.0,"The subject and object are identical in both the anchor and the hard negative, with no extraneous setting or manner details added.",2.0,"While 'put down' is the inverse of 'pick up', the anchor uses the verb 'picks' which is slightly ambiguous and lacks the particle 'up' to form a perfect chiral pair.",PASS,,"```json
{
  ""static_score"": 3,
  ""static_reason"": ""The subject and object are identical in both the anchor and the hard negative, with no extraneous setting or manner details added."",
  ""chiral_score"": 2,
  ""chiral_reason"": ""While 'put down' is the inverse of 'pick up', the anchor uses the verb 'picks' which is slightly ambiguous and lacks the particle 'up' to form a perfect chiral pair."",
  ""verdict"": ""PASS""
}
```"
9096,ego4d,The woman Y picks a knife with her left hand.,The woman Y picks a knife with the right hand,The woman Y puts down the knife with her left hand.,2.0,"The object is near-identical, though the shift from an indefinite article 'a' to a definite article 'the' is a minor discrepancy.",2.0,"The action 'picks' is a functional antonym to 'puts down', but it is linguistically less precise than the phrase 'picks up'.",PASS,,"{
  ""static_score"": 2,
  ""static_reason"": ""The object is near-identical, though the shift from an indefinite article 'a' to a definite article 'the' is a minor discrepancy."",
  ""chiral_score"": 2,
  ""chiral_reason"": ""The action 'picks' is a functional antonym to 'puts down', but it is linguistically less precise than the phrase 'picks up'."",
  ""verdict"": ""PASS""
}"
9097,ego4d,The artist unfolds the portrait art paper on the table,The artist unfolds the paper in her right hand with her left hand.,The artist folds the portrait art paper on the table,3.0,"The subject, object, and setting are verbatim identical between the anchor and the hard negative.",3.0,The verb 'folds' is the direct temporal and directional antonym of the anchor's action 'unfolds'.,PASS,,"{
  ""static_score"": 3,
  ""static_reason"": ""The subject, object, and setting are verbatim identical between the anchor and the hard negative."",
  ""chiral_score"": 3,
  ""chiral_reason"": ""The verb 'folds' is the direct temporal and directional antonym of the anchor's action 'unfolds'."",
  ""verdict"": ""PASS""
}"
9098,ego4d,The cook puts the cooking lid on the counter,The cook puts down a lid on a kitchen counter,The cook takes the cooking lid off the counter,3.0,"The subject, object, and setting are identical word-for-word between the anchor and the hard negative.",3.0,The actions 'puts on' and 'takes off' are perfect temporal and directional antonyms.,PASS,,"{
  ""static_score"": 3,
  ""static_reason"": ""The subject, object, and setting are identical word-for-word between the anchor and the hard negative."",
  ""chiral_score"": 3,
  ""chiral_reason"": ""The actions 'puts on' and 'takes off' are perfect temporal and directional antonyms."",
  ""verdict"": ""PASS""
}"
9099,ego4d,The cleaner drops the cloth in the sink,The cleaner drops the cloth on the table.,The cleaner picks up the cloth from the sink,3.0,"The subject, object, and setting are identical across both sentences, with the prepositional adjustment being a necessary grammatical consequence of the action reversal.",3.0,The actions 'drop' and 'pick up' represent a perfect directional and temporal reversal of the interaction between the agent and the object.,PASS,,"{
  ""static_score"": 3,
  ""static_reason"": ""The subject, object, and setting are identical across both sentences, with the prepositional adjustment being a necessary grammatical consequence of the action reversal."",
  ""chiral_score"": 3,
  ""chiral_reason"": ""The actions 'drop' and 'pick up' represent a perfect directional and temporal reversal of the interaction between the agent and the object."",
  ""verdict"": ""PASS""
}"
9100,ego4d,The gardener grabs tree leaves with right hand,The gardener raises left hand with cloth part,The gardener releases tree leaves with right hand,3.0,"The subject, object, and manner phrase are identical in both sentences, ensuring perfect preservation of static elements.",3.0,The action 'releases' is the direct temporal and physical antonym of 'grabs' in the context of manual manipulation.,PASS,,"```json
{
  ""static_score"": 3,
  ""static_reason"": ""The subject, object, and manner phrase are identical in both sentences, ensuring perfect preservation of static elements."",
  ""chiral_score"": 3,
  ""chiral_reason"": ""The action 'releases' is the direct temporal and physical antonym of 'grabs' in the context of manual manipulation."",
  ""verdict"": ""PASS""
}
```"
9101,ego4d,The maintenance worker opens a storage door.,The maintenance worker opens door,The maintenance worker closes a storage door.,3.0,Subject and object are identical across the anchor and hard negative sentences.,3.0,The action 'closes' is the direct temporal and directional antonym of 'opens'.,PASS,,"{
  ""static_score"": 3,
  ""static_reason"": ""Subject and object are identical across the anchor and hard negative sentences."",
  ""chiral_score"": 3,
  ""chiral_reason"": ""The action 'closes' is the direct temporal and directional antonym of 'opens'."",
  ""verdict"": ""PASS""
}"
9102,ego4d,The girl picks a fork from a floor with her right hand.,The boy picks the fork with his left hand.,The girl puts the fork back on the floor with her right hand.,3.0,"The subject, object, setting, and manner are perfectly preserved, with only minor article changes that do not affect the scene's composition.",3.0,The action 'puts back' is the precise directional and temporal antonym of 'picks up' (expressed here as 'picks') in the context of interacting with an object on the floor.,PASS,,"```json
{
  ""static_score"": 3,
  ""static_reason"": ""The subject, object, setting, and manner are perfectly preserved, with only minor article changes that do not affect the scene's composition."",
  ""chiral_score"": 3,
  ""chiral_reason"": ""The action 'puts back' is the precise directional and temporal antonym of 'picks up' (expressed here as 'picks') in the context of interacting with an object on the floor."",
  ""verdict"": ""PASS""
}
```"
9103,ego4d,The woman picks up the cup of yoghurt,The woman picks cup from the table,The woman puts down the cup of yoghurt,3.0,The subject and object are verbatim identical between the anchor and the hard negative with no other elements introduced.,3.0,"The action 'puts down' is the exact directional and temporal antonym of 'picks up', matching the prompt's explicit examples.",PASS,,"{
  ""static_score"": 3,
  ""static_reason"": ""The subject and object are verbatim identical between the anchor and the hard negative with no other elements introduced."",
  ""chiral_score"": 3,
  ""chiral_reason"": ""The action 'puts down' is the exact directional and temporal antonym of 'picks up', matching the prompt's explicit examples."",
  ""verdict"": ""PASS""
}"
9104,ego4d,The reader closes the magazine book,The reader closes the book on the countertop with her left hand.,The reader opens the magazine book,3.0,The subject and object are identical between the anchor and the hard negative with no variation in modifiers or setting.,3.0,The verb 'opens' is the precise temporal and directional antonym of 'closes'.,PASS,,"{
  ""static_score"": 3,
  ""static_reason"": ""The subject and object are identical between the anchor and the hard negative with no variation in modifiers or setting."",
  ""chiral_score"": 3,
  ""chiral_reason"": ""The verb 'opens' is the precise temporal and directional antonym of 'closes'."",
  ""verdict"": ""PASS""
}"
9105,ego4d,The man opens another door with his left hand.,The woman opens a door with her right hand.,The man closes another door with his left hand.,3.0,"The subject, object, and manner phrase are identical in both sentences, preserving all static elements perfectly.",3.0,The verb 'closes' is the exact temporal and directional antonym of 'opens'.,PASS,,"{
  ""static_score"": 3,
  ""static_reason"": ""The subject, object, and manner phrase are identical in both sentences, preserving all static elements perfectly."",
  ""chiral_score"": 3,
  ""chiral_reason"": ""The verb 'closes' is the exact temporal and directional antonym of 'opens'."",
  ""verdict"": ""PASS""
}"
9106,ego4d,The person unfolds the tissue paper with both hands.,The person unfolds the paper.,The person folds the tissue paper with both hands.,3.0,"The subject, object, and manner ('with both hands') are identical across both the anchor and the hard negative.",3.0,The verb 'folds' is the precise temporal and directional antonym of 'unfolds'.,PASS,,"{
  ""static_score"": 3,
  ""static_reason"": ""The subject, object, and manner ('with both hands') are identical across both the anchor and the hard negative."",
  ""chiral_score"": 3,
  ""chiral_reason"": ""The verb 'folds' is the precise temporal and directional antonym of 'unfolds'."",
  ""verdict"": ""PASS""
}"
9107,ego4d,The woman drops her left hand on the cloth on the table,The woman drops her hand,The woman lifts her left hand off the cloth on the table,3.0,"The subject, object, and environmental nouns (woman, left hand, cloth, table) are identical across both sentences.",3.0,The actions 'drops on' and 'lifts off' are perfect directional and temporal antonyms in this physical context.,PASS,,"{
  ""static_score"": 3,
  ""static_reason"": ""The subject, object, and environmental nouns (woman, left hand, cloth, table) are identical across both sentences."",
  ""chiral_score"": 3,
  ""chiral_reason"": ""The actions 'drops on' and 'lifts off' are perfect directional and temporal antonyms in this physical context."",
  ""verdict"": ""PASS""
}"
9108,ego4d,The gardener uproots weeds from the ground with her right hand.,The gardener uproots weeds from the garden,The gardener plants weeds into the ground with her right hand.,3.0,"The subject, object, and specific instrumental manner are identical, with the setting remains the same location.",3.0,Uprooting and planting are perfect directional antonyms representing the removal and insertion of plants in soil.,PASS,,"{
  ""static_score"": 3,
  ""static_reason"": ""The subject, object, and specific instrumental manner are identical, with the setting remains the same location."",
  ""chiral_score"": 3,
  ""chiral_reason"": ""Uprooting and planting are perfect directional antonyms representing the removal and insertion of plants in soil."",
  ""verdict"": ""PASS""
}"
9109,ego4d,The **student** pushes the drawer,The **student** pushes the drawer in,The **student** pulls the drawer,3.0,The subject and object are perfectly identical between the anchor and the hard negative.,3.0,Pushing and pulling are exact directional antonyms in this context.,PASS,,"{
  ""static_score"": 3,
  ""static_reason"": ""The subject and object are perfectly identical between the anchor and the hard negative."",
  ""chiral_score"": 3,
  ""chiral_reason"": ""Pushing and pulling are exact directional antonyms in this context."",
  ""verdict"": ""PASS""
}"
9110,ego4d,The diner takes food with his right hand.,The diner takes food from the plate with a fork.,The diner puts food down with his right hand.,3.0,"The subject, object, and manner are perfectly preserved across both sentences.",3.0,The action 'puts down' is the direct temporal and directional antonym of 'takes' in this context.,PASS,,"```json
{
  ""static_score"": 3,
  ""static_reason"": ""The subject, object, and manner are perfectly preserved across both sentences."",
  ""chiral_score"": 3,
  ""chiral_reason"": ""The action 'puts down' is the direct temporal and directional antonym of 'takes' in this context."",
  ""verdict"": ""PASS""
}
```"
9111,ego4d,The baker puts the dough down,Aman Y puts the dough on the tray,The baker picks up the dough,3.0,"The subject and object are identical across both sentences, ensuring that only the action changes.",3.0,'Picks up' is the direct directional and temporal antonym of 'puts down'.,PASS,,"{
  ""static_score"": 3,
  ""static_reason"": ""The subject and object are identical across both sentences, ensuring that only the action changes."",
  ""chiral_score"": 3,
  ""chiral_reason"": ""'Picks up' is the direct directional and temporal antonym of 'puts down'."",
  ""verdict"": ""PASS""
}"
9112,ego4d,The hiker puts water bottle in the bag,The hiker puts the bottle on the table,The hiker takes water bottle out of the bag,3.0,"The subject (The hiker), object (water bottle), and setting (the bag) are identical in both sentences.",3.0,The actions 'puts in' and 'takes out' are perfect directional and temporal antonyms.,PASS,,"{
  ""static_score"": 3,
  ""static_reason"": ""The subject (The hiker), object (water bottle), and setting (the bag) are identical in both sentences."",
  ""chiral_score"": 3,
  ""chiral_reason"": ""The actions 'puts in' and 'takes out' are perfect directional and temporal antonyms."",
  ""verdict"": ""PASS""
}"
9113,ego4d,The chef picks the wooden spatula,The woman picks a spatula from the other drawer with her right hand,The chef puts the wooden spatula down,3.0,The subject and object are perfectly identical across both sentences.,3.0,The action 'picks' and 'puts down' form a clear temporal and directional antonym pair.,PASS,,"{
  ""static_score"": 3,
  ""static_reason"": ""The subject and object are perfectly identical across both sentences."",
  ""chiral_score"": 3,
  ""chiral_reason"": ""The action 'picks' and 'puts down' form a clear temporal and directional antonym pair."",
  ""verdict"": ""PASS""
}"
9114,ego4d,The mechanic opens the drawer with right hand,The mechanic opens the big tool box drawer.,The mechanic closes the drawer with right hand,3.0,"The subject, object, and manner of the action are word-for-word identical between the anchor and the hard negative.",3.0,The verb 'closes' is the direct temporal and directional antonym of 'opens'.,PASS,,"```json
{
  ""static_score"": 3,
  ""static_reason"": ""The subject, object, and manner of the action are word-for-word identical between the anchor and the hard negative."",
  ""chiral_score"": 3,
  ""chiral_reason"": ""The verb 'closes' is the direct temporal and directional antonym of 'opens'."",
  ""verdict"": ""PASS""
}
```"
9115,ego4d,The carpenter pushes the drawer away from him,The carpenter pushes the drawer,The carpenter pulls the drawer toward him,3.0,The subject (carpenter) and object (drawer) are identical across both sentences with no changes to the setting.,3.0,Pushes away and pulls toward are perfect directional antonyms representing the inverse of the same action.,PASS,,"{
  ""static_score"": 3,
  ""static_reason"": ""The subject (carpenter) and object (drawer) are identical across both sentences with no changes to the setting."",
  ""chiral_score"": 3,
  ""chiral_reason"": ""Pushes away and pulls toward are perfect directional antonyms representing the inverse of the same action."",
  ""verdict"": ""PASS""
}"
9116,ego4d,The diner lifts the plate from his laps with his left hand.,The cook lifts up the white plate of food from the cooker.,The diner puts the plate onto his laps with his left hand.,3.0,"The subject, object, and manner ('with his left hand') are perfectly preserved, and the location ('laps') remains identical.",3.0,'Lifts from' and 'puts onto' constitute a perfect directional antonym pair for the movement of the object relative to the setting.,PASS,,"```json
{
  ""static_score"": 3,
  ""static_reason"": ""The subject, object, and manner ('with his left hand') are perfectly preserved, and the location ('laps') remains identical."",
  ""chiral_score"": 3,
  ""chiral_reason"": ""'Lifts from' and 'puts onto' constitute a perfect directional antonym pair for the movement of the object relative to the setting."",
  ""verdict"": ""PASS""
}
```"
9117,ego4d,The housekeeper puts the cup in the dish washing machine,The housekeeper puts the cup on the table,The housekeeper takes the cup out of the dish washing machine,3.0,"Subject, object, and the setting are identical between the anchor and the hard negative.",3.0,'Takes out' is the direct temporal and directional antonym of 'puts in'.,PASS,,"{
  ""static_score"": 3,
  ""static_reason"": ""Subject, object, and the setting are identical between the anchor and the hard negative."",
  ""chiral_score"": 3,
  ""chiral_reason"": ""'Takes out' is the direct temporal and directional antonym of 'puts in'."",
  ""verdict"": ""PASS""
}"
9118,ego4d,The barista puts the cup aside,The barista puts cup on the table,The barista takes the cup from aside,3.0,"The subject, object, and locational context are perfectly preserved between the anchor and the hard negative.",3.0,The action 'takes from aside' is the direct directional and temporal antonym of 'puts aside'.,PASS,,"{
  ""static_score"": 3,
  ""static_reason"": ""The subject, object, and locational context are perfectly preserved between the anchor and the hard negative."",
  ""chiral_score"": 3,
  ""chiral_reason"": ""The action 'takes from aside' is the direct directional and temporal antonym of 'puts aside'."",
  ""verdict"": ""PASS""
}"
9119,ego4d,The woman removes her hand inside the box,The woman removes hand from the laptop,The woman puts her hand inside the box,3.0,"The subject, object, and setting are word-for-word identical between the anchor and the hard negative.",3.0,The action 'puts' is the direct directional and temporal antonym of 'removes' in the context of moving a hand relative to a container.,PASS,,"{
  ""static_score"": 3,
  ""static_reason"": ""The subject, object, and setting are word-for-word identical between the anchor and the hard negative."",
  ""chiral_score"": 3,
  ""chiral_reason"": ""The action 'puts' is the direct directional and temporal antonym of 'removes' in the context of moving a hand relative to a container."",
  ""verdict"": ""PASS""
}"
9120,ego4d,The woman picks a container from the top of a shelf with both hands,The woman picks a container of peanut butter from the counter with her left hand,The woman places a container on the top of a shelf with both hands,3.0,"The subject, object, setting, and manner are identical in both the anchor and the hard negative.",3.0,The actions 'picks from' and 'places on' are direct directional and temporal antonyms.,PASS,,"{
  ""static_score"": 3,
  ""static_reason"": ""The subject, object, setting, and manner are identical in both the anchor and the hard negative."",
  ""chiral_score"": 3,
  ""chiral_reason"": ""The actions 'picks from' and 'places on' are direct directional and temporal antonyms."",
  ""verdict"": ""PASS""
}"
9121,ego4d,The occupant opens the drawer,The occupant opens a drawer with his left hand.,The occupant closes the drawer,3.0,The subject 'The occupant' and the object 'the drawer' are perfectly identical between the anchor and the hard negative.,3.0,"The action 'closes' is the direct temporal antonym of 'opens', perfectly satisfying the chiral action criteria.",PASS,,"{
  ""static_score"": 3,
  ""static_reason"": ""The subject 'The occupant' and the object 'the drawer' are perfectly identical between the anchor and the hard negative."",
  ""chiral_score"": 3,
  ""chiral_reason"": ""The action 'closes' is the direct temporal antonym of 'opens', perfectly satisfying the chiral action criteria."",
  ""verdict"": ""PASS""
}"
9122,ego4d,The student puts the book in the shelf,The student puts book away,The student takes the book out of the shelf,3.0,"The subject, object, and setting (the shelf) are perfectly identical across both sentences.",3.0,The verb phrase 'takes out' is the exact directional and temporal antonym of 'puts in'.,PASS,,"{
  ""static_score"": 3,
  ""static_reason"": ""The subject, object, and setting (the shelf) are perfectly identical across both sentences."",
  ""chiral_score"": 3,
  ""chiral_reason"": ""The verb phrase 'takes out' is the exact directional and temporal antonym of 'puts in'."",
  ""verdict"": ""PASS""
}"
9123,ego4d,#C C removes her left hand from her right leg.,#C C removes his right hand from the engine oil cap.,#C C puts her left hand on her right leg.,3.0,"The subject and all specific body parts (left hand, right leg) are identical between the anchor and the hard negative.",3.0,The action 'puts on' is the direct directional and temporal antonym of 'removes from'.,PASS,,"{
  ""static_score"": 3,
  ""static_reason"": ""The subject and all specific body parts (left hand, right leg) are identical between the anchor and the hard negative."",
  ""chiral_score"": 3,
  ""chiral_reason"": ""The action 'puts on' is the direct directional and temporal antonym of 'removes from'."",
  ""verdict"": ""PASS""
}"
9124,ego4d,The surgeon drops the scissors in her right hand on a stool.,The surgeon drops the scissors on the sack,The surgeon picks up the scissors in her right hand from a stool.,3.0,"The subject, object with its specific modifier, and the stool setting are perfectly preserved.",3.0,The actions 'drops' and 'picks up' are clear temporal and directional antonyms in this context.,PASS,,"{
  ""static_score"": 3,
  ""static_reason"": ""The subject, object with its specific modifier, and the stool setting are perfectly preserved."",
  ""chiral_score"": 3,
  ""chiral_reason"": ""The actions 'drops' and 'picks up' are clear temporal and directional antonyms in this context."",
  ""verdict"": ""PASS""
}"
9125,ego4d,The technician screws the screw into the laptop with the screw driver in his right hand.,The technician screws in the screw with the screwdriver in his right hand.,The technician unscrews the screw from the laptop with the screw driver in his right hand.,3.0,"All subjects, objects, and specific contextual details like the screwdriver and right-hand usage are perfectly preserved.",3.0,The verbs 'screws' and 'unscrews' represent a perfect directional and temporal antonym pair for this physical action.,PASS,,"{
  ""static_score"": 3,
  ""static_reason"": ""All subjects, objects, and specific contextual details like the screwdriver and right-hand usage are perfectly preserved."",
  ""chiral_score"": 3,
  ""chiral_reason"": ""The verbs 'screws' and 'unscrews' represent a perfect directional and temporal antonym pair for this physical action."",
  ""verdict"": ""PASS""
}"
9126,ego4d,The knitter pulls the yarn with her right hand,The knitter pulls the blue yarn with her left hand,The knitter lets go of the yarn with her right hand,3.0,"The subject, object, and manner of the action ('with her right hand') are perfectly preserved from the anchor sentence.",3.0,The action 'lets go of' is a clear temporal and functional antonym of 'pulls' in the context of physical object manipulation.,PASS,,"```json
{
  ""static_score"": 3,
  ""static_reason"": ""The subject, object, and manner of the action ('with her right hand') are perfectly preserved from the anchor sentence."",
  ""chiral_score"": 3,
  ""chiral_reason"": ""The action 'lets go of' is a clear temporal and functional antonym of 'pulls' in the context of physical object manipulation."",
  ""verdict"": ""PASS""
}
```"
9127,ego4d,The diner takes food from the plate on the table with the fork in his right hand.,The diner takes his food from the counter,The diner puts food onto the plate on the table with the fork in his right hand.,3.0,"The subject, object, setting, and instrument are identical in both sentences, preserving all non-action elements perfectly.",3.0,The verbs 'takes from' and 'puts onto' constitute a precise directional and temporal reversal of the same activity.,PASS,,"{
  ""static_score"": 3,
  ""static_reason"": ""The subject, object, setting, and instrument are identical in both sentences, preserving all non-action elements perfectly."",
  ""chiral_score"": 3,
  ""chiral_reason"": ""The verbs 'takes from' and 'puts onto' constitute a precise directional and temporal reversal of the same activity."",
  ""verdict"": ""PASS""
}"
9128,ego4d,The student picks a cup from the kitchen table,The student picks up the cup,The student puts a cup on the kitchen table,3.0,"The subject (student), object (cup), and setting (kitchen table) are identical in both the anchor and the hard negative.",3.0,The actions 'picks from' and 'puts on' represent a perfect directional and temporal inversion of the same physical interaction.,PASS,,"```json
{
  ""static_score"": 3,
  ""static_reason"": ""The subject (student), object (cup), and setting (kitchen table) are identical in both the anchor and the hard negative."",
  ""chiral_score"": 3,
  ""chiral_reason"": ""The actions 'picks from' and 'puts on' represent a perfect directional and temporal inversion of the same physical interaction."",
  ""verdict"": ""PASS""
}
```"
9129,ego4d,The woman removes her left hand from the novel.,The woman removes her hand,The woman puts her left hand into the novel.,3.0,"The subject, object, and setting are identical across both sentences.",3.0,The actions 'removes from' and 'puts into' represent a perfect directional and temporal inversion.,PASS,,"{
  ""static_score"": 3,
  ""static_reason"": ""The subject, object, and setting are identical across both sentences."",
  ""chiral_score"": 3,
  ""chiral_reason"": ""The actions 'removes from' and 'puts into' represent a perfect directional and temporal inversion."",
  ""verdict"": ""PASS""
}"
9130,ego4d,The server picks a tray from the table.,The server picks a paint palette tray from the table with her right hand.,The server puts a tray on the table.,3.0,"The subject, object, and setting are identical between the anchor and the hard negative.",3.0,The action 'picks from' and its inverse 'puts on' constitute a perfect directional and temporal antonym pair.,PASS,,"{
  ""static_score"": 3,
  ""static_reason"": ""The subject, object, and setting are identical between the anchor and the hard negative."",
  ""chiral_score"": 3,
  ""chiral_reason"": ""The action 'picks from' and its inverse 'puts on' constitute a perfect directional and temporal antonym pair."",
  ""verdict"": ""PASS""
}"
9131,ego4d,The mechanic opens engine oil bottle,The mechanic opens bottle,The mechanic closes engine oil bottle,3.0,"The subject and object are identical word-for-word, ensuring perfect static preservation.",3.0,The action 'closes' is the precise temporal and directional antonym of 'opens' as defined in the criteria.,PASS,,"{
  ""static_score"": 3,
  ""static_reason"": ""The subject and object are identical word-for-word, ensuring perfect static preservation."",
  ""chiral_score"": 3,
  ""chiral_reason"": ""The action 'closes' is the precise temporal and directional antonym of 'opens' as defined in the criteria."",
  ""verdict"": ""PASS""
}"
9132,ego4d,The weaver picks the needle on the warp with his left hand.,The weaver picks the needle on the craft,The weaver places the needle on the warp with his left hand.,3.0,"The subject, object, setting, and manner are identical in both sentences, preserving all non-action elements perfectly.",3.0,'Picks' and 'places' function as direct chiral antonyms representing the opposing directional movements of the needle.,PASS,,"{
  ""static_score"": 3,
  ""static_reason"": ""The subject, object, setting, and manner are identical in both sentences, preserving all non-action elements perfectly."",
  ""chiral_score"": 3,
  ""chiral_reason"": ""'Picks' and 'places' function as direct chiral antonyms representing the opposing directional movements of the needle."",
  ""verdict"": ""PASS""
}"
9133,ego4d,**The worker** picks the paper tape from the table,**The worker** picks a retractable tape from the floor with left hand.,**The worker** places the paper tape on the table,3.0,"The subject, object, and setting are identical across the anchor and hard negative sentences.",3.0,The actions 'picks' and 'places' are clear directional antonyms in the context of interacting with an object on a surface.,PASS,,"{
  ""static_score"": 3,
  ""static_reason"": ""The subject, object, and setting are identical across the anchor and hard negative sentences."",
  ""chiral_score"": 3,
  ""chiral_reason"": ""The actions 'picks' and 'places' are clear directional antonyms in the context of interacting with an object on a surface."",
  ""verdict"": ""PASS""
}"
9134,ego4d,The person opens a fridge door,The man opens the white car door with his left hand.,The person closes a fridge door,3.0,"The subject and object are identical between the anchor and the hard negative, preserving all non-action elements perfectly.",3.0,The verb 'closes' is the direct temporal and directional antonym of 'opens'.,PASS,,"{
  ""static_score"": 3,
  ""static_reason"": ""The subject and object are identical between the anchor and the hard negative, preserving all non-action elements perfectly."",
  ""chiral_score"": 3,
  ""chiral_reason"": ""The verb 'closes' is the direct temporal and directional antonym of 'opens'."",
  ""verdict"": ""PASS""
}"
9135,ego4d,The waiter picks a wine bottle from the table with his right hand.,The waiter picks the bottle.,The waiter places a wine bottle on the table with his right hand.,3.0,"The subject, object, and specific manner (right hand) are identical, and the setting (table) is preserved with only necessary prepositional adjustments.",3.0,The verbs 'picks from' and 'places on' represent a perfect directional and temporal reversal of the physical action.,PASS,,"{
  ""static_score"": 3,
  ""static_reason"": ""The subject, object, and specific manner (right hand) are identical, and the setting (table) is preserved with only necessary prepositional adjustments."",
  ""chiral_score"": 3,
  ""chiral_reason"": ""The verbs 'picks from' and 'places on' represent a perfect directional and temporal reversal of the physical action."",
  ""verdict"": ""PASS""
}"
9136,ego4d,The diner puts the knife down,The diner puts the knife down on the table,The diner picks up the knife,3.0,The subject and object are perfectly identical between the anchor and the hard negative with no extraneous modifiers.,3.0,'Picks up' and 'puts down' constitute a perfect temporal and directional antonym pair.,PASS,,"{
  ""static_score"": 3,
  ""static_reason"": ""The subject and object are perfectly identical between the anchor and the hard negative with no extraneous modifiers."",
  ""chiral_score"": 3,
  ""chiral_reason"": ""'Picks up' and 'puts down' constitute a perfect temporal and directional antonym pair."",
  ""verdict"": ""PASS""
}"
9137,ego4d,The carpenter picks up a screw from the work bench with his left hand.,The carpenter picks the screw with the left hand,The carpenter puts down a screw on the work bench with his left hand.,3.0,"All non-action elements including the subject, object, manner, and setting are identical between the anchor and the hard negative.",3.0,The verbs 'picks up' and 'puts down' constitute a perfect temporal and directional antonym pair.,PASS,,"{
  ""static_score"": 3,
  ""static_reason"": ""All non-action elements including the subject, object, manner, and setting are identical between the anchor and the hard negative."",
  ""chiral_score"": 3,
  ""chiral_reason"": ""The verbs 'picks up' and 'puts down' constitute a perfect temporal and directional antonym pair."",
  ""verdict"": ""PASS""
}"
9138,ego4d,The customer opens a drawer with his left hand.,The cashier woman K opens cash register drawer,The customer closes a drawer with his left hand.,3.0,"The subject, object, and adverbial manner phrase are word-for-word identical between the anchor and the hard negative.",3.0,The action 'closes' is the precise temporal and directional antonym of 'opens'.,PASS,,"{
  ""static_score"": 3,
  ""static_reason"": ""The subject, object, and adverbial manner phrase are word-for-word identical between the anchor and the hard negative."",
  ""chiral_score"": 3,
  ""chiral_reason"": ""The action 'closes' is the precise temporal and directional antonym of 'opens'."",
  ""verdict"": ""PASS""
}"
9139,ego4d,The man lifts his hand,The woman A lifts her left hand from the spoon on the paper towel.,The man lowers his hand,3.0,The subject and object are identical between the anchor and the hard negative with no extraneous differences.,3.0,The verbs 'lifts' and 'lowers' represent a perfect directional antonym pair.,PASS,,"{
  ""static_score"": 3,
  ""static_reason"": ""The subject and object are identical between the anchor and the hard negative with no extraneous differences."",
  ""chiral_score"": 3,
  ""chiral_reason"": ""The verbs 'lifts' and 'lowers' represent a perfect directional antonym pair."",
  ""verdict"": ""PASS""
}"
9140,ego4d,The artist takes her hand off the canvas board.,The rider takes his left hand off the left handle of the motorcycle,The artist puts her hand on the canvas board.,3.0,"The subject, object, and setting are identical word-for-word between the anchor and the hard negative.",3.0,The actions 'takes off' and 'puts on' are perfect directional and temporal antonyms in this context.,PASS,,"{
  ""static_score"": 3,
  ""static_reason"": ""The subject, object, and setting are identical word-for-word between the anchor and the hard negative."",
  ""chiral_score"": 3,
  ""chiral_reason"": ""The actions 'takes off' and 'puts on' are perfect directional and temporal antonyms in this context."",
  ""verdict"": ""PASS""
}"
9141,ego4d,The athlete takes his left hand towards his face.,The trainer takes his right hand off his right leg,The athlete moves his left hand away from his face.,3.0,"The subject, object, and setting landmark ('his face') are perfectly identical between the anchor and the negative.",2.0,"The direction is a clear antonym (towards vs. away from), but the verb 'takes' is replaced by the synonym 'moves', which is a minor lexical change.",PASS,,"{
  ""static_score"": 3,
  ""static_reason"": ""The subject, object, and setting landmark ('his face') are perfectly identical between the anchor and the negative."",
  ""chiral_score"": 2,
  ""chiral_reason"": ""The direction is a clear antonym (towards vs. away from), but the verb 'takes' is replaced by the synonym 'moves', which is a minor lexical change."",
  ""verdict"": ""PASS""
}"
9142,ego4d,The woman opens a fridge,The woman opens a fridge with her right hand,The woman closes a fridge,3.0,The subject and object are identical between the anchor and the hard negative.,3.0,The verb 'closes' is the perfect temporal and directional antonym of the anchor's action 'opens'.,PASS,,"{
  ""static_score"": 3,
  ""static_reason"": ""The subject and object are identical between the anchor and the hard negative."",
  ""chiral_score"": 3,
  ""chiral_reason"": ""The verb 'closes' is the perfect temporal and directional antonym of the anchor's action 'opens'."",
  ""verdict"": ""PASS""
}"
9143,ego4d,The mechanic closes the tool box,The mechanic closes the box,The mechanic opens the tool box,3.0,The subject 'The mechanic' and the object 'the tool box' are identical across both sentences.,3.0,'Opens' is the direct temporal and directional antonym of 'closes'.,PASS,,"{
  ""static_score"": 3,
  ""static_reason"": ""The subject 'The mechanic' and the object 'the tool box' are identical across both sentences."",
  ""chiral_score"": 3,
  ""chiral_reason"": ""'Opens' is the direct temporal and directional antonym of 'closes'."",
  ""verdict"": ""PASS""
}"
9144,ego4d,The **plumber** opens a water tap,The **plumber** opens tap,The **plumber** closes a water tap,3.0,The subject and object are identical in both the anchor and the hard negative.,3.0,The action 'closes' is the direct temporal and directional antonym of 'opens'.,PASS,,"{
  ""static_score"": 3,
  ""static_reason"": ""The subject and object are identical in both the anchor and the hard negative."",
  ""chiral_score"": 3,
  ""chiral_reason"": ""The action 'closes' is the direct temporal and directional antonym of 'opens'."",
  ""verdict"": ""PASS""
}"
9145,ego4d,The housekeeper puts iron box on the table,The housekeeper puts box of tomato inside the fridge,The housekeeper takes iron box off the table,3.0,"The subject (housekeeper), object (iron box), and setting (table) are perfectly identical between the anchor and the negative.",3.0,The verb phrases 'puts on' and 'takes off' constitute a perfect directional and temporal reversal of the action.,PASS,,"```json
{
  ""static_score"": 3,
  ""static_reason"": ""The subject (housekeeper), object (iron box), and setting (table) are perfectly identical between the anchor and the negative."",
  ""chiral_score"": 3,
  ""chiral_reason"": ""The verb phrases 'puts on' and 'takes off' constitute a perfect directional and temporal reversal of the action."",
  ""verdict"": ""PASS""
}
```"
9146,ego4d,The mechanic removes his right hand from the engine of the vehicle,The mechanic removes her left hand from the conical flask in the booth.,The mechanic places his right hand into the engine of the vehicle,3.0,"The subject, object, and setting are word-for-word identical between the anchor and the hard negative.",3.0,'Places into' is a perfect directional and temporal antonym for 'removes from'.,PASS,,"```json
{
  ""static_score"": 3,
  ""static_reason"": ""The subject, object, and setting are word-for-word identical between the anchor and the hard negative."",
  ""chiral_score"": 3,
  ""chiral_reason"": ""'Places into' is a perfect directional and temporal antonym for 'removes from'."",
  ""verdict"": ""PASS""
}
```"
9147,ego4d,The carpenter places his left hand onto the wooden structure.,The carpenter places her right hand on some bamboo stripes on the floor.,The carpenter removes his left hand from the wooden structure.,3.0,"The subject, object, and setting are identical across both sentences, perfectly preserving the static context.",3.0,The action 'removes from' is a precise directional and temporal antonym to 'places onto'.,PASS,,"```json
{
  ""static_score"": 3,
  ""static_reason"": ""The subject, object, and setting are identical across both sentences, perfectly preserving the static context."",
  ""chiral_score"": 3,
  ""chiral_reason"": ""The action 'removes from' is a precise directional and temporal antonym to 'places onto'."",
  ""verdict"": ""PASS""
}
```"
9148,ego4d,The gardener puts container in the bucket,The gardener puts container in paper,The gardener takes container out of the bucket,3.0,"The subject, object, and setting remain perfectly identical across both sentences.",3.0,The action 'takes out of' is the direct directional and temporal inverse of 'puts in'.,PASS,,"{
  ""static_score"": 3,
  ""static_reason"": ""The subject, object, and setting remain perfectly identical across both sentences."",
  ""chiral_score"": 3,
  ""chiral_reason"": ""The action 'takes out of' is the direct directional and temporal inverse of 'puts in'."",
  ""verdict"": ""PASS""
}"
9149,ego4d,The tailor unfolds the piece of cloth,The tailor Unfolds a piece of sellotape with his hands,The tailor folds the piece of cloth,3.0,The subject and object are identical across the anchor and hard negative sentences.,3.0,The actions 'unfolds' and 'folds' are perfect directional antonyms.,PASS,,"{
  ""static_score"": 3,
  ""static_reason"": ""The subject and object are identical across the anchor and hard negative sentences."",
  ""chiral_score"": 3,
  ""chiral_reason"": ""The actions 'unfolds' and 'folds' are perfect directional antonyms."",
  ""verdict"": ""PASS""
}"
9150,ego4d,The customer picks up a second container.,The customer picks a container,The customer puts down a second container.,3.0,The subject and object are identical word-for-word between the anchor and the hard negative.,3.0,The actions 'picks up' and 'puts down' represent a perfect directional and temporal antonym pair.,PASS,,"{
  ""static_score"": 3,
  ""static_reason"": ""The subject and object are identical word-for-word between the anchor and the hard negative."",
  ""chiral_score"": 3,
  ""chiral_reason"": ""The actions 'picks up' and 'puts down' represent a perfect directional and temporal antonym pair."",
  ""verdict"": ""PASS""
}"
9151,ego4d,The cleaner puts the cloth down.,The cleaner puts cloth on the table,The cleaner picks up the cloth.,3.0,"The subject and object are identical in both sentences, and no additional setting or manner modifiers are present to cause divergence.",3.0,The phrases 'puts down' and 'picks up' are textbook directional and temporal antonyms of one another.,PASS,,"{
  ""static_score"": 3,
  ""static_reason"": ""The subject and object are identical in both sentences, and no additional setting or manner modifiers are present to cause divergence."",
  ""chiral_score"": 3,
  ""chiral_reason"": ""The phrases 'puts down' and 'picks up' are textbook directional and temporal antonyms of one another."",
  ""verdict"": ""PASS""
}"
9152,ego4d,The origami artist folds the paper,The origami artist folds nylon paper on cooking fat,The origami artist unfolds the paper,3.0,"The subject and object are identical between the anchor and hard negative, with no additional modifiers or setting changes.",3.0,"The action 'unfolds' is the direct temporal and directional inverse of 'folds', representing a perfect chiral pair.",PASS,,"```json
{
  ""static_score"": 3,
  ""static_reason"": ""The subject and object are identical between the anchor and hard negative, with no additional modifiers or setting changes."",
  ""chiral_score"": 3,
  ""chiral_reason"": ""The action 'unfolds' is the direct temporal and directional inverse of 'folds', representing a perfect chiral pair."",
  ""verdict"": ""PASS""
}
```"
9153,ego4d,The carpenter takes his right hand off the wood.,The carpenter takes his left hand off the sack.,The carpenter puts his right hand on the wood.,3.0,"The subject, object, and setting are identical between the anchor and the hard negative.",3.0,The actions 'takes off' and 'puts on' are perfect directional and temporal antonyms.,PASS,,"{
  ""static_score"": 3,
  ""static_reason"": ""The subject, object, and setting are identical between the anchor and the hard negative."",
  ""chiral_score"": 3,
  ""chiral_reason"": ""The actions 'takes off' and 'puts on' are perfect directional and temporal antonyms."",
  ""verdict"": ""PASS""
}"
9154,ego4d,The delivery person closes the package box,The delivery person closes tool box,The delivery person opens the package box,3.0,The subject and object are perfectly identical between the anchor and the hard negative.,3.0,The verb 'opens' is the exact directional and temporal antonym of 'closes'.,PASS,,"{
  ""static_score"": 3,
  ""static_reason"": ""The subject and object are perfectly identical between the anchor and the hard negative."",
  ""chiral_score"": 3,
  ""chiral_reason"": ""The verb 'opens' is the exact directional and temporal antonym of 'closes'."",
  ""verdict"": ""PASS""
}"
9155,ego4d,The man picks a glass of water from the table with his right hand.,The man picks the glass with the drink,The man places a glass of water on the table with his right hand.,3.0,"The subject, object, setting, and manner are identical between the anchor and the hard negative.",3.0,The actions 'picks from' and 'places on' represent a perfect directional and temporal inversion.,PASS,,"{
  ""static_score"": 3,
  ""static_reason"": ""The subject, object, setting, and manner are identical between the anchor and the hard negative."",
  ""chiral_score"": 3,
  ""chiral_reason"": ""The actions 'picks from' and 'places on' represent a perfect directional and temporal inversion."",
  ""verdict"": ""PASS""
}"
9156,ego4d,**The waiter** puts a glass of juice on the table,**The waiter** puts down the glass of water.,**The waiter** takes a glass of juice off the table,3.0,"The subject, object, and setting are identical between the anchor and the hard negative.",3.0,The actions 'puts on' and 'takes off' represent a perfect directional inversion.,PASS,,"{
  ""static_score"": 3,
  ""static_reason"": ""The subject, object, and setting are identical between the anchor and the hard negative."",
  ""chiral_score"": 3,
  ""chiral_reason"": ""The actions 'puts on' and 'takes off' represent a perfect directional inversion."",
  ""verdict"": ""PASS""
}"
9157,ego4d,The operator removes hand from the shelf,The operator removes his left hand from the line of the spool,The operator places hand on the shelf,3.0,"The subject, object, and setting are perfectly identical between the anchor and the hard negative.",3.0,The actions 'removes from' and 'places on' represent a perfect directional and temporal inversion.,PASS,,"{
  ""static_score"": 3,
  ""static_reason"": ""The subject, object, and setting are perfectly identical between the anchor and the hard negative."",
  ""chiral_score"": 3,
  ""chiral_reason"": ""The actions 'removes from' and 'places on' represent a perfect directional and temporal inversion."",
  ""verdict"": ""PASS""
}"
9158,ego4d,The mechanic puts the hand wrench on the ground.,The mechanic puts hand down,The mechanic picks up the hand wrench from the ground.,3.0,"The subject, object, and setting are perfectly preserved, with the preposition change being a grammatical requirement of the verb transition.",3.0,Picking up and putting down are fundamental directional and temporal antonyms of the same physical interaction.,PASS,,"{
  ""static_score"": 3,
  ""static_reason"": ""The subject, object, and setting are perfectly preserved, with the preposition change being a grammatical requirement of the verb transition."",
  ""chiral_score"": 3,
  ""chiral_reason"": ""Picking up and putting down are fundamental directional and temporal antonyms of the same physical interaction."",
  ""verdict"": ""PASS""
}"
9159,ego4d,The **plumber** turns on the tap,The **plumber** turns off tap with hand,The **plumber** turns off the tap,3.0,The subject and object are identical between the anchor and the hard negative with no extraneous elements.,3.0,'Turns off' is the exact temporal and functional antonym of 'turns on' for a tap.,PASS,,"{
  ""static_score"": 3,
  ""static_reason"": ""The subject and object are identical between the anchor and the hard negative with no extraneous elements."",
  ""chiral_score"": 3,
  ""chiral_reason"": ""'Turns off' is the exact temporal and functional antonym of 'turns on' for a tap."",
  ""verdict"": ""PASS""
}"
9160,ego4d,The knitter removes a hand from the table,The knitter removes her left hand from the yarn,The knitter places a hand on the table,3.0,"The subject, object, and setting are word-for-word identical between the anchor and the hard negative.",3.0,The verbs 'removes' and 'places' function as perfect directional antonyms within the spatial context of the table.,PASS,,"{
  ""static_score"": 3,
  ""static_reason"": ""The subject, object, and setting are word-for-word identical between the anchor and the hard negative."",
  ""chiral_score"": 3,
  ""chiral_reason"": ""The verbs 'removes' and 'places' function as perfect directional antonyms within the spatial context of the table."",
  ""verdict"": ""PASS""
}"
9161,ego4d,The artist puts his hand down,The artist puts the hand on the drawing,The artist raises his hand,3.0,The subject 'The artist' and the object 'his hand' are identical in both the anchor and the hard negative.,2.0,"The actions 'puts down' and 'raises' are directional antonyms, though 'lowers' or 'picks up' would be more precise lexical matches.",PASS,,"{
  ""static_score"": 3,
  ""static_reason"": ""The subject 'The artist' and the object 'his hand' are identical in both the anchor and the hard negative."",
  ""chiral_score"": 2,
  ""chiral_reason"": ""The actions 'puts down' and 'raises' are directional antonyms, though 'lowers' or 'picks up' would be more precise lexical matches."",
  ""verdict"": ""PASS""
}"
9162,ego4d,The baker puts the dough and baked dough from the flat pan into the metallic bowl.,The baker puts dough on wooden roller,The baker takes the dough and baked dough from the metallic bowl and places it into the flat pan.,3.0,"The subject, compound object, and specific containers are identical in both sentences.",3.0,The action describes a perfect directional reversal of the objects between the pan and the bowl.,PASS,,"```json
{
  ""static_score"": 3,
  ""static_reason"": ""The subject, compound object, and specific containers are identical in both sentences."",
  ""chiral_score"": 3,
  ""chiral_reason"": ""The action describes a perfect directional reversal of the objects between the pan and the bowl."",
  ""verdict"": ""PASS""
}
```"
9163,ego4d,The construction worker removes the mold box from the brick,The construction worker removes a box from the fridge,The construction worker places the mold box onto the brick,3.0,"The subject, object, and the physical setting (brick) are identical across both sentences with no drift in modifiers.",3.0,The action 'places onto' is the direct directional and temporal antonym of 'removes from' for this context.,PASS,,"{
  ""static_score"": 3,
  ""static_reason"": ""The subject, object, and the physical setting (brick) are identical across both sentences with no drift in modifiers."",
  ""chiral_score"": 3,
  ""chiral_reason"": ""The action 'places onto' is the direct directional and temporal antonym of 'removes from' for this context."",
  ""verdict"": ""PASS""
}"
9164,ego4d,The woman drops the bottle in her hands on the table.,The woman drops the bottle of soda on the table with her left hand.,The woman picks up the bottle from the table in her hands.,3.0,"The subject (woman), object (bottle), and all setting components (hands, table) are identical between the anchor and the hard negative.",3.0,The actions 'drops' and 'picks up' are perfect directional and temporal antonyms regarding the movement of the object between the hands and the table.,PASS,,"```json
{
  ""static_score"": 3,
  ""static_reason"": ""The subject (woman), object (bottle), and all setting components (hands, table) are identical between the anchor and the hard negative."",
  ""chiral_score"": 3,
  ""chiral_reason"": ""The actions 'drops' and 'picks up' are perfect directional and temporal antonyms regarding the movement of the object between the hands and the table."",
  ""verdict"": ""PASS""
}
```"
9165,ego4d,The courier takes the box,The courier takes the iron box,The courier puts the box down,3.0,The subject 'courier' and object 'box' are identical in both sentences with no additional modifiers or changes in setting.,3.0,The action 'puts down' is the direct temporal and directional antonym of 'takes' in the context of object interaction.,PASS,,"{
  ""static_score"": 3,
  ""static_reason"": ""The subject 'courier' and object 'box' are identical in both sentences with no additional modifiers or changes in setting."",
  ""chiral_score"": 3,
  ""chiral_reason"": ""The action 'puts down' is the direct temporal and directional antonym of 'takes' in the context of object interaction."",
  ""verdict"": ""PASS""
}"
9166,ego4d,The customer opens the box,The customer opens a wallet box,The customer closes the box,3.0,The subject and object are verbatim identical between the anchor and the hard negative.,3.0,The action 'closes' is the precise temporal and directional antonym of 'opens'.,PASS,,"{
  ""static_score"": 3,
  ""static_reason"": ""The subject and object are verbatim identical between the anchor and the hard negative."",
  ""chiral_score"": 3,
  ""chiral_reason"": ""The action 'closes' is the precise temporal and directional antonym of 'opens'."",
  ""verdict"": ""PASS""
}"
9167,ego4d,The knitter pulls the yarn with her left hand.,The knitter pulls at yarn with her left hand,The knitter lets the yarn go with her left hand.,3.0,"The subject, object, and prepositional phrase 'with her left hand' are perfectly preserved between the anchor and the hard negative.",2.0,"While 'lets go' is a functional reversal of the physical tension in 'pulls', the direct directional antonym of pull is push.",PASS,,"{
  ""static_score"": 3,
  ""static_reason"": ""The subject, object, and prepositional phrase 'with her left hand' are perfectly preserved between the anchor and the hard negative."",
  ""chiral_score"": 2,
  ""chiral_reason"": ""While 'lets go' is a functional reversal of the physical tension in 'pulls', the direct directional antonym of pull is push."",
  ""verdict"": ""PASS""
}"
9168,ego4d,The carpenter lifts her right hand from the plywood,The carpenter lifts her left hand from the piece of paper,The carpenter places her right hand on the plywood,3.0,"The subject, object, and setting are verbatim identical between the anchor and the hard negative.",3.0,The actions 'lifts from' and 'places on' represent a perfect directional and temporal reversal of the same physical motion.,PASS,,"{
  ""static_score"": 3,
  ""static_reason"": ""The subject, object, and setting are verbatim identical between the anchor and the hard negative."",
  ""chiral_score"": 3,
  ""chiral_reason"": ""The actions 'lifts from' and 'places on' represent a perfect directional and temporal reversal of the same physical motion."",
  ""verdict"": ""PASS""
}"
9169,ego4d,The tailor drops scissors on the table,The tailor drops the scissors on the table,The tailor picks up scissors from the table,3.0,"The subject, object, and setting entities are identical, with only the prepositional direction changing to accommodate the verb.",3.0,Picking up is the direct temporal and directional antonym of dropping an object.,PASS,,"{
  ""static_score"": 3,
  ""static_reason"": ""The subject, object, and setting entities are identical, with only the prepositional direction changing to accommodate the verb."",
  ""chiral_score"": 3,
  ""chiral_reason"": ""Picking up is the direct temporal and directional antonym of dropping an object."",
  ""verdict"": ""PASS""
}"
9170,ego4d,The woman picks a long broom against the wall of the house with her right hand.,The woman picks up the broom,The woman puts a long broom against the wall of the house with her right hand.,3.0,"All non-action components, including the subject, object, setting, and the specific manner of the action, are perfectly identical across both sentences.",3.0,The verb 'picks' and 'puts' represent a clear directional and temporal reversal of the action involving the broom and the wall.,PASS,,"```json
{
  ""static_score"": 3,
  ""static_reason"": ""All non-action components, including the subject, object, setting, and the specific manner of the action, are perfectly identical across both sentences."",
  ""chiral_score"": 3,
  ""chiral_reason"": ""The verb 'picks' and 'puts' represent a clear directional and temporal reversal of the action involving the broom and the wall."",
  ""verdict"": ""PASS""
}
```"
9171,ego4d,The woman D picks the cup of juice from the table with her left hand.,The woman D picks a cup,The woman D puts the cup of juice on the table with her left hand.,3.0,"The subject, object, setting, and manner are identical across both sentences, perfectly preserving the static context.",3.0,The actions 'picks from' and 'puts on' represent a perfect directional and temporal antonym pair.,PASS,,"{
  ""static_score"": 3,
  ""static_reason"": ""The subject, object, setting, and manner are identical across both sentences, perfectly preserving the static context."",
  ""chiral_score"": 3,
  ""chiral_reason"": ""The actions 'picks from' and 'puts on' represent a perfect directional and temporal antonym pair."",
  ""verdict"": ""PASS""
}"
9172,ego4d,The child drops the bottle on the cabinet,The man Z drops the bottle on water on the table with his left hand.,The child picks up the bottle from the cabinet,3.0,"The subject, object, and setting are identical between the anchor and hard negative, with the preposition 'from' being a necessary grammatical adjustment for the reversed action.",3.0,The verb 'picks up' is the direct directional and temporal antonym of 'drops' in the context of object manipulation.,PASS,,"{
  ""static_score"": 3,
  ""static_reason"": ""The subject, object, and setting are identical between the anchor and hard negative, with the preposition 'from' being a necessary grammatical adjustment for the reversed action."",
  ""chiral_score"": 3,
  ""chiral_reason"": ""The verb 'picks up' is the direct directional and temporal antonym of 'drops' in the context of object manipulation."",
  ""verdict"": ""PASS""
}"
9173,ego4d,The shopper picks the plastic bag,The shopper picks up the paper bag,The shopper puts the plastic bag down,3.0,The subject 'The shopper' and the object 'the plastic bag' are perfectly identical between the anchor and the hard negative.,2.0,"While 'puts down' is the directional antonym of 'picks up', the anchor's use of 'picks' without the particle 'up' is lexically imprecise and technically denotes selection rather than lifting.",PASS,,"```json
{
  ""static_score"": 3,
  ""static_reason"": ""The subject 'The shopper' and the object 'the plastic bag' are perfectly identical between the anchor and the hard negative."",
  ""chiral_score"": 2,
  ""chiral_reason"": ""While 'puts down' is the directional antonym of 'picks up', the anchor's use of 'picks' without the particle 'up' is lexically imprecise and technically denotes selection rather than lifting."",
  ""verdict"": ""PASS""
}
```"
9174,ego4d,The baker puts the flat bread in a pan,The baker puts the bread in the plate,The baker takes the flat bread out of a pan,3.0,"The subject, object, and setting are identical between the anchor and the hard negative.",3.0,The actions 'puts in' and 'takes out of' represent a perfect directional and temporal antonym pair.,PASS,,"{
  ""static_score"": 3,
  ""static_reason"": ""The subject, object, and setting are identical between the anchor and the hard negative."",
  ""chiral_score"": 3,
  ""chiral_reason"": ""The actions 'puts in' and 'takes out of' represent a perfect directional and temporal antonym pair."",
  ""verdict"": ""PASS""
}"
9175,ego4d,The carpenter puts his right hand on the ruler,The carpenter puts his right hand on his right leg.,The carpenter takes his right hand off the ruler,3.0,"The subject, specific body part, and object are perfectly identical between the anchor and the negative.",3.0,The action 'takes off' is the precise directional and physical inverse of 'puts on' regarding the contact between the hand and the ruler.,PASS,,"{
  ""static_score"": 3,
  ""static_reason"": ""The subject, specific body part, and object are perfectly identical between the anchor and the negative."",
  ""chiral_score"": 3,
  ""chiral_reason"": ""The action 'takes off' is the precise directional and physical inverse of 'puts on' regarding the contact between the hand and the ruler."",
  ""verdict"": ""PASS""
}"
9176,ego4d,The cook picks a potato from the plate on the tray on the gas cooker with the fork in her right hand.,The cook man T picks potato crepes,The cook places a potato on the plate on the tray on the gas cooker with the fork in her right hand.,3.0,"The subject, object, setting, and manner are identical, with only the prepositional adjustment 'from' to 'on' necessitated by the action change.",3.0,The verbs 'picks' and 'places' are perfect directional antonyms representing the removal versus the placement of the object.,PASS,,"{
  ""static_score"": 3,
  ""static_reason"": ""The subject, object, setting, and manner are identical, with only the prepositional adjustment 'from' to 'on' necessitated by the action change."",
  ""chiral_score"": 3,
  ""chiral_reason"": ""The verbs 'picks' and 'places' are perfect directional antonyms representing the removal versus the placement of the object."",
  ""verdict"": ""PASS""
}"
9177,ego4d,The woman removes the box lid from the table with her left hand.,She removes the lid of the marker pen.,The woman places the box lid on the table with her left hand.,3.0,"The subject, object, setting, and manner are identical across both sentences, maintaining perfect consistency in non-action elements.",3.0,The actions 'removes from' and 'places on' represent a perfect directional and temporal inverse for handling an object on a surface.,PASS,,"{
  ""static_score"": 3,
  ""static_reason"": ""The subject, object, setting, and manner are identical across both sentences, maintaining perfect consistency in non-action elements."",
  ""chiral_score"": 3,
  ""chiral_reason"": ""The actions 'removes from' and 'places on' represent a perfect directional and temporal inverse for handling an object on a surface."",
  ""verdict"": ""PASS""
}"
9178,ego4d,The businessman picks a phone from his pant pocket with his left hand.,The businessman picks up the phone from the table.,The businessman puts a phone into his pant pocket with his left hand.,3.0,"The subject, object, and specific mannerisms like the use of the left hand and the pant pocket location are perfectly preserved.",3.0,The actions 'picks from' and 'puts into' represent a perfect directional and temporal inversion of the same movement.,PASS,,"```json
{
  ""static_score"": 3,
  ""static_reason"": ""The subject, object, and specific mannerisms like the use of the left hand and the pant pocket location are perfectly preserved."",
  ""chiral_score"": 3,
  ""chiral_reason"": ""The actions 'picks from' and 'puts into' represent a perfect directional and temporal inversion of the same movement."",
  ""verdict"": ""PASS""
}
```"
9179,ego4d,The lady picks a glass on the table with the right hand,The lady picks up a glass of water from the table with her right hand.,The lady puts a glass on the table with the right hand,3.0,"The subject, object, setting, and manner are identical word-for-word between the anchor and the hard negative.",3.0,The verbs 'picks' and 'puts' function as clear directional antonyms (taking from vs. placing onto) within this physical context.,PASS,,"```json
{
  ""static_score"": 3,
  ""static_reason"": ""The subject, object, setting, and manner are identical word-for-word between the anchor and the hard negative."",
  ""chiral_score"": 3,
  ""chiral_reason"": ""The verbs 'picks' and 'puts' function as clear directional antonyms (taking from vs. placing onto) within this physical context."",
  ""verdict"": ""PASS""
}
```"
9180,ego4d,The potter picks the clay pot from the floor with both hands.,The potter picks clay pot from the table,The potter puts the clay pot on the floor with both hands.,3.0,"All non-action elements, including the subject, object, setting, and manner, are lexically identical between the anchor and the hard negative.",3.0,The verbs 'picks' and 'puts' constitute a clear directional and temporal antonym pair within the context of interacting with an object on the floor.,PASS,,"```json
{
  ""static_score"": 3,
  ""static_reason"": ""All non-action elements, including the subject, object, setting, and manner, are lexically identical between the anchor and the hard negative."",
  ""chiral_score"": 3,
  ""chiral_reason"": ""The verbs 'picks' and 'puts' constitute a clear directional and temporal antonym pair within the context of interacting with an object on the floor."",
  ""verdict"": ""PASS""
}
```"
9181,ego4d,The delivery person puts away the box,The customer puts box on the table,The delivery person takes out the box,3.0,The subject and object are identical between the anchor and the hard negative.,3.0,'Puts away' and 'takes out' are direct temporal and directional antonyms representing the reversal of the same action.,PASS,,"{
  ""static_score"": 3,
  ""static_reason"": ""The subject and object are identical between the anchor and the hard negative."",
  ""chiral_score"": 3,
  ""chiral_reason"": ""'Puts away' and 'takes out' are direct temporal and directional antonyms representing the reversal of the same action."",
  ""verdict"": ""PASS""
}"
9182,ego4d,The occupant opens the door,The customer opens a door,The occupant closes the door,3.0,The subject 'occupant' and object 'door' are identical across the anchor and hard negative sentences.,3.0,'Closes' is the direct temporal and directional antonym of the action 'opens'.,PASS,,"{
  ""static_score"": 3,
  ""static_reason"": ""The subject 'occupant' and object 'door' are identical across the anchor and hard negative sentences."",
  ""chiral_score"": 3,
  ""chiral_reason"": ""'Closes' is the direct temporal and directional antonym of the action 'opens'."",
  ""verdict"": ""PASS""
}"
9183,ego4d,The lady drops the bottle on the table with her right hand.,She drops the bottle on a table with her left hand.,The lady picks up the bottle from the table with her right hand.,3.0,"The subject, object, setting, and specific manner (right hand) are identical across both sentences.",3.0,Picking up an object is the direct temporal and directional antonym of dropping/placing it onto a surface.,PASS,,"{
  ""static_score"": 3,
  ""static_reason"": ""The subject, object, setting, and specific manner (right hand) are identical across both sentences."",
  ""chiral_score"": 3,
  ""chiral_reason"": ""Picking up an object is the direct temporal and directional antonym of dropping/placing it onto a surface."",
  ""verdict"": ""PASS""
}"
9184,ego4d,The lady picks the bag from the floor with her left hand.,The lady picks the polythene bag,The lady puts the bag on the floor with her left hand.,3.0,"The subject, object, and specific manner (left hand) are identical across both sentences.",3.0,The actions 'picks' and 'puts' represent a perfect directional and temporal antonym pair in the context of interacting with the floor.,PASS,,"```json
{
  ""static_score"": 3,
  ""static_reason"": ""The subject, object, and specific manner (left hand) are identical across both sentences."",
  ""chiral_score"": 3,
  ""chiral_reason"": ""The actions 'picks' and 'puts' represent a perfect directional and temporal antonym pair in the context of interacting with the floor."",
  ""verdict"": ""PASS""
}
```"
9185,ego4d,The mechanic closes the tool box,The man X closes the box with his right hand,The mechanic opens the tool box,3.0,The subject and object are verbatim identical between the anchor and the hard negative.,3.0,The verbs 'closes' and 'opens' represent a perfect temporal and directional antonym pair.,PASS,,"{
  ""static_score"": 3,
  ""static_reason"": ""The subject and object are verbatim identical between the anchor and the hard negative."",
  ""chiral_score"": 3,
  ""chiral_reason"": ""The verbs 'closes' and 'opens' represent a perfect temporal and directional antonym pair."",
  ""verdict"": ""PASS""
}"
9186,ego4d,The knitter lifts the crochet cloth,The knitter lifts the cloth,The knitter lowers the crochet cloth,3.0,The subject and object are identical in both the anchor and the hard negative.,3.0,Lifts and lowers are perfect directional antonyms that describe opposite vertical movements.,PASS,,"{
  ""static_score"": 3,
  ""static_reason"": ""The subject and object are identical in both the anchor and the hard negative."",
  ""chiral_score"": 3,
  ""chiral_reason"": ""Lifts and lowers are perfect directional antonyms that describe opposite vertical movements."",
  ""verdict"": ""PASS""
}"
9187,ego4d,The athlete lifts the hand up,The athlete lifts his right hand,The athlete lowers the hand down,3.0,The subject and object are identical between the anchor and the hard negative with no variation in setting or manner.,3.0,Lifting up and lowering down represent a perfect directional antonym pair for the action.,PASS,,"{
  ""static_score"": 3,
  ""static_reason"": ""The subject and object are identical between the anchor and the hard negative with no variation in setting or manner."",
  ""chiral_score"": 3,
  ""chiral_reason"": ""Lifting up and lowering down represent a perfect directional antonym pair for the action."",
  ""verdict"": ""PASS""
}"
9188,ego4d,The mechanic places his right hand on the table,The mechanic places his left hand on the metal frame on the floor.,The mechanic removes his right hand from the table,3.0,"The subject, object, and setting are identical across both sentences, with only the prepositional adjustment required by the verb change.",3.0,'Removes' is a direct temporal and directional antonym of 'places' within the context of interacting with a surface.,PASS,,"{
  ""static_score"": 3,
  ""static_reason"": ""The subject, object, and setting are identical across both sentences, with only the prepositional adjustment required by the verb change."",
  ""chiral_score"": 3,
  ""chiral_reason"": ""'Removes' is a direct temporal and directional antonym of 'places' within the context of interacting with a surface."",
  ""verdict"": ""PASS""
}"
9189,ego4d,The diner drops the spoon in her left hand on the plate.,She drops the spoon.,The diner picks up the spoon in her left hand from the plate.,3.0,"The subject, object, and setting elements are identical, with only the preposition adjusted to accommodate the directional change of the action.",3.0,Dropping an object onto a surface and picking it up from that surface are clear directional and temporal antonyms.,PASS,,"{
  ""static_score"": 3,
  ""static_reason"": ""The subject, object, and setting elements are identical, with only the preposition adjusted to accommodate the directional change of the action."",
  ""chiral_score"": 3,
  ""chiral_reason"": ""Dropping an object onto a surface and picking it up from that surface are clear directional and temporal antonyms."",
  ""verdict"": ""PASS""
}"
9190,ego4d,The mechanic tightens the bolt on the rim,The mechanic tightens the bolt on the windscreen with a screwdriver with both gloved hands.,The mechanic loosens the bolt on the rim,3.0,"The subject, object, and setting are identical between the anchor and the hard negative.",3.0,The action 'loosens' is the direct temporal and directional antonym of 'tightens'.,PASS,,"{
  ""static_score"": 3,
  ""static_reason"": ""The subject, object, and setting are identical between the anchor and the hard negative."",
  ""chiral_score"": 3,
  ""chiral_reason"": ""The action 'loosens' is the direct temporal and directional antonym of 'tightens'."",
  ""verdict"": ""PASS""
}"
9191,ego4d,The **housekeeper** puts towel in the drawer,The **housekeeper** Puts a hand towel in a rim,The **housekeeper** takes towel out of the drawer,3.0,"The subject, object, and location noun are identical between the anchor and hard negative, maintaining perfect static preservation.",3.0,The actions 'puts in' and 'takes out' represent a perfect directional and temporal antonym pair.,PASS,,"{
  ""static_score"": 3,
  ""static_reason"": ""The subject, object, and location noun are identical between the anchor and hard negative, maintaining perfect static preservation."",
  ""chiral_score"": 3,
  ""chiral_reason"": ""The actions 'puts in' and 'takes out' represent a perfect directional and temporal antonym pair."",
  ""verdict"": ""PASS""
}"
9192,ego4d,The student puts the hand on the book,The student puts his hand on the mouth,The student takes the hand off the book,3.0,"The subject, object, and the entity defining the setting (the student, the hand, the book) are identical in both sentences.",3.0,'Takes off' is the precise directional and temporal antonym of 'puts on' for this specific context.,PASS,,"```json
{
  ""static_score"": 3,
  ""static_reason"": ""The subject, object, and the entity defining the setting (the student, the hand, the book) are identical in both sentences."",
  ""chiral_score"": 3,
  ""chiral_reason"": ""'Takes off' is the precise directional and temporal antonym of 'puts on' for this specific context."",
  ""verdict"": ""PASS""
}
```"
9193,ego4d,The customer opens the door with his right hand.,The customer opens a store door,The customer closes the door with his right hand.,3.0,"All non-action components including the subject, object, and manner of movement are identical.",3.0,The action 'closes' is the perfect temporal and directional antonym of 'opens'.,PASS,,"{
  ""static_score"": 3,
  ""static_reason"": ""All non-action components including the subject, object, and manner of movement are identical."",
  ""chiral_score"": 3,
  ""chiral_reason"": ""The action 'closes' is the perfect temporal and directional antonym of 'opens'."",
  ""verdict"": ""PASS""
}"
9194,ego4d,The diner puts the spoon on the plate,The diner puts the spoon in the spoon rack,The diner takes the spoon off the plate,3.0,"The subject, object, and the plate as the reference setting are identical across both sentences.",3.0,The action 'takes off' is a perfect directional and temporal antonym of 'puts on'.,PASS,,"{
  ""static_score"": 3,
  ""static_reason"": ""The subject, object, and the plate as the reference setting are identical across both sentences."",
  ""chiral_score"": 3,
  ""chiral_reason"": ""The action 'takes off' is a perfect directional and temporal antonym of 'puts on'."",
  ""verdict"": ""PASS""
}"
9195,ego4d,The tailor removes left hand from the edge of the jacket.,The tailor withdraws left hand from the decor papers,The tailor places left hand on the edge of the jacket.,3.0,"The subject, object, and spatial setting are identical between the anchor and the hard negative.",3.0,'Places on' is a direct directional and temporal antonym of 'removes from' in this context.,PASS,,"{
  ""static_score"": 3,
  ""static_reason"": ""The subject, object, and spatial setting are identical between the anchor and the hard negative."",
  ""chiral_score"": 3,
  ""chiral_reason"": ""'Places on' is a direct directional and temporal antonym of 'removes from' in this context."",
  ""verdict"": ""PASS""
}"
9196,ego4d,The gardener uproots the weeds with her hand,The gardener uproots the weeds,The gardener plants the weeds with her hand,3.0,"The subject, object, and adverbial phrase 'with her hand' are identical in both sentences.",3.0,The actions 'uproots' and 'plants' are direct directional antonyms representing the removal and insertion of vegetation.,PASS,,"{
  ""static_score"": 3,
  ""static_reason"": ""The subject, object, and adverbial phrase 'with her hand' are identical in both sentences."",
  ""chiral_score"": 3,
  ""chiral_reason"": ""The actions 'uproots' and 'plants' are direct directional antonyms representing the removal and insertion of vegetation."",
  ""verdict"": ""PASS""
}"
9197,ego4d,The resident closes the door,The man B closes the door with his right hand.,The resident opens the door,3.0,The subject and object are identical between the anchor and the hard negative.,3.0,The actions 'opens' and 'closes' represent a perfect chiral pair and temporal antonyms.,PASS,,"{
  ""static_score"": 3,
  ""static_reason"": ""The subject and object are identical between the anchor and the hard negative."",
  ""chiral_score"": 3,
  ""chiral_reason"": ""The actions 'opens' and 'closes' represent a perfect chiral pair and temporal antonyms."",
  ""verdict"": ""PASS""
}"
9198,ego4d,The scientist opens the tool box.,The scientist opens the microcentrifuge tube box with his right hand.,The scientist closes the tool box.,3.0,The subject and object are identical across the anchor and hard negative with no extraneous descriptors.,3.0,The action 'closes' is the direct temporal and directional antonym of 'opens'.,PASS,,"{
  ""static_score"": 3,
  ""static_reason"": ""The subject and object are identical across the anchor and hard negative with no extraneous descriptors."",
  ""chiral_score"": 3,
  ""chiral_reason"": ""The action 'closes' is the direct temporal and directional antonym of 'opens'."",
  ""verdict"": ""PASS""
}"
9199,ego4d,The housekeeper puts the kettle on a gas cooker,The housekeeper puts the electric kettle on the table,The housekeeper takes the kettle off a gas cooker,3.0,"The subject, object, and setting are verbatim identical across both sentences, ensuring perfect static preservation.",3.0,The phrase 'takes off' is the direct temporal and directional antonym of 'puts on' in this context.,PASS,,"{
  ""static_score"": 3,
  ""static_reason"": ""The subject, object, and setting are verbatim identical across both sentences, ensuring perfect static preservation."",
  ""chiral_score"": 3,
  ""chiral_reason"": ""The phrase 'takes off' is the direct temporal and directional antonym of 'puts on' in this context."",
  ""verdict"": ""PASS""
}"
9200,ego4d,The cook covers the pot,The cook covers pot with plate,The cook uncovers the pot,3.0,The subject 'The cook' and the object 'the pot' are perfectly identical across both sentences.,3.0,'Uncovers' is the direct morphological and directional antonym of 'covers'.,PASS,,"{
  ""static_score"": 3,
  ""static_reason"": ""The subject 'The cook' and the object 'the pot' are perfectly identical across both sentences."",
  ""chiral_score"": 3,
  ""chiral_reason"": ""'Uncovers' is the direct morphological and directional antonym of 'covers'."",
  ""verdict"": ""PASS""
}"
9201,ego4d,The seamstress inserts the hand sewing needle in the material,The seamstress inserts the needle,The seamstress removes the hand sewing needle from the material,3.0,"The subject, object, and setting entities are identical, with only the prepositional change necessitated by the verb's direction.",3.0,The verb 'removes' is a perfect directional antonym for 'inserts' in the context of the material.,PASS,,"{
  ""static_score"": 3,
  ""static_reason"": ""The subject, object, and setting entities are identical, with only the prepositional change necessitated by the verb's direction."",
  ""chiral_score"": 3,
  ""chiral_reason"": ""The verb 'removes' is a perfect directional antonym for 'inserts' in the context of the material."",
  ""verdict"": ""PASS""
}"
9202,ego4d,The waiter drops the flat spoon on the food tray with his right hand.,The waiter drops the spoon in the plate,The waiter picks up the flat spoon from the food tray with his right hand.,3.0,"The subject, object, and specific modifiers like 'flat' and 'with his right hand' are perfectly preserved across both sentences.",3.0,The actions 'drops' and 'picks up' represent a perfect directional and temporal reversal of the physical interaction.,PASS,,"{
  ""static_score"": 3,
  ""static_reason"": ""The subject, object, and specific modifiers like 'flat' and 'with his right hand' are perfectly preserved across both sentences."",
  ""chiral_score"": 3,
  ""chiral_reason"": ""The actions 'drops' and 'picks up' represent a perfect directional and temporal reversal of the physical interaction."",
  ""verdict"": ""PASS""
}"
9203,ego4d,The woman opens a cabinet door with her right hand.,A woman opens the car door,The woman closes a cabinet door with her right hand.,3.0,"All non-action elements, including the subject, object, and specific manner of the action, are identical.",3.0,The verb 'closes' is the direct temporal and directional antonym of the anchor's action 'opens'.,PASS,,"{
  ""static_score"": 3,
  ""static_reason"": ""All non-action elements, including the subject, object, and specific manner of the action, are identical."",
  ""chiral_score"": 3,
  ""chiral_reason"": ""The verb 'closes' is the direct temporal and directional antonym of the anchor's action 'opens'."",
  ""verdict"": ""PASS""
}"
9204,ego4d,The cook picks a bowl of salt from the plastic storage,The cook picks the bowl,The cook puts a bowl of salt into the plastic storage,3.0,"The subject, object, and setting are identical across both sentences, maintaining perfect consistency in non-action elements.",3.0,The actions 'picks from' and 'puts into' are precise directional and temporal antonyms in the context of storage and retrieval.,PASS,,"```json
{
  ""static_score"": 3,
  ""static_reason"": ""The subject, object, and setting are identical across both sentences, maintaining perfect consistency in non-action elements."",
  ""chiral_score"": 3,
  ""chiral_reason"": ""The actions 'picks from' and 'puts into' are precise directional and temporal antonyms in the context of storage and retrieval."",
  ""verdict"": ""PASS""
}
```"
9205,ego4d,The museum curator removes the right hand from the knob,The museum curator removes his left hand from the artwork.,The museum curator places the right hand on the knob,3.0,"The subject, object, and setting are verbatim identical between the anchor and the hard negative.",3.0,'Removes from' and 'places on' represent a perfect directional and temporal antonym pair for the action described.,PASS,,"{
  ""static_score"": 3,
  ""static_reason"": ""The subject, object, and setting are verbatim identical between the anchor and the hard negative."",
  ""chiral_score"": 3,
  ""chiral_reason"": ""'Removes from' and 'places on' represent a perfect directional and temporal antonym pair for the action described."",
  ""verdict"": ""PASS""
}"
9206,ego4d,The yoga practitioner puts the right hand on the ground,The yoga practitioner puts right hand on table,The yoga practitioner takes the right hand off the ground,3.0,"All non-action elements including the subject, object, and setting are identical between the anchor and the hard negative.",3.0,The action 'takes off' is the direct temporal and directional antonym of the anchor's action 'puts on'.,PASS,,"{
  ""static_score"": 3,
  ""static_reason"": ""All non-action elements including the subject, object, and setting are identical between the anchor and the hard negative."",
  ""chiral_score"": 3,
  ""chiral_reason"": ""The action 'takes off' is the direct temporal and directional antonym of the anchor's action 'puts on'."",
  ""verdict"": ""PASS""
}"
9207,ego4d,The student puts books down,The student puts the books in the shelf,The student picks up books,3.0,The subject 'The student' and object 'books' are identical in both sentences with no extra modifiers or setting changes.,3.0,The actions 'puts down' and 'picks up' represent a perfect directional and temporal antonym pair as specified in the criteria.,PASS,,"{
  ""static_score"": 3,
  ""static_reason"": ""The subject 'The student' and object 'books' are identical in both sentences with no extra modifiers or setting changes."",
  ""chiral_score"": 3,
  ""chiral_reason"": ""The actions 'puts down' and 'picks up' represent a perfect directional and temporal antonym pair as specified in the criteria."",
  ""verdict"": ""PASS""
}"
9208,ego4d,The student picks up the book,The student picks the book from the board.,The student puts down the book,3.0,"The subject ('The student') and object ('the book') are identical between the anchor and hard negative, and there are no setting or manner discrepancies.",3.0,"'Picks up' and 'puts down' are perfect directional/temporal antonyms, exactly matching the prompt's provided examples.",PASS,,"{
  ""static_score"": 3,
  ""static_reason"": ""The subject ('The student') and object ('the book') are identical between the anchor and hard negative, and there are no setting or manner discrepancies."",
  ""chiral_score"": 3,
  ""chiral_reason"": ""'Picks up' and 'puts down' are perfect directional/temporal antonyms, exactly matching the prompt's provided examples."",
  ""verdict"": ""PASS""
}"
9209,ego4d,The woman passes the container to her left hand,The woman passes the container from her left hand to her right hand.,The woman takes the container from her left hand,3.0,"The subject, object, and reference setting (left hand) are identical between the anchor and the hard negative.",3.0,'Passes to' and 'takes from' are directional antonyms that describe the inverse movement of the object relative to the specified hand.,PASS,,"{
  ""static_score"": 3,
  ""static_reason"": ""The subject, object, and reference setting (left hand) are identical between the anchor and the hard negative."",
  ""chiral_score"": 3,
  ""chiral_reason"": ""'Passes to' and 'takes from' are directional antonyms that describe the inverse movement of the object relative to the specified hand."",
  ""verdict"": ""PASS""
}"
9210,ego4d,The hiker puts her left hand on the nylon handle,The hiker puts a hand in her back pack,The hiker takes her left hand off the nylon handle,3.0,"All non-action elements, including the subject, direct object, and the specific handle described, are identical across both sentences.",3.0,The verb phrase 'puts on' is replaced by its direct temporal and directional antonym 'takes off'.,PASS,,"{
  ""static_score"": 3,
  ""static_reason"": ""All non-action elements, including the subject, direct object, and the specific handle described, are identical across both sentences."",
  ""chiral_score"": 3,
  ""chiral_reason"": ""The verb phrase 'puts on' is replaced by its direct temporal and directional antonym 'takes off'."",
  ""verdict"": ""PASS""
}"
9211,ego4d,The bride raises her right hand.,The woman raises the hand.,The bride lowers her right hand.,3.0,The subject 'The bride' and the specific object 'her right hand' are perfectly identical across both sentences.,3.0,The verb 'lowers' is the precise directional antonym of 'raises' in this physical context.,PASS,,"{
  ""static_score"": 3,
  ""static_reason"": ""The subject 'The bride' and the specific object 'her right hand' are perfectly identical across both sentences."",
  ""chiral_score"": 3,
  ""chiral_reason"": ""The verb 'lowers' is the precise directional antonym of 'raises' in this physical context."",
  ""verdict"": ""PASS""
}"
9212,ego4d,The **cook** puts salt on the table,The **cook** puts salt on the cooking pot,The **cook** takes salt off the table,3.0,"The subject, object, and the table as the setting are identical between the anchor and the hard negative.",3.0,The action 'takes off' is the perfect directional and temporal antonym of 'puts on'.,PASS,,"{
  ""static_score"": 3,
  ""static_reason"": ""The subject, object, and the table as the setting are identical between the anchor and the hard negative."",
  ""chiral_score"": 3,
  ""chiral_reason"": ""The action 'takes off' is the perfect directional and temporal antonym of 'puts on'."",
  ""verdict"": ""PASS""
}"
9213,ego4d,The woman places her right hand on her lap,The man places his right hand into the bucket on the floor.,The woman removes her right hand from her lap,3.0,"The subject, object, and location are identical, with only the prepositional change required by the action shift.",3.0,The action 'removes from' is the direct directional and temporal antonym of 'places on'.,PASS,,"{
  ""static_score"": 3,
  ""static_reason"": ""The subject, object, and location are identical, with only the prepositional change required by the action shift."",
  ""chiral_score"": 3,
  ""chiral_reason"": ""The action 'removes from' is the direct directional and temporal antonym of 'places on'."",
  ""verdict"": ""PASS""
}"
9214,ego4d,The librarian puts a hand on a book,The librarian puts on the bag with his right hand.,The librarian takes a hand off a book,3.0,"The subject, object, and indirect object are identical between the anchor and the hard negative.",3.0,'Puts on' and 'takes off' are perfect directional and temporal antonyms describing the reversal of the same action.,PASS,,"{
  ""static_score"": 3,
  ""static_reason"": ""The subject, object, and indirect object are identical between the anchor and the hard negative."",
  ""chiral_score"": 3,
  ""chiral_reason"": ""'Puts on' and 'takes off' are perfect directional and temporal antonyms describing the reversal of the same action."",
  ""verdict"": ""PASS""
}"
9215,ego4d,The carpenter removes a white box from the drawer in the orange tool bench with his right hand.,The carpenter removes an iron box from the cupboard,The carpenter puts a white box into the drawer in the orange tool bench with his right hand.,3.0,"The subject, object, and the highly specific setting and manner are word-for-word identical between the anchor and the hard negative.",3.0,The actions 'removes from' and 'puts into' represent a perfect directional and temporal antonym pair.,PASS,,"{
  ""static_score"": 3,
  ""static_reason"": ""The subject, object, and the highly specific setting and manner are word-for-word identical between the anchor and the hard negative."",
  ""chiral_score"": 3,
  ""chiral_reason"": ""The actions 'removes from' and 'puts into' represent a perfect directional and temporal antonym pair."",
  ""verdict"": ""PASS""
}"
9216,ego4d,The cook puts down a knife on a chopping board,The cook puts the utility knife on the table,The cook picks up a knife from a chopping board,3.0,"The subject, object, and setting are identical, with the preposition change logically necessitated by the action reversal.",3.0,The actions 'puts down' and 'picks up' are direct directional and temporal antonyms.,PASS,,"{
  ""static_score"": 3,
  ""static_reason"": ""The subject, object, and setting are identical, with the preposition change logically necessitated by the action reversal."",
  ""chiral_score"": 3,
  ""chiral_reason"": ""The actions 'puts down' and 'picks up' are direct directional and temporal antonyms."",
  ""verdict"": ""PASS""
}"
9217,ego4d,The woman takes box in the shelf,The woman Z takes a music box on the table with her right hand.,The woman puts box in the shelf,3.0,"The subject, object, and setting are word-for-word identical between the anchor and the hard negative, preserving all non-action elements.",3.0,'Takes' and 'puts' function as clear directional antonyms representing the removal versus the placement of an object.,PASS,,"{
  ""static_score"": 3,
  ""static_reason"": ""The subject, object, and setting are word-for-word identical between the anchor and the hard negative, preserving all non-action elements."",
  ""chiral_score"": 3,
  ""chiral_reason"": ""'Takes' and 'puts' function as clear directional antonyms representing the removal versus the placement of an object."",
  ""verdict"": ""PASS""
}"
9218,ego4d,The seamstress pulls a needle with thread from the cloth,The seamstress pulls the threaded needle with her right hand.,The seamstress pushes a needle with thread into the cloth,2.0,"The core nouns are identical, but the change from 'from' to 'into' technically modifies the spatial setting/source-goal relationship.",3.0,Pulls and pushes represent a perfect directional and temporal antonym pair for this specific action.,PASS,,"{
  ""static_score"": 2,
  ""static_reason"": ""The core nouns are identical, but the change from 'from' to 'into' technically modifies the spatial setting/source-goal relationship."",
  ""chiral_score"": 3,
  ""chiral_reason"": ""Pulls and pushes represent a perfect directional and temporal antonym pair for this specific action."",
  ""verdict"": ""PASS""
}"
9219,ego4d,The cook puts a tomato in a bowl,The cook puts tomato on cutting board,The cook takes a tomato out of a bowl,3.0,"The subject, object, and setting are identical between the anchor and the hard negative.",3.0,The actions 'puts in' and 'takes out' are perfect directional and temporal antonyms.,PASS,,"{
  ""static_score"": 3,
  ""static_reason"": ""The subject, object, and setting are identical between the anchor and the hard negative."",
  ""chiral_score"": 3,
  ""chiral_reason"": ""The actions 'puts in' and 'takes out' are perfect directional and temporal antonyms."",
  ""verdict"": ""PASS""
}"
9220,ego4d,The carpenter puts the plastic container in the shelf,The carpenter puts a container of the thinner down on the headboard,The carpenter takes the plastic container out of the shelf,3.0,"The subject, object, and location are identical, ensuring the non-action context is perfectly preserved.",3.0,The actions 'puts in' and 'takes out' are perfect directional and temporal antonyms.,PASS,,"{
  ""static_score"": 3,
  ""static_reason"": ""The subject, object, and location are identical, ensuring the non-action context is perfectly preserved."",
  ""chiral_score"": 3,
  ""chiral_reason"": ""The actions 'puts in' and 'takes out' are perfect directional and temporal antonyms."",
  ""verdict"": ""PASS""
}"
9221,ego4d,#C C places her right hand on the table.,#C C places his left hand on a tree.,#C C removes her right hand from the table.,3.0,"The subject, object, and setting are perfectly identical between the anchor and the hard negative.",3.0,'Removes from' is the direct temporal and directional antonym of 'places on'.,PASS,,"{
  ""static_score"": 3,
  ""static_reason"": ""The subject, object, and setting are perfectly identical between the anchor and the hard negative."",
  ""chiral_score"": 3,
  ""chiral_reason"": ""'Removes from' is the direct temporal and directional antonym of 'places on'."",
  ""verdict"": ""PASS""
}"
9222,ego4d,The hiker a man X drops the water bottle,The construction worker drops the glass bottle,The hiker a man X picks up the water bottle,3.0,The subject and object are perfectly identical between the anchor and the hard negative.,3.0,The action 'picks up' serves as a direct temporal and directional antonym to 'drops'.,PASS,,"{
  ""static_score"": 3,
  ""static_reason"": ""The subject and object are perfectly identical between the anchor and the hard negative."",
  ""chiral_score"": 3,
  ""chiral_reason"": ""The action 'picks up' serves as a direct temporal and directional antonym to 'drops'."",
  ""verdict"": ""PASS""
}"
9223,ego4d,The woman puts her left hand into the water.,The man puts his right hand in the pocket,The woman takes her left hand out of the water.,3.0,"The subject, object, and setting are perfectly identical across both sentences.",3.0,The actions 'puts into' and 'takes out of' represent a perfect directional and temporal antonym pair.,PASS,,"{
  ""static_score"": 3,
  ""static_reason"": ""The subject, object, and setting are perfectly identical across both sentences."",
  ""chiral_score"": 3,
  ""chiral_reason"": ""The actions 'puts into' and 'takes out of' represent a perfect directional and temporal antonym pair."",
  ""verdict"": ""PASS""
}"
9224,ego4d,The dry cleaner picks the electric iron box,The dry cleaner picks iron box,The dry cleaner puts the electric iron box down,3.0,The subject ('The dry cleaner') and object ('the electric iron box') are identical across both the anchor and the hard negative.,3.0,The verbs 'picks' and 'puts down' form a classic directional antonym pair in the context of object manipulation.,PASS,,"```json
{
  ""static_score"": 3,
  ""static_reason"": ""The subject ('The dry cleaner') and object ('the electric iron box') are identical across both the anchor and the hard negative."",
  ""chiral_score"": 3,
  ""chiral_reason"": ""The verbs 'picks' and 'puts down' form a classic directional antonym pair in the context of object manipulation."",
  ""verdict"": ""PASS""
}
```"
9225,ego4d,The woman puts the plate down,The woman puts a cup plate on a table,The woman picks up the plate,3.0,The subject and object are perfectly identical in both sentences with no extraneous information.,3.0,The action 'picks up' is the direct directional and temporal antonym of 'puts down'.,PASS,,"{
  ""static_score"": 3,
  ""static_reason"": ""The subject and object are perfectly identical in both sentences with no extraneous information."",
  ""chiral_score"": 3,
  ""chiral_reason"": ""The action 'picks up' is the direct directional and temporal antonym of 'puts down'."",
  ""verdict"": ""PASS""
}"
9226,ego4d,The tailor buttons the shirt with both hands.,The tailor buttons up the shirt,The tailor unbuttons the shirt with both hands.,3.0,"The subject, object, and manner are identical in both sentences, preserving all static context.",3.0,"The verb 'unbuttons' is the precise temporal and directional antonym of 'buttons', reversing the state change.",PASS,,"{
  ""static_score"": 3,
  ""static_reason"": ""The subject, object, and manner are identical in both sentences, preserving all static context."",
  ""chiral_score"": 3,
  ""chiral_reason"": ""The verb 'unbuttons' is the precise temporal and directional antonym of 'buttons', reversing the state change."",
  ""verdict"": ""PASS""
}"
9227,ego4d,The woman puts her left hand inside the nylon paper,The woman puts his hand on the laptop,The woman takes her left hand out of the nylon paper,3.0,"The subject, object, and the specific setting of the nylon paper are perfectly identical between the anchor and the hard negative.",3.0,The actions 'puts inside' and 'takes out of' represent a perfect directional and temporal inversion of the same movement.,PASS,,"```json
{
  ""static_score"": 3,
  ""static_reason"": ""The subject, object, and the specific setting of the nylon paper are perfectly identical between the anchor and the hard negative."",
  ""chiral_score"": 3,
  ""chiral_reason"": ""The actions 'puts inside' and 'takes out of' represent a perfect directional and temporal inversion of the same movement."",
  ""verdict"": ""PASS""
}
```"
9228,ego4d,The carpenter puts knife on the ladder,The carpenter puts knife on the plate,The carpenter takes knife off the ladder,3.0,"The subject, object, and the physical setting (ladder) are identical across both sentences.",3.0,"'Takes off' is the precise directional and temporal inverse of 'puts on', representing a perfect chiral reversal.",PASS,,"{
  ""static_score"": 3,
  ""static_reason"": ""The subject, object, and the physical setting (ladder) are identical across both sentences."",
  ""chiral_score"": 3,
  ""chiral_reason"": ""'Takes off' is the precise directional and temporal inverse of 'puts on', representing a perfect chiral reversal."",
  ""verdict"": ""PASS""
}"
9229,ego4d,The shopper puts the bottle on top of the cabinet,The shopper puts bottle in the shopping bag,The shopper takes the bottle off top of the cabinet,3.0,"The subject, object, and the spatial setting 'top of the cabinet' are perfectly preserved between the anchor and the negative.",3.0,The actions 'puts on' and 'takes off' are direct temporal and directional antonyms.,PASS,,"{
  ""static_score"": 3,
  ""static_reason"": ""The subject, object, and the spatial setting 'top of the cabinet' are perfectly preserved between the anchor and the negative."",
  ""chiral_score"": 3,
  ""chiral_reason"": ""The actions 'puts on' and 'takes off' are direct temporal and directional antonyms."",
  ""verdict"": ""PASS""
}"
9230,ego4d,The electrician picks the pliers on the ladder,The electrician picks pliers,The electrician puts the pliers down on the ladder,3.0,"The subject, object, and setting are identical across both sentences.",3.0,Picking up and putting down are perfect temporal and directional antonyms in this physical context.,PASS,,"{
  ""static_score"": 3,
  ""static_reason"": ""The subject, object, and setting are identical across both sentences."",
  ""chiral_score"": 3,
  ""chiral_reason"": ""Picking up and putting down are perfect temporal and directional antonyms in this physical context."",
  ""verdict"": ""PASS""
}"
9231,ego4d,The dry cleaner puts the cloth on the metal hanger,The dry cleaner puts down the cloth,The dry cleaner takes the cloth off the metal hanger,3.0,"The subject, object, and the specific prepositional object are identical across the anchor and hard negative.",3.0,The actions 'puts on' and 'takes off' are perfect directional and temporal antonyms.,PASS,,"{
  ""static_score"": 3,
  ""static_reason"": ""The subject, object, and the specific prepositional object are identical across the anchor and hard negative."",
  ""chiral_score"": 3,
  ""chiral_reason"": ""The actions 'puts on' and 'takes off' are perfect directional and temporal antonyms."",
  ""verdict"": ""PASS""
}"
9232,ego4d,The waiter puts the sauce on the table,The waiter puts the sauce on the plate,The waiter takes the sauce off the table,3.0,"The subject, object, and location elements are identical between the anchor and the hard negative.",3.0,The action 'takes... off' is the precise directional and temporal antonym of 'puts... on'.,PASS,,"{
  ""static_score"": 3,
  ""static_reason"": ""The subject, object, and location elements are identical between the anchor and the hard negative."",
  ""chiral_score"": 3,
  ""chiral_reason"": ""The action 'takes... off' is the precise directional and temporal antonym of 'puts... on'."",
  ""verdict"": ""PASS""
}"
9233,ego4d,The waitress drops the plate of egg on the kitchenette with her right hand.,The waitress drops plate on the table,The waitress picks up the plate of egg from the kitchenette with her right hand.,3.0,"The subject, object, setting, and manner are identical between the anchor and the hard negative, with only a necessary prepositional change to maintain the setting.",2.0,"The actions 'drops' and 'picks up' function as directional opposites in this context, although they are not as precise a lexical antonym pair as 'puts down' and 'picks up'.",PASS,,"```json
{
  ""static_score"": 3,
  ""static_reason"": ""The subject, object, setting, and manner are identical between the anchor and the hard negative, with only a necessary prepositional change to maintain the setting."",
  ""chiral_score"": 2,
  ""chiral_reason"": ""The actions 'drops' and 'picks up' function as directional opposites in this context, although they are not as precise a lexical antonym pair as 'puts down' and 'picks up'."",
  ""verdict"": ""PASS""
}
```"
9234,ego4d,The gardener pulls the rope with the right hand,The gardener pulls the rope to the lawn mower with his hands.,The gardener lets go of the rope with the right hand,3.0,"The subject, object, and specific manner (right hand) are perfectly identical between the anchor and the hard negative.",2.0,"While 'lets go of' reverses the physical engagement with the rope, the direct directional antonym for 'pulls' is 'pushes'.",PASS,,"{
  ""static_score"": 3,
  ""static_reason"": ""The subject, object, and specific manner (right hand) are perfectly identical between the anchor and the hard negative."",
  ""chiral_score"": 2,
  ""chiral_reason"": ""While 'lets go of' reverses the physical engagement with the rope, the direct directional antonym for 'pulls' is 'pushes'."",
  ""verdict"": ""PASS""
}"
9235,ego4d,The cook puts the orange peel in the sink,The cook puts the onion peel in the nylon,The cook takes the orange peel out of the sink,3.0,"All non-action elements including the subject, object, and location are identical between the anchor and the hard negative.",3.0,The action 'takes out' is the precise directional and temporal antonym of the anchor's action 'puts in'.,PASS,,"{
  ""static_score"": 3,
  ""static_reason"": ""All non-action elements including the subject, object, and location are identical between the anchor and the hard negative."",
  ""chiral_score"": 3,
  ""chiral_reason"": ""The action 'takes out' is the precise directional and temporal antonym of the anchor's action 'puts in'."",
  ""verdict"": ""PASS""
}"
9236,ego4d,The cleaner picks a cloth with the other hand,The cleaner picks a cloth from the stand,The cleaner places a cloth with the other hand,3.0,"The subject, object, and specific manner ('with the other hand') are identical across both sentences.",3.0,The verbs 'picks' and 'places' serve as directional and temporal antonyms analogous to 'pick up' and 'put down'.,PASS,,"```json
{
  ""static_score"": 3,
  ""static_reason"": ""The subject, object, and specific manner ('with the other hand') are identical across both sentences."",
  ""chiral_score"": 3,
  ""chiral_reason"": ""The verbs 'picks' and 'places' serve as directional and temporal antonyms analogous to 'pick up' and 'put down'."",
  ""verdict"": ""PASS""
}
```"
9237,ego4d,The child puts hand on the blocks,The child puts her left hand on the fabric,The child takes hand off the blocks,3.0,"The subject, direct object, and prepositional object are identical in both the anchor and the hard negative.",3.0,The actions 'puts on' and 'takes off' represent a perfect directional and temporal reversal.,PASS,,"{
  ""static_score"": 3,
  ""static_reason"": ""The subject, direct object, and prepositional object are identical in both the anchor and the hard negative."",
  ""chiral_score"": 3,
  ""chiral_reason"": ""The actions 'puts on' and 'takes off' represent a perfect directional and temporal reversal."",
  ""verdict"": ""PASS""
}"
9238,ego4d,The cleaner drops the towel,The cleaner drops the paper towel.,The cleaner picks up the towel,3.0,"The subject and object are identical between the anchor and the hard negative, ensuring perfect preservation of static elements.",3.0,Dropping and picking up are classic chiral actions representing opposing directional and temporal movements.,PASS,,"{
  ""static_score"": 3,
  ""static_reason"": ""The subject and object are identical between the anchor and the hard negative, ensuring perfect preservation of static elements."",
  ""chiral_score"": 3,
  ""chiral_reason"": ""Dropping and picking up are classic chiral actions representing opposing directional and temporal movements."",
  ""verdict"": ""PASS""
}"
9239,ego4d,The carpenter closes a drawer,The carpenter closes the drawer,The carpenter opens a drawer,3.0,The subject and object are identical between the anchor and the hard negative sentences.,3.0,The action 'opens' is the direct temporal and directional antonym of 'closes'.,PASS,,"{
  ""static_score"": 3,
  ""static_reason"": ""The subject and object are identical between the anchor and the hard negative sentences."",
  ""chiral_score"": 3,
  ""chiral_reason"": ""The action 'opens' is the direct temporal and directional antonym of 'closes'."",
  ""verdict"": ""PASS""
}"
9240,ego4d,The **mechanic** drops the bottle on the table with her right hand.,The **mechanic** drops the black bottle on the wheel aligning machine with his right hand,The **mechanic** picks up the bottle from the table with her right hand.,3.0,"All non-action elements including the subject, object, manner, and setting are identical between the anchor and the hard negative.",3.0,The actions 'drops' and 'picks up' represent a perfect temporal and directional reversal of the object's movement.,PASS,,"```json
{
  ""static_score"": 3,
  ""static_reason"": ""All non-action elements including the subject, object, manner, and setting are identical between the anchor and the hard negative."",
  ""chiral_score"": 3,
  ""chiral_reason"": ""The actions 'drops' and 'picks up' represent a perfect temporal and directional reversal of the object's movement."",
  ""verdict"": ""PASS""
}
```"
9241,ego4d,The woman puts a hand on a book,The woman puts her left hand inside the pillowcase in her right hand.,The woman takes a hand off a book,3.0,"The subject and object are identical between the anchor and hard negative, ensuring perfect preservation of non-action elements.",3.0,The action 'takes off' is the direct directional and temporal antonym of 'puts on'.,PASS,,"{
  ""static_score"": 3,
  ""static_reason"": ""The subject and object are identical between the anchor and hard negative, ensuring perfect preservation of non-action elements."",
  ""chiral_score"": 3,
  ""chiral_reason"": ""The action 'takes off' is the direct directional and temporal antonym of 'puts on'."",
  ""verdict"": ""PASS""
}"
9242,ego4d,The cook opens the oil bottle,The man opens the bottle.,The cook closes the oil bottle,3.0,The subject and object are identical between the anchor and the hard negative with no modifications to the setting or descriptors.,3.0,The actions 'opens' and 'closes' represent a perfect temporal and directional antonym pair.,PASS,,"```json
{
  ""static_score"": 3,
  ""static_reason"": ""The subject and object are identical between the anchor and the hard negative with no modifications to the setting or descriptors."",
  ""chiral_score"": 3,
  ""chiral_reason"": ""The actions 'opens' and 'closes' represent a perfect temporal and directional antonym pair."",
  ""verdict"": ""PASS""
}
```"
9243,ego4d,The child closes the milk box,The child closes the crayon box,The child opens the milk box,3.0,"The subject and object are identical in both sentences, ensuring complete static preservation.",3.0,The verb 'opens' is the direct temporal and directional antonym of 'closes'.,PASS,,"{
  ""static_score"": 3,
  ""static_reason"": ""The subject and object are identical in both sentences, ensuring complete static preservation."",
  ""chiral_score"": 3,
  ""chiral_reason"": ""The verb 'opens' is the direct temporal and directional antonym of 'closes'."",
  ""verdict"": ""PASS""
}"
9244,ego4d,The lady opens a kitchen cabinet with her right hand.,She opens the cabinet,The lady closes a kitchen cabinet with her right hand.,3.0,"The subject, object, setting, and specific manner are verbatim identical between the anchor and the negative.",3.0,The action 'closes' is the direct temporal and directional antonym of 'opens'.,PASS,,"{
  ""static_score"": 3,
  ""static_reason"": ""The subject, object, setting, and specific manner are verbatim identical between the anchor and the negative."",
  ""chiral_score"": 3,
  ""chiral_reason"": ""The action 'closes' is the direct temporal and directional antonym of 'opens'."",
  ""verdict"": ""PASS""
}"
9245,ego4d,The student folds paper,The student folds the cardboard paper on the book on the table with both hands.,The student unfolds paper,3.0,"The subject and object are identical between the anchor and the hard negative, with no additional or differing static elements.",3.0,"The verb 'unfolds' is a perfect directional antonym of 'folds', satisfying the chiral requirement.",PASS,,"```json
{
  ""static_score"": 3,
  ""static_reason"": ""The subject and object are identical between the anchor and the hard negative, with no additional or differing static elements."",
  ""chiral_score"": 3,
  ""chiral_reason"": ""The verb 'unfolds' is a perfect directional antonym of 'folds', satisfying the chiral requirement."",
  ""verdict"": ""PASS""
}
```"
9246,ego4d,The tailor picks the cloth on his lap,The tailor picks a cloth from the red bucket,The tailor places the cloth on his lap,3.0,"The subject, object, and spatial setting 'on his lap' are identical across both sentences.",3.0,The actions 'picks' and 'places' function as direct directional antonyms in this context.,PASS,,"{
  ""static_score"": 3,
  ""static_reason"": ""The subject, object, and spatial setting 'on his lap' are identical across both sentences."",
  ""chiral_score"": 3,
  ""chiral_reason"": ""The actions 'picks' and 'places' function as direct directional antonyms in this context."",
  ""verdict"": ""PASS""
}"
9247,ego4d,The technician opens the pack with his left gloved hand,The technician opens the pack with the screw driver in his gloved right hand.,The technician closes the pack with his left gloved hand,3.0,"All non-action elements, including the subject, object, and the specific phrase 'with his left gloved hand', are word-for-word identical.",3.0,The verb 'closes' is the direct temporal and physical antonym of 'opens'.,PASS,,"{
  ""static_score"": 3,
  ""static_reason"": ""All non-action elements, including the subject, object, and the specific phrase 'with his left gloved hand', are word-for-word identical."",
  ""chiral_score"": 3,
  ""chiral_reason"": ""The verb 'closes' is the direct temporal and physical antonym of 'opens'."",
  ""verdict"": ""PASS""
}"
9248,ego4d,The cleaner picks the cloth from the table with both hands.,The cleaner picks up the red cloth,The cleaner places the cloth on the table with both hands.,3.0,"The subject, object, setting, and manner ('with both hands') are identical between the anchor and the hard negative.",3.0,'Picks from' and 'places on' represent a perfect directional and temporal antonym pair regarding the interaction with the table.,PASS,,"{
  ""static_score"": 3,
  ""static_reason"": ""The subject, object, setting, and manner ('with both hands') are identical between the anchor and the hard negative."",
  ""chiral_score"": 3,
  ""chiral_reason"": ""'Picks from' and 'places on' represent a perfect directional and temporal antonym pair regarding the interaction with the table."",
  ""verdict"": ""PASS""
}"
9249,ego4d,The **baker** closes container with the lid,The **baker** closes the container,The **baker** opens container with the lid,3.0,"The subject, object, and instrumental phrase 'with the lid' are word-for-word identical across the anchor and hard negative.",3.0,The verb 'opens' is the precise temporal and directional antonym of 'closes' in this context.,PASS,,"{
  ""static_score"": 3,
  ""static_reason"": ""The subject, object, and instrumental phrase 'with the lid' are word-for-word identical across the anchor and hard negative."",
  ""chiral_score"": 3,
  ""chiral_reason"": ""The verb 'opens' is the precise temporal and directional antonym of 'closes' in this context."",
  ""verdict"": ""PASS""
}"
9250,ego4d,The plumber removes his right hand from the tube in his left hand.,The plumber removes his right hand from his trouser pocket.,The plumber puts his right hand into the tube in his left hand.,3.0,"The subject, object, and complex setting are perfectly identical across both sentences.",3.0,The verb phrase 'puts into' is the precise directional and temporal antonym of 'removes from'.,PASS,,"{
  ""static_score"": 3,
  ""static_reason"": ""The subject, object, and complex setting are perfectly identical across both sentences."",
  ""chiral_score"": 3,
  ""chiral_reason"": ""The verb phrase 'puts into' is the precise directional and temporal antonym of 'removes from'."",
  ""verdict"": ""PASS""
}"
9251,ego4d,The homeowner closes the door,The homeowner closes the cabinet door,The homeowner opens the door,3.0,The subject and object are perfectly identical between the anchor and the hard negative.,3.0,The actions 'opens' and 'closes' represent a textbook temporal and directional antonym pair.,PASS,,"{
  ""static_score"": 3,
  ""static_reason"": ""The subject and object are perfectly identical between the anchor and the hard negative."",
  ""chiral_score"": 3,
  ""chiral_reason"": ""The actions 'opens' and 'closes' represent a textbook temporal and directional antonym pair."",
  ""verdict"": ""PASS""
}"
9252,ego4d,The woman puts a ceramic plate in the shelf of the upper kitchen cabinet with her left hand.,A man X puts the plate on the table,The woman takes a ceramic plate out of the shelf of the upper kitchen cabinet with her left hand.,3.0,"The subject, object, setting, and manner are perfectly identical between the anchor and the hard negative.",3.0,The actions 'puts in' and 'takes out of' are direct temporal and directional antonyms.,PASS,,"{
  ""static_score"": 3,
  ""static_reason"": ""The subject, object, setting, and manner are perfectly identical between the anchor and the hard negative."",
  ""chiral_score"": 3,
  ""chiral_reason"": ""The actions 'puts in' and 'takes out of' are direct temporal and directional antonyms."",
  ""verdict"": ""PASS""
}"
9253,ego4d,The student picks the book,The student picks the book in the shelf,The student puts the book down,2.0,"Subject and object are identical, but the failure to provide a true directional action antonym triggers a reduction per the instruction table.",2.0,The verb 'picks' is an imprecise antonym for 'puts down' because it lacks the directional particle 'up' and often denotes selection rather than physical movement.,PASS,,"{
  ""static_score"": 2,
  ""static_reason"": ""Subject and object are identical, but the failure to provide a true directional action antonym triggers a reduction per the instruction table."",
  ""chiral_score"": 2,
  ""chiral_reason"": ""The verb 'picks' is an imprecise antonym for 'puts down' because it lacks the directional particle 'up' and often denotes selection rather than physical movement."",
  ""verdict"": ""PASS""
}"
9254,ego4d,The **librarian** closes the drawer,The **librarian** closes drawer,The **librarian** opens the drawer,3.0,The subject and object are identical between the anchor and the hard negative with no extraneous differences.,3.0,The verbs 'opens' and 'closes' constitute a perfect temporal and directional antonym pair for this action.,PASS,,"{
  ""static_score"": 3,
  ""static_reason"": ""The subject and object are identical between the anchor and the hard negative with no extraneous differences."",
  ""chiral_score"": 3,
  ""chiral_reason"": ""The verbs 'opens' and 'closes' constitute a perfect temporal and directional antonym pair for this action."",
  ""verdict"": ""PASS""
}"
9255,ego4d,The shopper puts the bag on the table,The shopper puts the zip lock bag on the sink,The shopper takes the bag off the table,3.0,"The subject, object, and the specific setting (the table) are identical between the anchor and the hard negative.",3.0,The actions 'puts on' and 'takes off' represent a perfect directional and temporal reversal.,PASS,,"```json
{
  ""static_score"": 3,
  ""static_reason"": ""The subject, object, and the specific setting (the table) are identical between the anchor and the hard negative."",
  ""chiral_score"": 3,
  ""chiral_reason"": ""The actions 'puts on' and 'takes off' represent a perfect directional and temporal reversal."",
  ""verdict"": ""PASS""
}
```"
9256,ego4d,The student drops the cup on the computer desk with his left hand.,The student drops the cup on a stack of wood planks on the floor with his right hand.,The student picks up the cup from the computer desk with his left hand.,3.0,"Subject, object, setting, and manner are identical between the anchor and the hard negative, with only necessary grammatical adjustments to the preposition.",3.0,'Drops' and 'picks up' are clear directional and temporal antonyms representing the downward and upward movement of the object.,PASS,,"{
  ""static_score"": 3,
  ""static_reason"": ""Subject, object, setting, and manner are identical between the anchor and the hard negative, with only necessary grammatical adjustments to the preposition."",
  ""chiral_score"": 3,
  ""chiral_reason"": ""'Drops' and 'picks up' are clear directional and temporal antonyms representing the downward and upward movement of the object."",
  ""verdict"": ""PASS""
}"
9257,ego4d,The mechanic pushes the drawer on the tool chest with his right hand.,The mechanic pushes drawer.,The mechanic pulls the drawer off the tool chest with his right hand.,2.0,"The prepositional context changes from 'on the tool chest' to 'off the tool chest', failing to perfectly preserve the setting.",3.0,The verbs 'pushes' and 'pulls' represent a perfect directional antonym pair.,PASS,,"{
  ""static_score"": 2,
  ""static_reason"": ""The prepositional context changes from 'on the tool chest' to 'off the tool chest', failing to perfectly preserve the setting."",
  ""chiral_score"": 3,
  ""chiral_reason"": ""The verbs 'pushes' and 'pulls' represent a perfect directional antonym pair."",
  ""verdict"": ""PASS""
}"
9258,ego4d,The mechanic removes his left hand from the oil can.,The mechanic removes his right hand from the hat on the woman A's head.,The mechanic places his left hand into the oil can.,3.0,"The subject (the mechanic), the direct object (his left hand), and the container (the oil can) are exactly the same in both sentences.",3.0,'Removes from' and 'places into' are perfect directional and temporal antonyms for the movement of the hand.,PASS,,"```json
{
  ""static_score"": 3,
  ""static_reason"": ""The subject (the mechanic), the direct object (his left hand), and the container (the oil can) are exactly the same in both sentences."",
  ""chiral_score"": 3,
  ""chiral_reason"": ""'Removes from' and 'places into' are perfect directional and temporal antonyms for the movement of the hand."",
  ""verdict"": ""PASS""
}
```"
9259,ego4d,The cleaner places the tray in a shelf with both hands.,The cleaner places a tray into the oven.,The cleaner removes the tray from a shelf with both hands.,3.0,"The subject, object, setting, and manner are identical between the anchor and the hard negative.",3.0,The action 'removes from' is a perfect directional and temporal antonym of 'places in'.,PASS,,"{
  ""static_score"": 3,
  ""static_reason"": ""The subject, object, setting, and manner are identical between the anchor and the hard negative."",
  ""chiral_score"": 3,
  ""chiral_reason"": ""The action 'removes from' is a perfect directional and temporal antonym of 'places in'."",
  ""verdict"": ""PASS""
}"
9260,ego4d,The baker drops the tray with the roller on the cloth.,The baker drops the baking tray on the work table.,The baker picks up the tray with the roller from the cloth.,3.0,"The subject ('The baker') and the complex object ('the tray with the roller') are identical, and the setting ('the cloth') is preserved.",3.0,The actions 'drops' and 'picks up' are clear directional/temporal antonyms involving the release and acquisition of an object.,PASS,,"```json
{
  ""static_score"": 3,
  ""static_reason"": ""The subject ('The baker') and the complex object ('the tray with the roller') are identical, and the setting ('the cloth') is preserved."",
  ""chiral_score"": 3,
  ""chiral_reason"": ""The actions 'drops' and 'picks up' are clear directional/temporal antonyms involving the release and acquisition of an object."",
  ""verdict"": ""PASS""
}
```"
9261,ego4d,The waiter picks the plate from the table with his right hand.,The waiter picks a plate,The waiter places the plate on the table with his right hand.,3.0,"The subject, object, and manner are identical, and the setting remains the same with only the necessary directional preposition changing.",3.0,Picking and placing are clear temporal and directional antonyms representing the reversal of the same physical action.,PASS,,"{
  ""static_score"": 3,
  ""static_reason"": ""The subject, object, and manner are identical, and the setting remains the same with only the necessary directional preposition changing."",
  ""chiral_score"": 3,
  ""chiral_reason"": ""Picking and placing are clear temporal and directional antonyms representing the reversal of the same physical action."",
  ""verdict"": ""PASS""
}"
9262,ego4d,The child folds the paper,The child folds the red paper with both hands,The child unfolds the paper,3.0,"The subject and object are identical across the anchor and hard negative, maintaining perfect static preservation.",3.0,"The verb 'unfolds' is the direct temporal and directional antonym of 'folds', satisfying the chiral action requirement.",PASS,,"{
  ""static_score"": 3,
  ""static_reason"": ""The subject and object are identical across the anchor and hard negative, maintaining perfect static preservation."",
  ""chiral_score"": 3,
  ""chiral_reason"": ""The verb 'unfolds' is the direct temporal and directional antonym of 'folds', satisfying the chiral action requirement."",
  ""verdict"": ""PASS""
}"
9263,ego4d,The photographer puts the camera on the table,The photographer puts camera into focus on the head,The photographer takes the camera off the table,3.0,"The subject (photographer), object (camera), and location (table) are identical in both sentences.",3.0,The action 'takes off' is the perfect temporal and directional inverse of 'puts on' in this context.,PASS,,"{
  ""static_score"": 3,
  ""static_reason"": ""The subject (photographer), object (camera), and location (table) are identical in both sentences."",
  ""chiral_score"": 3,
  ""chiral_reason"": ""The action 'takes off' is the perfect temporal and directional inverse of 'puts on' in this context."",
  ""verdict"": ""PASS""
}"
9264,ego4d,The woman closes the car door,The woman closes the fridge door,The woman opens the car door,3.0,The subject and object are exactly identical across both sentences.,3.0,'Opens' is the perfect temporal and directional antonym of 'closes'.,PASS,,"{
  ""static_score"": 3,
  ""static_reason"": ""The subject and object are exactly identical across both sentences."",
  ""chiral_score"": 3,
  ""chiral_reason"": ""'Opens' is the perfect temporal and directional antonym of 'closes'."",
  ""verdict"": ""PASS""
}"
9265,ego4d,The person puts on the electric kettle,The person puts the electrical kettle on it's base.,The person takes off the electric kettle,3.0,"The subject and object are identical between the anchor and the hard negative, with no variation in setting or manner.",3.0,'Puts on' and 'takes off' are clear directional and temporal antonyms in the context of object placement.,PASS,,"{
  ""static_score"": 3,
  ""static_reason"": ""The subject and object are identical between the anchor and the hard negative, with no variation in setting or manner."",
  ""chiral_score"": 3,
  ""chiral_reason"": ""'Puts on' and 'takes off' are clear directional and temporal antonyms in the context of object placement."",
  ""verdict"": ""PASS""
}"
9266,ego4d,The musician turns a book page,The musician turns the page of the music book with his left hand.,The musician turns a book page back,3.0,"The subject and object are word-for-word identical between the anchor and the hard negative, with no change in setting or manner.",3.0,The addition of the directional particle 'back' creates a clear directional antonym to the implicit forward motion of turning a book page.,PASS,,"```json
{
  ""static_score"": 3,
  ""static_reason"": ""The subject and object are word-for-word identical between the anchor and the hard negative, with no change in setting or manner."",
  ""chiral_score"": 3,
  ""chiral_reason"": ""The addition of the directional particle 'back' creates a clear directional antonym to the implicit forward motion of turning a book page."",
  ""verdict"": ""PASS""
}
```"
9267,ego4d,The carpenter picks a miter tape from his pocket with his right hand,The carpenter picks the miter tape from the miter saw machine with his right hand,The carpenter puts a miter tape into his pocket with his right hand,3.0,"The subject, object, setting, and manner are identical between the anchor and the hard negative, preserving all non-action elements.",3.0,The action 'puts into' is the direct directional and temporal antonym of 'picks from' relative to the pocket.,PASS,,"```json
{
  ""static_score"": 3,
  ""static_reason"": ""The subject, object, setting, and manner are identical between the anchor and the hard negative, preserving all non-action elements."",
  ""chiral_score"": 3,
  ""chiral_reason"": ""The action 'puts into' is the direct directional and temporal antonym of 'picks from' relative to the pocket."",
  ""verdict"": ""PASS""
}
```"
9268,ego4d,The cook removes lid from the the pot,The cook removes the lid,The cook puts lid on the the pot,3.0,"The subject, object, setting, and even the double-article typo are identical between the anchor and the hard negative.",3.0,The actions 'removes from' and 'puts on' represent a perfect directional and functional antonym pair.,PASS,,"{
  ""static_score"": 3,
  ""static_reason"": ""The subject, object, setting, and even the double-article typo are identical between the anchor and the hard negative."",
  ""chiral_score"": 3,
  ""chiral_reason"": ""The actions 'removes from' and 'puts on' represent a perfect directional and functional antonym pair."",
  ""verdict"": ""PASS""
}"
9269,ego4d,The baker picks dough from a grill,The baker picks the baked dough from the plate,The baker puts dough into a grill,3.0,"The subject (baker), object (dough), and setting (grill) are identical in both the anchor and the hard negative.",3.0,The actions 'picks from' and 'puts into' represent a perfect directional and temporal antonym pair.,PASS,,"{
  ""static_score"": 3,
  ""static_reason"": ""The subject (baker), object (dough), and setting (grill) are identical in both the anchor and the hard negative."",
  ""chiral_score"": 3,
  ""chiral_reason"": ""The actions 'picks from' and 'puts into' represent a perfect directional and temporal antonym pair."",
  ""verdict"": ""PASS""
}"
9270,ego4d,The carpenter puts her left hand on a bamboo stick from the bundle of bamboo sticks.,The carpenter puts the hand at his back,The carpenter takes her left hand off a bamboo stick and places it back into the bundle of bamboo sticks.,3.0,"The subject, objects, and setting are perfectly preserved between the anchor and the negative.",2.0,"The primary action 'takes off' is a direct antonym of 'puts on', though the inclusion of a subsequent action adds unnecessary complexity.",PASS,,"{
  ""static_score"": 3,
  ""static_reason"": ""The subject, objects, and setting are perfectly preserved between the anchor and the negative."",
  ""chiral_score"": 2,
  ""chiral_reason"": ""The primary action 'takes off' is a direct antonym of 'puts on', though the inclusion of a subsequent action adds unnecessary complexity."",
  ""verdict"": ""PASS""
}"
9271,ego4d,The gardener puts down her hand,The gardener puts his left hand on the mower worktable.,The gardener lifts her hand,3.0,"The subject 'The gardener' and the object 'her hand' are perfectly preserved, with no extraneous differences in setting or manner.",3.0,The action 'lifts' is the direct directional and temporal antonym of 'puts down' in the context of limb movement.,PASS,,"```json
{
  ""static_score"": 3,
  ""static_reason"": ""The subject 'The gardener' and the object 'her hand' are perfectly preserved, with no extraneous differences in setting or manner."",
  ""chiral_score"": 3,
  ""chiral_reason"": ""The action 'lifts' is the direct directional and temporal antonym of 'puts down' in the context of limb movement."",
  ""verdict"": ""PASS""
}
```"
9272,ego4d,The cleaner picks the iron box from the ironing board,A lady Y picks a box,The cleaner places the iron box on the ironing board,3.0,"The subject, object, and setting are identical between the anchor and the hard negative.",3.0,The actions 'picks from' and 'places on' are perfect directional and temporal antonyms.,PASS,,"{
  ""static_score"": 3,
  ""static_reason"": ""The subject, object, and setting are identical between the anchor and the hard negative."",
  ""chiral_score"": 3,
  ""chiral_reason"": ""The actions 'picks from' and 'places on' are perfect directional and temporal antonyms."",
  ""verdict"": ""PASS""
}"
9273,ego4d,The diner picks the bowl,The diner picks a bowl with rice,The diner puts the bowl down,3.0,The subject 'The diner' and the object 'the bowl' are identical across both the anchor and the hard negative.,2.0,"The verb 'picks' is slightly ambiguous and less precise than 'picks up', making the relationship with 'puts down' a functional rather than perfect linguistic antonym.",PASS,,"```json
{
  ""static_score"": 3,
  ""static_reason"": ""The subject 'The diner' and the object 'the bowl' are identical across both the anchor and the hard negative."",
  ""chiral_score"": 2,
  ""chiral_reason"": ""The verb 'picks' is slightly ambiguous and less precise than 'picks up', making the relationship with 'puts down' a functional rather than perfect linguistic antonym."",
  ""verdict"": ""PASS""
}
```"
9274,ego4d,The student places his right hand on the cup on the table.,The student places his right hand on the rock.,The student removes his right hand from the cup on the table.,3.0,"The subject, object, and setting are perfectly identical across both sentences.",3.0,The verbs 'places on' and 'removes from' represent a perfect temporal and directional reversal.,PASS,,"{
  ""static_score"": 3,
  ""static_reason"": ""The subject, object, and setting are perfectly identical across both sentences."",
  ""chiral_score"": 3,
  ""chiral_reason"": ""The verbs 'places on' and 'removes from' represent a perfect temporal and directional reversal."",
  ""verdict"": ""PASS""
}"
9275,ego4d,The person drops the spoon in the sink with right hand,The person drops the spoon on the black cup on the table with his right hand.,The person picks up the spoon from the sink with right hand,3.0,"The subject, object, setting, and manner are identical between the anchor and the hard negative, with only necessary grammatical preposition changes.",3.0,"The actions 'drops' and 'picks up' are perfect directional and temporal antonyms, satisfying the chiral requirement.",PASS,,"{
  ""static_score"": 3,
  ""static_reason"": ""The subject, object, setting, and manner are identical between the anchor and the hard negative, with only necessary grammatical preposition changes."",
  ""chiral_score"": 3,
  ""chiral_reason"": ""The actions 'drops' and 'picks up' are perfect directional and temporal antonyms, satisfying the chiral requirement."",
  ""verdict"": ""PASS""
}"
9276,ego4d,The athlete puts the hand on his knee,The athlete puts his hand on the wall,The athlete takes the hand off his knee,3.0,"The subject, object, and location elements are word-for-word identical across both sentences.",3.0,The actions 'puts on' and 'takes off' represent a perfect directional and temporal antonym pair.,PASS,,"{
  ""static_score"": 3,
  ""static_reason"": ""The subject, object, and location elements are word-for-word identical across both sentences."",
  ""chiral_score"": 3,
  ""chiral_reason"": ""The actions 'puts on' and 'takes off' represent a perfect directional and temporal antonym pair."",
  ""verdict"": ""PASS""
}"
9277,ego4d,The driver lifts her right hand from the steering wheel.,The driver lifts her right hand from the plywood,The driver places her right hand on the steering wheel.,3.0,"The subject, object, and setting are identical across both sentences with no added or removed details.",3.0,The action 'lifts from' and its inverse 'places on' represent a perfect directional and temporal antonym pair.,PASS,,"{
  ""static_score"": 3,
  ""static_reason"": ""The subject, object, and setting are identical across both sentences with no added or removed details."",
  ""chiral_score"": 3,
  ""chiral_reason"": ""The action 'lifts from' and its inverse 'places on' represent a perfect directional and temporal antonym pair."",
  ""verdict"": ""PASS""
}"
9278,ego4d,The cleaner drops broom on the floor,The cleaner drops the hand broom by the trash bin,The cleaner picks up broom from the floor,3.0,"The subject, object, and setting are identical across both sentences, with the preposition shift from 'on' to 'from' being a necessary grammatical consequence of the action's directionality.",3.0,"Dropping and picking up represent a perfect chiral pair, acting as temporal and directional inverses involving the release or retrieval of an object.",PASS,,"{
  ""static_score"": 3,
  ""static_reason"": ""The subject, object, and setting are identical across both sentences, with the preposition shift from 'on' to 'from' being a necessary grammatical consequence of the action's directionality."",
  ""chiral_score"": 3,
  ""chiral_reason"": ""Dropping and picking up represent a perfect chiral pair, acting as temporal and directional inverses involving the release or retrieval of an object."",
  ""verdict"": ""PASS""
}"
9279,ego4d,The restaurant worker closes cabinet drawer,The waiter Z closes the drawer with her body.,The restaurant worker opens cabinet drawer,3.0,"The subject and object are identical between the anchor and the hard negative, preserving all non-action elements perfectly.",3.0,The action 'opens' is the direct temporal and directional antonym of 'closes'.,PASS,,"{
  ""static_score"": 3,
  ""static_reason"": ""The subject and object are identical between the anchor and the hard negative, preserving all non-action elements perfectly."",
  ""chiral_score"": 3,
  ""chiral_reason"": ""The action 'opens' is the direct temporal and directional antonym of 'closes'."",
  ""verdict"": ""PASS""
}"
9280,ego4d,The student closes the door,The student closes the drawer door,The student opens the door,3.0,The subject and object are word-for-word identical between the anchor and the hard negative.,3.0,"The verb 'opens' is the direct directional and temporal antonym of 'closes', satisfying the criteria perfectly.",PASS,,"{
  ""static_score"": 3,
  ""static_reason"": ""The subject and object are word-for-word identical between the anchor and the hard negative."",
  ""chiral_score"": 3,
  ""chiral_reason"": ""The verb 'opens' is the direct directional and temporal antonym of 'closes', satisfying the criteria perfectly."",
  ""verdict"": ""PASS""
}"
9281,ego4d,The delivery driver puts down the metal box,The delivery driver puts a box of cards on the floor,The delivery driver picks up the metal box,3.0,"The subject and object are identical between the anchor and the hard negative, with no change in setting or manner.",3.0,'Picks up' is the direct temporal and directional antonym of 'puts down'.,PASS,,"{
  ""static_score"": 3,
  ""static_reason"": ""The subject and object are identical between the anchor and the hard negative, with no change in setting or manner."",
  ""chiral_score"": 3,
  ""chiral_reason"": ""'Picks up' is the direct temporal and directional antonym of 'puts down'."",
  ""verdict"": ""PASS""
}"
9282,ego4d,The cook picks a spoon from the chopping board.,The cook picks the wooden spoon on top of the stainless plate with his right hand.,The cook puts a spoon on the chopping board.,3.0,"The subject (cook), object (spoon), and setting (chopping board) are identical between the anchor and the hard negative.",3.0,The actions 'picks' and 'puts' constitute a perfect temporal and directional antonym pair in the context of object manipulation.,PASS,,"{
  ""static_score"": 3,
  ""static_reason"": ""The subject (cook), object (spoon), and setting (chopping board) are identical between the anchor and the hard negative."",
  ""chiral_score"": 3,
  ""chiral_reason"": ""The actions 'picks' and 'puts' constitute a perfect temporal and directional antonym pair in the context of object manipulation."",
  ""verdict"": ""PASS""
}"
9283,ego4d,The painter picks up a tray with paint together with the paint roller,The painter picks an aluminum tray on top of the kitchen cabinet with his right hand.,The painter puts down a tray with paint together with the paint roller,3.0,"The subject, the complex multi-part object, and the manner are identical in both the anchor and the hard negative.",3.0,The action 'puts down' is the exact directional and temporal antonym of 'picks up'.,PASS,,"```json
{
  ""static_score"": 3,
  ""static_reason"": ""The subject, the complex multi-part object, and the manner are identical in both the anchor and the hard negative."",
  ""chiral_score"": 3,
  ""chiral_reason"": ""The action 'puts down' is the exact directional and temporal antonym of 'picks up'."",
  ""verdict"": ""PASS""
}
```"
9284,ego4d,The tailor puts the needle on the fabric,The tailor puts the needle inside the warp with her left hand.,The tailor takes the needle off the fabric,3.0,"The subject, object, and setting are perfectly identical between the anchor and the hard negative.",3.0,The actions 'puts on' and 'takes off' are direct directional antonyms that represent a perfect temporal reversal.,PASS,,"{
  ""static_score"": 3,
  ""static_reason"": ""The subject, object, and setting are perfectly identical between the anchor and the hard negative."",
  ""chiral_score"": 3,
  ""chiral_reason"": ""The actions 'puts on' and 'takes off' are direct directional antonyms that represent a perfect temporal reversal."",
  ""verdict"": ""PASS""
}"
9285,ego4d,The shopper opens the fridge door,The shopper opens the door.,The shopper closes the fridge door,3.0,The subject and object are identical between the anchor and the hard negative.,3.0,'Closes' is the exact directional and temporal antonym of 'opens'.,PASS,,"{
  ""static_score"": 3,
  ""static_reason"": ""The subject and object are identical between the anchor and the hard negative."",
  ""chiral_score"": 3,
  ""chiral_reason"": ""'Closes' is the exact directional and temporal antonym of 'opens'."",
  ""verdict"": ""PASS""
}"
9286,ego4d,The climber places right hand on the wooden chair.,The climber places her left hand on a bouldering rock on a wall.,The climber removes right hand from the wooden chair.,3.0,"The subject, object, and setting are perfectly identical between the anchor and the hard negative.",3.0,The action 'removes from' is the direct temporal and directional antonym of 'places on'.,PASS,,"{
  ""static_score"": 3,
  ""static_reason"": ""The subject, object, and setting are perfectly identical between the anchor and the hard negative."",
  ""chiral_score"": 3,
  ""chiral_reason"": ""The action 'removes from' is the direct temporal and directional antonym of 'places on'."",
  ""verdict"": ""PASS""
}"
9287,ego4d,The woman drops the water bottle on the table with her right hand.,The woman drops water bottle,The woman picks up the water bottle from the table with her right hand.,2.0,"While the entities and manner are identical, the spatial prepositions 'on' and 'from' represent a minor shift in the setting's functional role.",3.0,'Drops' and 'picks up' are perfect directional antonyms describing the release versus the acquisition of an object.,PASS,,"{
  ""static_score"": 2,
  ""static_reason"": ""While the entities and manner are identical, the spatial prepositions 'on' and 'from' represent a minor shift in the setting's functional role."",
  ""chiral_score"": 3,
  ""chiral_reason"": ""'Drops' and 'picks up' are perfect directional antonyms describing the release versus the acquisition of an object."",
  ""verdict"": ""PASS""
}"
9288,ego4d,The construction worker places his left hand on the wall under construction.,The construction worker places her left hand on the ground.,The construction worker removes his left hand from the wall under construction.,3.0,"The subject, object, and setting are identical between the anchor and the hard negative.",3.0,The action 'removes' is a direct temporal and directional antonym of 'places' in this physical context.,PASS,,"```json
{
  ""static_score"": 3,
  ""static_reason"": ""The subject, object, and setting are identical between the anchor and the hard negative."",
  ""chiral_score"": 3,
  ""chiral_reason"": ""The action 'removes' is a direct temporal and directional antonym of 'places' in this physical context."",
  ""verdict"": ""PASS""
}
```"
9289,ego4d,The operator picks the phone,The caller picks the phone from the table,The operator puts the phone down,3.0,The subject 'The operator' and object 'the phone' are perfectly identical between the anchor and the hard negative.,3.0,The verb 'picks' and the phrasal verb 'puts down' constitute a precise directional and temporal antonym pair in the context of handling an object.,PASS,,"```json
{
  ""static_score"": 3,
  ""static_reason"": ""The subject 'The operator' and object 'the phone' are perfectly identical between the anchor and the hard negative."",
  ""chiral_score"": 3,
  ""chiral_reason"": ""The verb 'picks' and the phrasal verb 'puts down' constitute a precise directional and temporal antonym pair in the context of handling an object."",
  ""verdict"": ""PASS""
}
```"
9290,ego4d,"The cook puts the potatoes, onions and carrots on the plate in the sauce pan.",The cook puts potatoes in a sieve.,"The cook takes the potatoes, onions and carrots off the plate in the sauce pan.",3.0,"The subject, complex object list, and specific prepositional setting are identical in both sentences.",3.0,'Takes off' is a perfect directional and temporal antonym for 'puts on' in this context.,PASS,,"{
  ""static_score"": 3,
  ""static_reason"": ""The subject, complex object list, and specific prepositional setting are identical in both sentences."",
  ""chiral_score"": 3,
  ""chiral_reason"": ""'Takes off' is a perfect directional and temporal antonym for 'puts on' in this context."",
  ""verdict"": ""PASS""
}"
9291,ego4d,The mechanic opens the tool box,The man opens the box,The mechanic closes the tool box,3.0,"The subject and object are identical in both sentences, maintaining perfect static preservation.",3.0,'Closes' is the direct temporal and directional antonym of 'opens'.,PASS,,"{
  ""static_score"": 3,
  ""static_reason"": ""The subject and object are identical in both sentences, maintaining perfect static preservation."",
  ""chiral_score"": 3,
  ""chiral_reason"": ""'Closes' is the direct temporal and directional antonym of 'opens'."",
  ""verdict"": ""PASS""
}"
9292,ego4d,The hiker climbs up a staircase.,The hiker climbs down another staircase in front of him,The hiker climbs down a staircase.,3.0,"The subject, object, and grammatical structure are identical between the anchor and the hard negative.",3.0,The action uses the same verb with perfectly opposing directional vectors (up vs. down).,PASS,,"{
  ""static_score"": 3,
  ""static_reason"": ""The subject, object, and grammatical structure are identical between the anchor and the hard negative."",
  ""chiral_score"": 3,
  ""chiral_reason"": ""The action uses the same verb with perfectly opposing directional vectors (up vs. down)."",
  ""verdict"": ""PASS""
}"
9293,ego4d,The woman puts butter on food,The woman puts the butter in the bowl,The woman takes butter off food,3.0,"The subject, object, and setting are identical between the anchor and the hard negative.",3.0,The action 'takes off' is the perfect directional and temporal antonym of 'puts on'.,PASS,,"```json
{
  ""static_score"": 3,
  ""static_reason"": ""The subject, object, and setting are identical between the anchor and the hard negative."",
  ""chiral_score"": 3,
  ""chiral_reason"": ""The action 'takes off' is the perfect directional and temporal antonym of 'puts on'."",
  ""verdict"": ""PASS""
}
```"
9294,ego4d,The mechanic picks up the wheel stud plate,The diner picks up the plate of spaghetti on the table,The mechanic puts down the wheel stud plate,3.0,The subject and object are identical between the anchor and the hard negative sentences.,3.0,'Picks up' and 'puts down' are clear temporal and directional antonyms representing opposing actions.,PASS,,"{
  ""static_score"": 3,
  ""static_reason"": ""The subject and object are identical between the anchor and the hard negative sentences."",
  ""chiral_score"": 3,
  ""chiral_reason"": ""'Picks up' and 'puts down' are clear temporal and directional antonyms representing opposing actions."",
  ""verdict"": ""PASS""
}"
9295,ego4d,The carpenter places his right hand on the woodwork.,The man X places his right hand on his right leg.,The carpenter removes his right hand from the woodwork.,3.0,"The subject, object, and setting are identical across both sentences.",3.0,'Places on' and 'removes from' constitute a perfect directional and temporal antonym pair.,PASS,,"{
  ""static_score"": 3,
  ""static_reason"": ""The subject, object, and setting are identical across both sentences."",
  ""chiral_score"": 3,
  ""chiral_reason"": ""'Places on' and 'removes from' constitute a perfect directional and temporal antonym pair."",
  ""verdict"": ""PASS""
}"
9296,ego4d,The cook puts down a butter nut squash,The cook puts butter in a cooking pot with a butter knife,The cook picks up a butter nut squash,3.0,"The subject and object are identical across both sentences, ensuring perfect preservation of all non-action elements.",3.0,"The actions 'puts down' and 'picks up' are perfect directional and temporal antonyms, as specified in the criteria.",PASS,,"{
  ""static_score"": 3,
  ""static_reason"": ""The subject and object are identical across both sentences, ensuring perfect preservation of all non-action elements."",
  ""chiral_score"": 3,
  ""chiral_reason"": ""The actions 'puts down' and 'picks up' are perfect directional and temporal antonyms, as specified in the criteria."",
  ""verdict"": ""PASS""
}"
9297,ego4d,The **man** picks a tube-like container from the table with his right hand.,The **man** picks container.,The **man** puts a tube-like container on the table with his right hand.,3.0,"All non-action elements, including the subject, object, and the specific manner of using the right hand at the table, are perfectly preserved.",3.0,The actions 'picks' and 'puts' serve as direct temporal and directional antonyms in the context of interacting with an object on a surface.,PASS,,"{
  ""static_score"": 3,
  ""static_reason"": ""All non-action elements, including the subject, object, and the specific manner of using the right hand at the table, are perfectly preserved."",
  ""chiral_score"": 3,
  ""chiral_reason"": ""The actions 'picks' and 'puts' serve as direct temporal and directional antonyms in the context of interacting with an object on a surface."",
  ""verdict"": ""PASS""
}"
9298,ego4d,The cook puts the lid on the table,The cook Puts a lid on a cooking pot,The cook takes the lid off the table,3.0,"The subject, object, and the physical location are identical in both the anchor and the hard negative.",3.0,The phrase 'takes off' is a perfect directional and temporal antonym to 'puts on'.,PASS,,"```json
{
  ""static_score"": 3,
  ""static_reason"": ""The subject, object, and the physical location are identical in both the anchor and the hard negative."",
  ""chiral_score"": 3,
  ""chiral_reason"": ""The phrase 'takes off' is a perfect directional and temporal antonym to 'puts on'."",
  ""verdict"": ""PASS""
}
```"
9299,ego4d,The tailor puts the scissors on the machine,The tailor puts the scissors down on the table,The tailor takes the scissors off the machine,3.0,"The subject, object, and setting (machine) are identical in both sentences.",3.0,The action 'takes off' is the perfect directional and temporal antonym of 'puts on'.,PASS,,"```json
{
  ""static_score"": 3,
  ""static_reason"": ""The subject, object, and setting (machine) are identical in both sentences."",
  ""chiral_score"": 3,
  ""chiral_reason"": ""The action 'takes off' is the perfect directional and temporal antonym of 'puts on'."",
  ""verdict"": ""PASS""
}
```"
9300,ego4d,#C C removes her left hand from the phone.,#C C removes his gloved right hand from his lab coat pocket.,#C C places her left hand on the phone.,3.0,"The subject, specific body part, and object are identical between the anchor and the hard negative.",3.0,The actions 'removes from' and 'places on' represent a perfect directional and temporal antonym pair.,PASS,,"```json
{
  ""static_score"": 3,
  ""static_reason"": ""The subject, specific body part, and object are identical between the anchor and the hard negative."",
  ""chiral_score"": 3,
  ""chiral_reason"": ""The actions 'removes from' and 'places on' represent a perfect directional and temporal antonym pair."",
  ""verdict"": ""PASS""
}
```"
9301,ego4d,The waitress drops the plate on the table with her left hand.,The waitress drops the paint plate on top of bottles with her left hand.,The waitress picks up the plate from the table with her left hand.,3.0,"Subject, object, setting, and manner are perfectly preserved, with the prepositional change correctly reflecting the verb inversion.",3.0,The actions 'drops' and 'picks up' are clear directional and temporal antonyms in the context of surface interaction.,PASS,,"{
  ""static_score"": 3,
  ""static_reason"": ""Subject, object, setting, and manner are perfectly preserved, with the prepositional change correctly reflecting the verb inversion."",
  ""chiral_score"": 3,
  ""chiral_reason"": ""The actions 'drops' and 'picks up' are clear directional and temporal antonyms in the context of surface interaction."",
  ""verdict"": ""PASS""
}"
9302,ego4d,The host picks a plate from the table,The host Picks up a plate from a kitchen counter,The host puts a plate on the table,3.0,"The subject, object, and setting entities are identical between the anchor and the hard negative.",3.0,The actions 'picks from' and 'puts on' represent a perfect directional reversal of the same physical interaction.,PASS,,"{
  ""static_score"": 3,
  ""static_reason"": ""The subject, object, and setting entities are identical between the anchor and the hard negative."",
  ""chiral_score"": 3,
  ""chiral_reason"": ""The actions 'picks from' and 'puts on' represent a perfect directional reversal of the same physical interaction."",
  ""verdict"": ""PASS""
}"
9303,ego4d,The woman picks the cup from the microwave oven with her right hand.,The woman picks up a cup of tea on the floor,The woman puts the cup into the microwave oven with her right hand.,3.0,"The subject, object, setting, and manner are identical between the anchor and the hard negative, with only the directional preposition adjusted to fit the action.",3.0,The actions 'picks from' and 'puts into' represent a perfect directional and temporal antonym pair for removal versus placement.,PASS,,"{
  ""static_score"": 3,
  ""static_reason"": ""The subject, object, setting, and manner are identical between the anchor and the hard negative, with only the directional preposition adjusted to fit the action."",
  ""chiral_score"": 3,
  ""chiral_reason"": ""The actions 'picks from' and 'puts into' represent a perfect directional and temporal antonym pair for removal versus placement."",
  ""verdict"": ""PASS""
}"
9304,ego4d,The origami artist folds the paper.,The origami artist folds the paper,The origami artist unfolds the paper.,3.0,The subject and object are perfectly identical between the anchor and the hard negative.,3.0,The verb 'unfolds' is the direct temporal and directional antonym of 'folds'.,PASS,,"{
  ""static_score"": 3,
  ""static_reason"": ""The subject and object are perfectly identical between the anchor and the hard negative."",
  ""chiral_score"": 3,
  ""chiral_reason"": ""The verb 'unfolds' is the direct temporal and directional antonym of 'folds'."",
  ""verdict"": ""PASS""
}"
9305,ego4d,The carpenter picks utility knife on the table with his right hand,The carpenter picks up a knife,The carpenter puts utility knife on the table with his right hand,3.0,"The subject, object, setting, and manner are verbatim identical between the anchor and the hard negative.",3.0,The actions 'picks' and 'puts' represent the clear temporal and directional opposites for the interaction with an object on a table.,PASS,,"```json
{
  ""static_score"": 3,
  ""static_reason"": ""The subject, object, setting, and manner are verbatim identical between the anchor and the hard negative."",
  ""chiral_score"": 3,
  ""chiral_reason"": ""The actions 'picks' and 'puts' represent the clear temporal and directional opposites for the interaction with an object on a table."",
  ""verdict"": ""PASS""
}
```"
9306,ego4d,The operator lifts a hand,The operator lifts his right hand.,The operator lowers a hand,3.0,The subject and object are identical between the anchor and the hard negative.,3.0,The verbs 'lifts' and 'lowers' are classic directional antonyms representing opposing vertical movements.,PASS,,"{
  ""static_score"": 3,
  ""static_reason"": ""The subject and object are identical between the anchor and the hard negative."",
  ""chiral_score"": 3,
  ""chiral_reason"": ""The verbs 'lifts' and 'lowers' are classic directional antonyms representing opposing vertical movements."",
  ""verdict"": ""PASS""
}"
9307,ego4d,The woman drops the cup on the table with her right hand.,The man drops the cup on the table with his left hand.,The woman picks up the cup from the table with her right hand.,3.0,"The subject, object, and manner are identical, and the change from 'on' to 'from' is a necessary grammatical consequence of the action reversal.",3.0,The actions 'drops' and 'picks up' constitute a clear temporal and directional reversal of the object's movement relative to the surface.,PASS,,"{
  ""static_score"": 3,
  ""static_reason"": ""The subject, object, and manner are identical, and the change from 'on' to 'from' is a necessary grammatical consequence of the action reversal."",
  ""chiral_score"": 3,
  ""chiral_reason"": ""The actions 'drops' and 'picks up' constitute a clear temporal and directional reversal of the object's movement relative to the surface."",
  ""verdict"": ""PASS""
}"
9308,ego4d,The hiker closes the bottle,The hiker closes the water bottle,The hiker opens the bottle,3.0,The subject and object are identical between the anchor and the hard negative with no extraneous details.,3.0,The actions 'opens' and 'closes' are prototypical chiral antonyms representing a directional reversal.,PASS,,"{
  ""static_score"": 3,
  ""static_reason"": ""The subject and object are identical between the anchor and the hard negative with no extraneous details."",
  ""chiral_score"": 3,
  ""chiral_reason"": ""The actions 'opens' and 'closes' are prototypical chiral antonyms representing a directional reversal."",
  ""verdict"": ""PASS""
}"
9309,ego4d,The athlete lifts up the right hand,The man lifts a hand,The athlete lowers the right hand,3.0,The subject and object are perfectly identical across the anchor and hard negative sentences.,3.0,"The action 'lowers' is the direct directional antonym of 'lifts up', representing the exact inverse movement.",PASS,,"{
  ""static_score"": 3,
  ""static_reason"": ""The subject and object are perfectly identical across the anchor and hard negative sentences."",
  ""chiral_score"": 3,
  ""chiral_reason"": ""The action 'lowers' is the direct directional antonym of 'lifts up', representing the exact inverse movement."",
  ""verdict"": ""PASS""
}"
9310,ego4d,The woman picks the spoon,The woman picks a cooking wooden spoon from a bowl with her left hand,The woman puts the spoon down,3.0,The subject and object are identical across both sentences with no additional setting or manner modifiers introduced.,3.0,The actions 'picks' and 'puts down' represent a precise directional antonym pair for physical object manipulation.,PASS,,"{
  ""static_score"": 3,
  ""static_reason"": ""The subject and object are identical across both sentences with no additional setting or manner modifiers introduced."",
  ""chiral_score"": 3,
  ""chiral_reason"": ""The actions 'picks' and 'puts down' represent a precise directional antonym pair for physical object manipulation."",
  ""verdict"": ""PASS""
}"
9311,ego4d,The cook drops bottle of oil into the cabinet,The cook drops the bottle on the table with her left hand.,The cook takes bottle of oil out of the cabinet,3.0,"The subject, object, and setting are identical across the anchor and hard negative sentences.",3.0,The action 'takes out of' is the direct directional and temporal antonym of 'drops into' within the provided context.,PASS,,"```json
{
  ""static_score"": 3,
  ""static_reason"": ""The subject, object, and setting are identical across the anchor and hard negative sentences."",
  ""chiral_score"": 3,
  ""chiral_reason"": ""The action 'takes out of' is the direct directional and temporal antonym of 'drops into' within the provided context."",
  ""verdict"": ""PASS""
}
```"
9312,ego4d,The carpenter opens a cabinet with his left hand,The carpenter opens the cabinet,The carpenter closes a cabinet with his left hand,3.0,"The subject, object, and specific manner ('with his left hand') are verbatim identical between the anchor and the hard negative.",3.0,The action 'closes' is the precise temporal and directional antonym of 'opens'.,PASS,,"{
  ""static_score"": 3,
  ""static_reason"": ""The subject, object, and specific manner ('with his left hand') are verbatim identical between the anchor and the hard negative."",
  ""chiral_score"": 3,
  ""chiral_reason"": ""The action 'closes' is the precise temporal and directional antonym of 'opens'."",
  ""verdict"": ""PASS""
}"
9313,ego4d,The baker puts ice-cream in bowl,The baker puts butter cream in a pan,The baker takes ice-cream out of bowl,3.0,"The subject, object, and setting are perfectly identical across both the anchor and the hard negative.",3.0,The actions 'puts in' and 'takes out' constitute a precise directional and temporal antonym pair.,PASS,,"```json
{
  ""static_score"": 3,
  ""static_reason"": ""The subject, object, and setting are perfectly identical across both the anchor and the hard negative."",
  ""chiral_score"": 3,
  ""chiral_reason"": ""The actions 'puts in' and 'takes out' constitute a precise directional and temporal antonym pair."",
  ""verdict"": ""PASS""
}
```"
9314,ego4d,The computer user removes hand from the mouse,The boy removes hand from drawer,The computer user places hand on the mouse,3.0,"The subject (the computer user) and the objects (hand, the mouse) are identical across both sentences.",3.0,'Removes from' and 'places on' represent a perfect directional and temporal antonym pair for this specific physical interaction.,PASS,,"```json
{
  ""static_score"": 3,
  ""static_reason"": ""The subject (the computer user) and the objects (hand, the mouse) are identical across both sentences."",
  ""chiral_score"": 3,
  ""chiral_reason"": ""'Removes from' and 'places on' represent a perfect directional and temporal antonym pair for this specific physical interaction."",
  ""verdict"": ""PASS""
}
```"
9315,ego4d,The woman puts down a hand,The woman puts her hand down,The woman raises a hand,3.0,The subject and object are identical between the anchor and the hard negative.,3.0,The verb 'raises' is the direct directional antonym of the verb phrase 'puts down'.,PASS,,"{
  ""static_score"": 3,
  ""static_reason"": ""The subject and object are identical between the anchor and the hard negative."",
  ""chiral_score"": 3,
  ""chiral_reason"": ""The verb 'raises' is the direct directional antonym of the verb phrase 'puts down'."",
  ""verdict"": ""PASS""
}"
9316,ego4d,The baker picks a knife,The baker picks a knife on the kitchen counter with her right hand.,The baker puts down a knife,3.0,"The subject and object are identical across both sentences, with no extraneous settings or modifiers provided.",3.0,The actions 'picks' and 'puts down' represent a clear temporal and directional reversal of the same physical interaction.,PASS,,"{
  ""static_score"": 3,
  ""static_reason"": ""The subject and object are identical across both sentences, with no extraneous settings or modifiers provided."",
  ""chiral_score"": 3,
  ""chiral_reason"": ""The actions 'picks' and 'puts down' represent a clear temporal and directional reversal of the same physical interaction."",
  ""verdict"": ""PASS""
}"
9317,ego4d,The gardener pulls an ignition rope of a hedge trimmer on the floor with his right hand.,The gardener pulls the rope with his left hand.,The gardener releases an ignition rope of a hedge trimmer on the floor with his right hand.,3.0,"All static elements including the subject, object, setting, and even the specific hand used are perfectly identical.",3.0,The actions 'pulls' and 'releases' represent the primary temporal and directional antonyms for operating a starter rope.,PASS,,"{
  ""static_score"": 3,
  ""static_reason"": ""All static elements including the subject, object, setting, and even the specific hand used are perfectly identical."",
  ""chiral_score"": 3,
  ""chiral_reason"": ""The actions 'pulls' and 'releases' represent the primary temporal and directional antonyms for operating a starter rope."",
  ""verdict"": ""PASS""
}"
9318,ego4d,The homeowner opens up the tap in the kitchen basin sink,The homeowner opens the tap in the kitchen with his right hand.,The homeowner closes the tap in the kitchen basin sink,3.0,"The subject, object, and setting are verbatim identical between the anchor and the hard negative.",3.0,The verb 'closes' is the direct functional and temporal antonym of 'opens up'.,PASS,,"{
  ""static_score"": 3,
  ""static_reason"": ""The subject, object, and setting are verbatim identical between the anchor and the hard negative."",
  ""chiral_score"": 3,
  ""chiral_reason"": ""The verb 'closes' is the direct functional and temporal antonym of 'opens up'."",
  ""verdict"": ""PASS""
}"
9319,ego4d,The hiker places her right hand on the rock.,The hiker places his left hand on a table.,The hiker removes her right hand from the rock.,3.0,"The subject, object, and setting entity are identical across the anchor and the hard negative.",3.0,The actions 'places on' and 'removes from' are perfect temporal and directional antonyms.,PASS,,"{
  ""static_score"": 3,
  ""static_reason"": ""The subject, object, and setting entity are identical across the anchor and the hard negative."",
  ""chiral_score"": 3,
  ""chiral_reason"": ""The actions 'places on' and 'removes from' are perfect temporal and directional antonyms."",
  ""verdict"": ""PASS""
}"
9320,ego4d,The waiter drops the cup on the tray,The waiter drops the cup of water on the slab with his right hand.,The waiter picks up the cup from the tray,3.0,"The subject, object, and setting are identical between the anchor and the hard negative, with the prepositional change being a logical consequence of the action shift.",3.0,Dropping and picking up constitute a perfect directional and temporal antonym pair regarding the interaction between the object and the surface.,PASS,,"```json
{
  ""static_score"": 3,
  ""static_reason"": ""The subject, object, and setting are identical between the anchor and the hard negative, with the prepositional change being a logical consequence of the action shift."",
  ""chiral_score"": 3,
  ""chiral_reason"": ""Dropping and picking up constitute a perfect directional and temporal antonym pair regarding the interaction between the object and the surface."",
  ""verdict"": ""PASS""
}
```"
9321,ego4d,The student puts a book on the floor,The student puts the book on the shelf.,The student takes a book off the floor,3.0,"The subject, object, and setting (the floor) are identical between the anchor and the hard negative.",3.0,The action 'takes off' is a precise directional and temporal antonym of the action 'puts on'.,PASS,,"{
  ""static_score"": 3,
  ""static_reason"": ""The subject, object, and setting (the floor) are identical between the anchor and the hard negative."",
  ""chiral_score"": 3,
  ""chiral_reason"": ""The action 'takes off' is a precise directional and temporal antonym of the action 'puts on'."",
  ""verdict"": ""PASS""
}"
9322,ego4d,The tailor puts the scissors back in his pocket with his right hand,The tailor puts the scissors down.,The tailor takes the scissors out of his pocket with his right hand,3.0,"The subject, object, and manner components—tailor, scissors, pocket, and right hand—are perfectly identical across both sentences.",3.0,'Puts in' and 'takes out' are textbook directional antonyms that describe the exact temporal reversal of the movement.,PASS,,"```json
{
  ""static_score"": 3,
  ""static_reason"": ""The subject, object, and manner components—tailor, scissors, pocket, and right hand—are perfectly identical across both sentences."",
  ""chiral_score"": 3,
  ""chiral_reason"": ""'Puts in' and 'takes out' are textbook directional antonyms that describe the exact temporal reversal of the movement."",
  ""verdict"": ""PASS""
}
```"
9323,ego4d,The cook picks up the bowl lid,The cook picks a bowl from a sink top,The cook puts down the bowl lid,3.0,The subject and specific object are identical across both sentences with no extraneous modifiers or setting changes.,3.0,The actions 'picks up' and 'puts down' represent a perfect directional and temporal antonym pair.,PASS,,"{
  ""static_score"": 3,
  ""static_reason"": ""The subject and specific object are identical across both sentences with no extraneous modifiers or setting changes."",
  ""chiral_score"": 3,
  ""chiral_reason"": ""The actions 'picks up' and 'puts down' represent a perfect directional and temporal antonym pair."",
  ""verdict"": ""PASS""
}"
9324,ego4d,The diner puts the food in her mouth with the fork in her right hand.,The stocker puts the food on the shelves.,The diner takes the food out of her mouth with the fork in her right hand.,3.0,"All non-action elements, including the subject, object, location, and the specific manner of fork usage, are word-for-word identical.",3.0,The verb phrases 'puts in' and 'takes out' are perfect directional antonyms that describe the temporal reversal of the action.,PASS,,"{
  ""static_score"": 3,
  ""static_reason"": ""All non-action elements, including the subject, object, location, and the specific manner of fork usage, are word-for-word identical."",
  ""chiral_score"": 3,
  ""chiral_reason"": ""The verb phrases 'puts in' and 'takes out' are perfect directional antonyms that describe the temporal reversal of the action."",
  ""verdict"": ""PASS""
}"
9325,ego4d,The painter rolls the painting roller on the paint,The painter rolls extendable paint roller to a paint with right hand,The painter lifts the painting roller off the paint,3.0,"The subject, object, and setting are identical between the anchor and the hard negative.",1.0,Lifting is a different physical action rather than the directional or temporal antonym of rolling.,FAIL,,"```json
{
  ""static_score"": 3,
  ""static_reason"": ""The subject, object, and setting are identical between the anchor and the hard negative."",
  ""chiral_score"": 1,
  ""chiral_reason"": ""Lifting is a different physical action rather than the directional or temporal antonym of rolling."",
  ""verdict"": ""FAIL""
}
```"
9326,ego4d,The electrician picks up the fuse box,The electrician picks a box of serviette on a table with her right hand.,The electrician puts down the fuse box,3.0,"The subject and object are identical between the anchor and the hard negative, with no external elements added or removed.",3.0,The action 'puts down' is the exact temporal and directional antonym of 'picks up' as defined in the guidelines.,PASS,,"{
  ""static_score"": 3,
  ""static_reason"": ""The subject and object are identical between the anchor and the hard negative, with no external elements added or removed."",
  ""chiral_score"": 3,
  ""chiral_reason"": ""The action 'puts down' is the exact temporal and directional antonym of 'picks up' as defined in the guidelines."",
  ""verdict"": ""PASS""
}"
9327,ego4d,The man drops the bottle on the table.,The man drops the bottle on the bench.,The man picks up the bottle from the table.,2.0,"While the entities are identical, the prepositional change from 'on' to 'from' creates a minor variation in the setting's phrasing.",3.0,Picking up and dropping represent a perfect pair of chiral actions involving inverse vertical motion and object interaction.,PASS,,"{
  ""static_score"": 2,
  ""static_reason"": ""While the entities are identical, the prepositional change from 'on' to 'from' creates a minor variation in the setting's phrasing."",
  ""chiral_score"": 3,
  ""chiral_reason"": ""Picking up and dropping represent a perfect pair of chiral actions involving inverse vertical motion and object interaction."",
  ""verdict"": ""PASS""
}"
9328,ego4d,The cleaner puts the lid on the floor,The cleaner puts the lid on the table,The cleaner takes the lid off the floor,3.0,"The subject, object, and setting are identical in both sentences, preserving all non-action elements perfectly.",3.0,The actions 'puts on' and 'takes off' represent a perfect directional and temporal antonym pair.,PASS,,"{
  ""static_score"": 3,
  ""static_reason"": ""The subject, object, and setting are identical in both sentences, preserving all non-action elements perfectly."",
  ""chiral_score"": 3,
  ""chiral_reason"": ""The actions 'puts on' and 'takes off' represent a perfect directional and temporal antonym pair."",
  ""verdict"": ""PASS""
}"
9329,ego4d,The seamstress picks the scissors on the sewing machine with her right hand.,The seamstress picks up the scissors on the table.,The seamstress puts the scissors on the sewing machine with her right hand.,3.0,"The subject, object, setting, and manner are verbatim identical between the anchor and the hard negative.",3.0,The verbs 'pick' and 'put' are direct directional antonyms representing the removal versus the placement of an object.,PASS,,"{
  ""static_score"": 3,
  ""static_reason"": ""The subject, object, setting, and manner are verbatim identical between the anchor and the hard negative."",
  ""chiral_score"": 3,
  ""chiral_reason"": ""The verbs 'pick' and 'put' are direct directional antonyms representing the removal versus the placement of an object."",
  ""verdict"": ""PASS""
}"
9330,ego4d,The man places his left hand on his left leg,The man places both hand and right leg on the wall,The man removes his left hand from his left leg,3.0,The subject and both specific body parts involved (left hand and left leg) are identical between the anchor and the hard negative.,3.0,The verb phrases 'places on' and 'removes from' constitute a perfect temporal and directional reversal of the action.,PASS,,"{
  ""static_score"": 3,
  ""static_reason"": ""The subject and both specific body parts involved (left hand and left leg) are identical between the anchor and the hard negative."",
  ""chiral_score"": 3,
  ""chiral_reason"": ""The verb phrases 'places on' and 'removes from' constitute a perfect temporal and directional reversal of the action."",
  ""verdict"": ""PASS""
}"
9331,ego4d,The mechanic opens the break pad box,The mechanic opens the box,The mechanic closes the break pad box,3.0,"The subject and object are identical in both sentences, maintaining perfect consistency in non-action elements.",3.0,The actions 'opens' and 'closes' are classic temporal antonyms representing the direct reversal of the action.,PASS,,"```json
{
  ""static_score"": 3,
  ""static_reason"": ""The subject and object are identical in both sentences, maintaining perfect consistency in non-action elements."",
  ""chiral_score"": 3,
  ""chiral_reason"": ""The actions 'opens' and 'closes' are classic temporal antonyms representing the direct reversal of the action."",
  ""verdict"": ""PASS""
}
```"
9332,ego4d,The hiker places his left hand on his left leg,The hiker places his left hand on the tree,The hiker removes his left hand from his left leg,3.0,"The subject, object, and body part involved are identical in both the anchor and the hard negative.",3.0,'Removes' is the direct directional and temporal antonym of 'places' within this physical context.,PASS,,"{
  ""static_score"": 3,
  ""static_reason"": ""The subject, object, and body part involved are identical in both the anchor and the hard negative."",
  ""chiral_score"": 3,
  ""chiral_reason"": ""'Removes' is the direct directional and temporal antonym of 'places' within this physical context."",
  ""verdict"": ""PASS""
}"
9333,ego4d,The waiter picks up the table cloth,The waiter picks a cloth,The waiter puts down the table cloth,3.0,"The subject and object are identical in both sentences, maintaining perfect static preservation.",3.0,The actions 'picks up' and 'puts down' are ideal directional antonyms.,PASS,,"{
  ""static_score"": 3,
  ""static_reason"": ""The subject and object are identical in both sentences, maintaining perfect static preservation."",
  ""chiral_score"": 3,
  ""chiral_reason"": ""The actions 'picks up' and 'puts down' are ideal directional antonyms."",
  ""verdict"": ""PASS""
}"
9334,ego4d,The cook picks up a pan from a gas cooker,The cook picks the pan from the ground with his right hand.,The cook puts down a pan on a gas cooker,3.0,"The subject, object, and setting are identical, with the preposition shift being a necessary consequence of the action change.",3.0,'Puts down' is the exact directional and temporal antonym of 'picks up' in this context.,PASS,,"{
  ""static_score"": 3,
  ""static_reason"": ""The subject, object, and setting are identical, with the preposition shift being a necessary consequence of the action change."",
  ""chiral_score"": 3,
  ""chiral_reason"": ""'Puts down' is the exact directional and temporal antonym of 'picks up' in this context."",
  ""verdict"": ""PASS""
}"
9335,ego4d,The man passes the phone to his right hand with his left hand.,The woman passes the phone from her right hand to her left hand,The man takes the phone from his right hand with his left hand.,3.0,"The subject, object, and the specific agentive hand are identical between the anchor and the hard negative.",3.0,The shift from 'passes to' to 'takes from' perfectly reverses the directional vector of the phone's movement between the hands.,PASS,,"```json
{
  ""static_score"": 3,
  ""static_reason"": ""The subject, object, and the specific agentive hand are identical between the anchor and the hard negative."",
  ""chiral_score"": 3,
  ""chiral_reason"": ""The shift from 'passes to' to 'takes from' perfectly reverses the directional vector of the phone's movement between the hands."",
  ""verdict"": ""PASS""
}
```"
9336,ego4d,The mechanic removes his hands from the socket,The mechanic removes both hands from the clamp,The mechanic inserts his hands into the socket,3.0,"The subject, object, and setting are identical across both sentences, maintaining perfect static preservation.",3.0,The verb 'inserts' is the direct directional and temporal antonym of 'removes' in this specific context.,PASS,,"{
  ""static_score"": 3,
  ""static_reason"": ""The subject, object, and setting are identical across both sentences, maintaining perfect static preservation."",
  ""chiral_score"": 3,
  ""chiral_reason"": ""The verb 'inserts' is the direct directional and temporal antonym of 'removes' in this specific context."",
  ""verdict"": ""PASS""
}"
9337,ego4d,The homemaker picks up a container from the drawer.,The homemaker picks container in the fridge,The homemaker puts down a container into the drawer.,3.0,"The subject, object, and the setting are identical, with only the preposition modified to correctly reflect the directional movement.",3.0,The action 'puts down' is the precise directional and temporal antonym of 'picks up' in the context of object manipulation.,PASS,,"```json
{
  ""static_score"": 3,
  ""static_reason"": ""The subject, object, and the setting are identical, with only the preposition modified to correctly reflect the directional movement."",
  ""chiral_score"": 3,
  ""chiral_reason"": ""The action 'puts down' is the precise directional and temporal antonym of 'picks up' in the context of object manipulation."",
  ""verdict"": ""PASS""
}
```"
9338,ego4d,The mechanic places the bottle of motor oil on the battery,The mechanic places the sprinkle bottle on the table,The mechanic removes the bottle of motor oil from the battery,3.0,"The subject, object, and physical setting are identical between the anchor and the hard negative.",3.0,'Places' and 'removes' represent a perfect directional and temporal antonym pair for object manipulation.,PASS,,"{
  ""static_score"": 3,
  ""static_reason"": ""The subject, object, and physical setting are identical between the anchor and the hard negative."",
  ""chiral_score"": 3,
  ""chiral_reason"": ""'Places' and 'removes' represent a perfect directional and temporal antonym pair for object manipulation."",
  ""verdict"": ""PASS""
}"
9339,ego4d,The construction worker removes his right hand from the plastic bottle of water.,The construction worker removes hand from lawn mower,The construction worker puts his right hand into the plastic bottle of water.,3.0,"The subject, specific body part, and the detailed object are identical word-for-word between the anchor and hard negative.",3.0,The actions 'removes from' and 'puts into' constitute a perfect directional and temporal antonym pair.,PASS,,"{
  ""static_score"": 3,
  ""static_reason"": ""The subject, specific body part, and the detailed object are identical word-for-word between the anchor and hard negative."",
  ""chiral_score"": 3,
  ""chiral_reason"": ""The actions 'removes from' and 'puts into' constitute a perfect directional and temporal antonym pair."",
  ""verdict"": ""PASS""
}"
9340,ego4d,The baker rolls out the dough,The baker rolls the dough on the rolling board,The baker folds the dough,3.0,"The subject and object are identical, and no extraneous setting or manner elements are introduced.",1.0,Folding is a distinct mechanical action in baking rather than the direct directional or temporal inverse of rolling out.,FAIL,,"{
  ""static_score"": 3,
  ""static_reason"": ""The subject and object are identical, and no extraneous setting or manner elements are introduced."",
  ""chiral_score"": 1,
  ""chiral_reason"": ""Folding is a distinct mechanical action in baking rather than the direct directional or temporal inverse of rolling out."",
  ""verdict"": ""FAIL""
}"
9341,ego4d,The waiter picks the plate,The waiter picks a plate in the fridge,The waiter puts the plate down,3.0,"The subject ('The waiter') and object ('the plate') are identical across both sentences, and neither contains a specified setting or manner.",2.0,"While 'picks' and 'puts down' function as opposites, 'picks' is lexically ambiguous (meaning select or lift) compared to the precise directional antonym 'picks up'.",PASS,,"```json
{
  ""static_score"": 3,
  ""static_reason"": ""The subject ('The waiter') and object ('the plate') are identical across both sentences, and neither contains a specified setting or manner."",
  ""chiral_score"": 2,
  ""chiral_reason"": ""While 'picks' and 'puts down' function as opposites, 'picks' is lexically ambiguous (meaning select or lift) compared to the precise directional antonym 'picks up'."",
  ""verdict"": ""PASS""
}
```"
9342,ego4d,The librarian puts the book in the shelf,The librarian puts the book on the other books.,The librarian takes the book out of the shelf,3.0,"The subject, object, and setting are identical across both sentences, preserving all non-action elements perfectly.",3.0,The action 'takes out' is the direct temporal and directional antonym of 'puts in'.,PASS,,"{
  ""static_score"": 3,
  ""static_reason"": ""The subject, object, and setting are identical across both sentences, preserving all non-action elements perfectly."",
  ""chiral_score"": 3,
  ""chiral_reason"": ""The action 'takes out' is the direct temporal and directional antonym of 'puts in'."",
  ""verdict"": ""PASS""
}"
9343,ego4d,The construction worker removes the hand from the ladder,The construction worker removes his left hand from the floor,The construction worker places the hand on the ladder,3.0,"The subject, object, and setting are identical between the anchor and the hard negative.",3.0,The action 'places' is a perfect directional and temporal antonym to 'removes' in the context of hand-object interaction.,PASS,,"{
  ""static_score"": 3,
  ""static_reason"": ""The subject, object, and setting are identical between the anchor and the hard negative."",
  ""chiral_score"": 3,
  ""chiral_reason"": ""The action 'places' is a perfect directional and temporal antonym to 'removes' in the context of hand-object interaction."",
  ""verdict"": ""PASS""
}"
9344,ego4d,The technician closes the drawer,The technician closes the drawer with left gloved hand.,The technician opens the drawer,3.0,The subject and object are perfectly preserved with word-for-word identity between the anchor and the hard negative.,3.0,The action 'opens' is the direct directional and temporal antonym of 'closes'.,PASS,,"{
  ""static_score"": 3,
  ""static_reason"": ""The subject and object are perfectly preserved with word-for-word identity between the anchor and the hard negative."",
  ""chiral_score"": 3,
  ""chiral_reason"": ""The action 'opens' is the direct directional and temporal antonym of 'closes'."",
  ""verdict"": ""PASS""
}"
9345,ego4d,The woman picks the bottle from the sack on the ground with her left hand.,The woman picks a bottle of sauce from the refrigerator with her left hand.,The woman puts the bottle into the sack on the ground with her left hand.,3.0,"The subject, object, setting, and manner are identical between the anchor and the hard negative.",3.0,The actions 'picks from' and 'puts into' represent a perfect directional and temporal reversal.,PASS,,"```json
{
  ""static_score"": 3,
  ""static_reason"": ""The subject, object, setting, and manner are identical between the anchor and the hard negative."",
  ""chiral_score"": 3,
  ""chiral_reason"": ""The actions 'picks from' and 'puts into' represent a perfect directional and temporal reversal."",
  ""verdict"": ""PASS""
}
```"
9346,ego4d,The security guard opens door,The security guard opens a storage door.,The security guard closes door,3.0,The subject and object are identical between the anchor and the hard negative.,3.0,The actions 'opens' and 'closes' represent a perfect directional antonym pair.,PASS,,"{
  ""static_score"": 3,
  ""static_reason"": ""The subject and object are identical between the anchor and the hard negative."",
  ""chiral_score"": 3,
  ""chiral_reason"": ""The actions 'opens' and 'closes' represent a perfect directional antonym pair."",
  ""verdict"": ""PASS""
}"
9347,ego4d,The woman picks a transparent box from the cabinet with her left hand.,The woman picks the iron box from the Brabantia iron board.,The woman puts a transparent box into the cabinet with her left hand.,3.0,"The subject, object, setting, and manual manner are identical across both sentences, satisfying all preservation criteria.",3.0,The actions 'picks from' and 'puts into' constitute a perfect directional and temporal reversal of the same movement.,PASS,,"```json
{
  ""static_score"": 3,
  ""static_reason"": ""The subject, object, setting, and manual manner are identical across both sentences, satisfying all preservation criteria."",
  ""chiral_score"": 3,
  ""chiral_reason"": ""The actions 'picks from' and 'puts into' constitute a perfect directional and temporal reversal of the same movement."",
  ""verdict"": ""PASS""
}
```"
9348,ego4d,The electrician puts the box down,The electrician puts the socket box on the wall,The electrician picks up the box,3.0,"The subject 'The electrician' and the object 'the box' are identical, and there are no setting or manner differences.",3.0,The actions 'puts down' and 'picks up' are perfect temporal and directional antonyms.,PASS,,"{
  ""static_score"": 3,
  ""static_reason"": ""The subject 'The electrician' and the object 'the box' are identical, and there are no setting or manner differences."",
  ""chiral_score"": 3,
  ""chiral_reason"": ""The actions 'puts down' and 'picks up' are perfect temporal and directional antonyms."",
  ""verdict"": ""PASS""
}"
9349,ego4d,The customer places the mobile phone on the countertop,The customer places a phone on a table by his side with his right hand,The customer picks up the mobile phone from the countertop,3.0,"The subject, object, and setting are identical between the anchor and the hard negative.",3.0,The action 'picks up' is the direct directional and temporal antonym of 'places'.,PASS,,"{
  ""static_score"": 3,
  ""static_reason"": ""The subject, object, and setting are identical between the anchor and the hard negative."",
  ""chiral_score"": 3,
  ""chiral_reason"": ""The action 'picks up' is the direct directional and temporal antonym of 'places'."",
  ""verdict"": ""PASS""
}"
9350,ego4d,The woman takes some sauce with the chapati in her right hand.,The woman takes some sauce from the plate with the chapati in her right hand.,The woman wipes some sauce off the chapati in her right hand.,3.0,"The subject, objects, and the specific setting of the action (the right hand) are identical in both sentences.",2.0,"The action 'wipes off' serves as a directional antonym to 'takes with' in this context, although 'wipe' introduces a specific manner of movement distinct from scooping.",PASS,,"```json
{
  ""static_score"": 3,
  ""static_reason"": ""The subject, objects, and the specific setting of the action (the right hand) are identical in both sentences."",
  ""chiral_score"": 2,
  ""chiral_reason"": ""The action 'wipes off' serves as a directional antonym to 'takes with' in this context, although 'wipe' introduces a specific manner of movement distinct from scooping."",
  ""verdict"": ""PASS""
}
```"
9351,ego4d,The woman picks a small bag from the drawer with her left hand.,The woman picks the bag,The woman puts a small bag into the drawer with her left hand.,3.0,"The subject, object, location, and manner are perfectly identical across both sentences.",3.0,The actions 'picks from' and 'puts into' are direct directional and temporal antonyms of one another.,PASS,,"{
  ""static_score"": 3,
  ""static_reason"": ""The subject, object, location, and manner are perfectly identical across both sentences."",
  ""chiral_score"": 3,
  ""chiral_reason"": ""The actions 'picks from' and 'puts into' are direct directional and temporal antonyms of one another."",
  ""verdict"": ""PASS""
}"
9352,ego4d,#C C passes the seed container to his left hand,#C C passes the container to her left hand,#C C takes the seed container from his left hand,3.0,"The subject, object, and the specific anatomical entity (left hand) are identical between the anchor and the hard negative.",3.0,The actions 'passes to' and 'takes from' represent a precise directional/functional inversion of the object's movement.,PASS,,"{
  ""static_score"": 3,
  ""static_reason"": ""The subject, object, and the specific anatomical entity (left hand) are identical between the anchor and the hard negative."",
  ""chiral_score"": 3,
  ""chiral_reason"": ""The actions 'passes to' and 'takes from' represent a precise directional/functional inversion of the object's movement."",
  ""verdict"": ""PASS""
}"
9353,ego4d,The woman picks a knife from the chopping board with her right hand.,The woman picks a knife from the counter with her left hand.,The woman places a knife on the chopping board with her right hand.,3.0,"Subject, object, setting, and manner are word-for-word identical between the anchor and the hard negative.",3.0,The action 'places' is the precise directional and temporal antonym of 'picks' within this specific context.,PASS,,"{
  ""static_score"": 3,
  ""static_reason"": ""Subject, object, setting, and manner are word-for-word identical between the anchor and the hard negative."",
  ""chiral_score"": 3,
  ""chiral_reason"": ""The action 'places' is the precise directional and temporal antonym of 'picks' within this specific context."",
  ""verdict"": ""PASS""
}"
9354,ego4d,The woman lifts up her hand,She lifts the right hand,The woman lowers her hand,3.0,The subject and object are perfectly identical between the anchor and the hard negative.,3.0,Lifts up and lowers are direct directional antonyms.,PASS,,"{
  ""static_score"": 3,
  ""static_reason"": ""The subject and object are perfectly identical between the anchor and the hard negative."",
  ""chiral_score"": 3,
  ""chiral_reason"": ""Lifts up and lowers are direct directional antonyms."",
  ""verdict"": ""PASS""
}"
9355,ego4d,The construction worker puts a hand in a bucket,The construction worker puts down his hand,The construction worker takes a hand out of a bucket,3.0,"The subject, object, and setting (bucket) are perfectly identical between the anchor and the hard negative.",3.0,The action 'takes out' is the precise directional and temporal antonym of the anchor's 'puts in'.,PASS,,"```json
{
  ""static_score"": 3,
  ""static_reason"": ""The subject, object, and setting (bucket) are perfectly identical between the anchor and the hard negative."",
  ""chiral_score"": 3,
  ""chiral_reason"": ""The action 'takes out' is the precise directional and temporal antonym of the anchor's 'puts in'."",
  ""verdict"": ""PASS""
}
```"
9356,ego4d,The cook opens the seasoning bottle with his right hand.,The cook opens the bottle of water with his left hand.,The cook closes the seasoning bottle with his right hand.,3.0,"The subject, object, and instrumental phrase are perfectly identical between the anchor and the hard negative.",3.0,The verb 'closes' is the exact temporal and directional antonym of 'opens' in the context of a bottle.,PASS,,"```json
{
  ""static_score"": 3,
  ""static_reason"": ""The subject, object, and instrumental phrase are perfectly identical between the anchor and the hard negative."",
  ""chiral_score"": 3,
  ""chiral_reason"": ""The verb 'closes' is the exact temporal and directional antonym of 'opens' in the context of a bottle."",
  ""verdict"": ""PASS""
}
```"
9357,ego4d,The child drops the bottle of water on the table with her right hand,The child drops a bottle inside the carboard with his left hand.,The child picks up the bottle of water from the table with her right hand,3.0,"All non-action elements, including the subject, object, setting, and the specific manner of using the right hand, are identical.",3.0,Picking up an object from a surface is the direct temporal and directional antonym of dropping it onto that surface.,PASS,,"```json
{
  ""static_score"": 3,
  ""static_reason"": ""All non-action elements, including the subject, object, setting, and the specific manner of using the right hand, are identical."",
  ""chiral_score"": 3,
  ""chiral_reason"": ""Picking up an object from a surface is the direct temporal and directional antonym of dropping it onto that surface."",
  ""verdict"": ""PASS""
}
```"
9358,ego4d,The worker pushes the tray of egg crate on an iron shelf with both hands.,The worker pushes a tray inside the washing machine,The worker pulls the tray of egg crate off an iron shelf with both hands.,2.0,The change from 'on' to 'off' creates a slight variation in the spatial setting between the sentences.,3.0,The pair 'pushes' and 'pulls' represents a classic and perfect directional antonym.,PASS,,"{
  ""static_score"": 2,
  ""static_reason"": ""The change from 'on' to 'off' creates a slight variation in the spatial setting between the sentences."",
  ""chiral_score"": 3,
  ""chiral_reason"": ""The pair 'pushes' and 'pulls' represents a classic and perfect directional antonym."",
  ""verdict"": ""PASS""
}"
9359,ego4d,The mechanic puts her left hand into the washing machine,The mechanic puts his left hand into the clutch assembly of the lawn mower,The mechanic takes her left hand out of the washing machine,3.0,"The subject, object, and setting are identical across both sentences, maintaining perfect static preservation.",3.0,The actions 'puts into' and 'takes out of' are precise directional antonyms that represent a temporal reversal.,PASS,,"{
  ""static_score"": 3,
  ""static_reason"": ""The subject, object, and setting are identical across both sentences, maintaining perfect static preservation."",
  ""chiral_score"": 3,
  ""chiral_reason"": ""The actions 'puts into' and 'takes out of' are precise directional antonyms that represent a temporal reversal."",
  ""verdict"": ""PASS""
}"
9360,ego4d,The cleaner picks the bottle from the table,The cleaner picks the spraying bottle,The cleaner places the bottle on the table,3.0,"The subject, object, and setting entities are identical across both sentences.",3.0,The actions 'picks' and 'places' constitute a perfect directional and temporal inverse in the context of moving an object.,PASS,,"{
  ""static_score"": 3,
  ""static_reason"": ""The subject, object, and setting entities are identical across both sentences."",
  ""chiral_score"": 3,
  ""chiral_reason"": ""The actions 'picks' and 'places' constitute a perfect directional and temporal inverse in the context of moving an object."",
  ""verdict"": ""PASS""
}"
9361,ego4d,The cook picks up skimmer spoon,The cook picks a spoon from the countertop,The cook puts down skimmer spoon,3.0,"The subject and object are identical across both sentences, ensuring perfect preservation of all non-action elements.",3.0,The verb phrases 'picks up' and 'puts down' represent a perfect temporal and directional reversal of the action.,PASS,,"{
  ""static_score"": 3,
  ""static_reason"": ""The subject and object are identical across both sentences, ensuring perfect preservation of all non-action elements."",
  ""chiral_score"": 3,
  ""chiral_reason"": ""The verb phrases 'picks up' and 'puts down' represent a perfect temporal and directional reversal of the action."",
  ""verdict"": ""PASS""
}"
9362,ego4d,The programmer removes hand from the keyboard,The programmer removes his right hand from the wristwatch,The programmer places hand on the keyboard,3.0,"The subject, object, and setting are identical in both sentences, maintaining perfect static preservation.",3.0,The actions 'removes from' and 'places on' represent a perfect directional and temporal antonym pair.,PASS,,"{
  ""static_score"": 3,
  ""static_reason"": ""The subject, object, and setting are identical in both sentences, maintaining perfect static preservation."",
  ""chiral_score"": 3,
  ""chiral_reason"": ""The actions 'removes from' and 'places on' represent a perfect directional and temporal antonym pair."",
  ""verdict"": ""PASS""
}"
9363,ego4d,The waiter picks the glass from the table,The waiter picks the wine glass on the sink,The waiter places the glass on the table,3.0,"The subject, object, and setting are identical, with only the prepositional direction shifting to support the action.",3.0,The actions 'picks' and 'places' serve as perfect directional antonyms for the movement of an object relative to a surface.,PASS,,"{
  ""static_score"": 3,
  ""static_reason"": ""The subject, object, and setting are identical, with only the prepositional direction shifting to support the action."",
  ""chiral_score"": 3,
  ""chiral_reason"": ""The actions 'picks' and 'places' serve as perfect directional antonyms for the movement of an object relative to a surface."",
  ""verdict"": ""PASS""
}"
9364,ego4d,The woman places her right hand on her laps.,The man places his right hand on the table.,The woman removes her right hand from her laps.,3.0,"The subject, object, and setting are identical between the anchor and the hard negative.",3.0,The verb 'removes' is the perfect temporal and directional antonym of 'places' in this context.,PASS,,"```json
{
  ""static_score"": 3,
  ""static_reason"": ""The subject, object, and setting are identical between the anchor and the hard negative."",
  ""chiral_score"": 3,
  ""chiral_reason"": ""The verb 'removes' is the perfect temporal and directional antonym of 'places' in this context."",
  ""verdict"": ""PASS""
}
```"
9365,ego4d,The homeowner opens the door shelf,The homeowner opens the shelf in the kitchen,The homeowner closes the door shelf,3.0,The subject and object are perfectly identical between the anchor and the hard negative sentences.,3.0,The action 'closes' is the direct and definitive temporal/directional antonym of 'opens'.,PASS,,"{
  ""static_score"": 3,
  ""static_reason"": ""The subject and object are perfectly identical between the anchor and the hard negative sentences."",
  ""chiral_score"": 3,
  ""chiral_reason"": ""The action 'closes' is the direct and definitive temporal/directional antonym of 'opens'."",
  ""verdict"": ""PASS""
}"
9366,ego4d,The surgeon picks the knife,The surgeon picks a knife,The surgeon puts the knife down,3.0,The subject and object are identical across both sentences with no additional modifiers or setting changes.,3.0,The action 'puts down' is the direct temporal and directional antonym of 'picks' in the context of tool usage.,PASS,,"{
  ""static_score"": 3,
  ""static_reason"": ""The subject and object are identical across both sentences with no additional modifiers or setting changes."",
  ""chiral_score"": 3,
  ""chiral_reason"": ""The action 'puts down' is the direct temporal and directional antonym of 'picks' in the context of tool usage."",
  ""verdict"": ""PASS""
}"
9367,ego4d,The shopper opens the shelf,The shopper opens the bottom shelf of the fridge.,The shopper closes the shelf,3.0,The subject 'The shopper' and the object 'the shelf' are exactly identical between the anchor and the hard negative.,3.0,The action 'closes' is the direct temporal and directional antonym of 'opens'.,PASS,,"{
  ""static_score"": 3,
  ""static_reason"": ""The subject 'The shopper' and the object 'the shelf' are exactly identical between the anchor and the hard negative."",
  ""chiral_score"": 3,
  ""chiral_reason"": ""The action 'closes' is the direct temporal and directional antonym of 'opens'."",
  ""verdict"": ""PASS""
}"
9368,ego4d,The technician picks a screw on the table with his left hand.,The technician picks a screw from the floor with his right hand.,The technician places a screw on the table with his left hand.,3.0,"All non-action components including the subject, object, setting, and manner are identical between the anchor and the hard negative.",3.0,The action 'places' serves as the direct directional and temporal antonym to 'picks' in the context of handling an object.,PASS,,"{
  ""static_score"": 3,
  ""static_reason"": ""All non-action components including the subject, object, setting, and manner are identical between the anchor and the hard negative."",
  ""chiral_score"": 3,
  ""chiral_reason"": ""The action 'places' serves as the direct directional and temporal antonym to 'picks' in the context of handling an object."",
  ""verdict"": ""PASS""
}"
9369,ego4d,The passenger places his right hand on a bag on his laps.,The passenger places her left hand on the bedsheet.,The passenger removes his right hand from a bag on his laps.,3.0,"The subject, object, and setting are identical between the anchor and the hard negative.",3.0,The action 'removes' is the direct directional and temporal antonym of 'places' in this context.,PASS,,"{
  ""static_score"": 3,
  ""static_reason"": ""The subject, object, and setting are identical between the anchor and the hard negative."",
  ""chiral_score"": 3,
  ""chiral_reason"": ""The action 'removes' is the direct directional and temporal antonym of 'places' in this context."",
  ""verdict"": ""PASS""
}"
9370,ego4d,The woman closes the drawer with her hands.,The woman closes the drawer,The woman opens the drawer with her hands.,3.0,"The subject, object, and manner components are perfectly identical between the anchor and the hard negative.",3.0,The action 'opens' is the exact directional and temporal antonym of 'closes'.,PASS,,"{
  ""static_score"": 3,
  ""static_reason"": ""The subject, object, and manner components are perfectly identical between the anchor and the hard negative."",
  ""chiral_score"": 3,
  ""chiral_reason"": ""The action 'opens' is the exact directional and temporal antonym of 'closes'."",
  ""verdict"": ""PASS""
}"
9371,ego4d,The **cook** puts bowl on the kitchen cabinet,The **cook** puts the bowl in the water in the stainless steel bowl,The **cook** takes bowl off the kitchen cabinet,3.0,"The subject, object, and setting are identical between the anchor and the negative, maintaining perfect consistency in non-action elements.",3.0,The phrase 'takes off' serves as a direct directional and temporal inverse of the anchor's action 'puts on'.,PASS,,"{
  ""static_score"": 3,
  ""static_reason"": ""The subject, object, and setting are identical between the anchor and the negative, maintaining perfect consistency in non-action elements."",
  ""chiral_score"": 3,
  ""chiral_reason"": ""The phrase 'takes off' serves as a direct directional and temporal inverse of the anchor's action 'puts on'."",
  ""verdict"": ""PASS""
}"
9372,ego4d,The woman picks a spoon,The woman picks a spoon on a countertop with her right hand.,The woman puts down a spoon,3.0,"The subject and object are identical, and no setting or manner modifiers are present in either sentence to create a mismatch.",2.0,"The actions 'picks' and 'puts down' are directional antonyms, though 'picks' is slightly imprecise compared to 'picks up'.",PASS,,"{
  ""static_score"": 3,
  ""static_reason"": ""The subject and object are identical, and no setting or manner modifiers are present in either sentence to create a mismatch."",
  ""chiral_score"": 2,
  ""chiral_reason"": ""The actions 'picks' and 'puts down' are directional antonyms, though 'picks' is slightly imprecise compared to 'picks up'."",
  ""verdict"": ""PASS""
}"
9373,ego4d,The shopper opens second door of the fridge,The shopper opens the door,The shopper closes second door of the fridge,3.0,All non-action elements including the subject and the specific object phrase are identical across both sentences.,3.0,The verb 'closes' is the perfect temporal and directional antonym of the anchor action 'opens'.,PASS,,"{
  ""static_score"": 3,
  ""static_reason"": ""All non-action elements including the subject and the specific object phrase are identical across both sentences."",
  ""chiral_score"": 3,
  ""chiral_reason"": ""The verb 'closes' is the perfect temporal and directional antonym of the anchor action 'opens'."",
  ""verdict"": ""PASS""
}"
9374,ego4d,The woman picks up another stainless steel bowl from the kitchen counter with her left hand.,The woman picks the bowl from the bucket with both hands.,The woman puts down another stainless steel bowl on the kitchen counter with her left hand.,3.0,"The subject, object, setting, and manner are identical across both sentences.",3.0,The verb phrase 'puts down' is the direct directional antonym of 'picks up'.,PASS,,"{
  ""static_score"": 3,
  ""static_reason"": ""The subject, object, setting, and manner are identical across both sentences."",
  ""chiral_score"": 3,
  ""chiral_reason"": ""The verb phrase 'puts down' is the direct directional antonym of 'picks up'."",
  ""verdict"": ""PASS""
}"
9375,ego4d,The mother closes the washing soap bottle,The mother closes bottle with bottle top,The mother opens the washing soap bottle,3.0,The subject and object are perfectly identical between the anchor and the hard negative.,3.0,The action 'opens' is the exact temporal antonym of 'closes'.,PASS,,"{
  ""static_score"": 3,
  ""static_reason"": ""The subject and object are perfectly identical between the anchor and the hard negative."",
  ""chiral_score"": 3,
  ""chiral_reason"": ""The action 'opens' is the exact temporal antonym of 'closes'."",
  ""verdict"": ""PASS""
}"
9376,ego4d,The waiter lifts the saucer plate,The waiter lifts up the plate of food with his right hand,The waiter lowers the saucer plate,3.0,The subject and object are identical between the anchor and the hard negative with no extraneous elements.,3.0,The verb 'lowers' is the direct directional antonym of 'lifts' in this context.,PASS,,"{
  ""static_score"": 3,
  ""static_reason"": ""The subject and object are identical between the anchor and the hard negative with no extraneous elements."",
  ""chiral_score"": 3,
  ""chiral_reason"": ""The verb 'lowers' is the direct directional antonym of 'lifts' in this context."",
  ""verdict"": ""PASS""
}"
9377,ego4d,The baker picks up a spice container from the shelf,The baker picks up a salt container,The baker puts down a spice container on the shelf,3.0,"The subject and object are identical, and the setting remains the shelf with only a necessary prepositional change to maintain grammatical logic.",3.0,The actions 'picks up' and 'puts down' represent a perfect directional and temporal antonym pair.,PASS,,"{
  ""static_score"": 3,
  ""static_reason"": ""The subject and object are identical, and the setting remains the shelf with only a necessary prepositional change to maintain grammatical logic."",
  ""chiral_score"": 3,
  ""chiral_reason"": ""The actions 'picks up' and 'puts down' represent a perfect directional and temporal antonym pair."",
  ""verdict"": ""PASS""
}"
9378,ego4d,The delivery driver opens the box,The customer opens the box,The delivery driver closes the box,3.0,The subject and object are identical between the anchor and hard negative with no variations in setting or manner.,3.0,The verb 'closes' is the exact physical and temporal antonym of 'opens'.,PASS,,"{
  ""static_score"": 3,
  ""static_reason"": ""The subject and object are identical between the anchor and hard negative with no variations in setting or manner."",
  ""chiral_score"": 3,
  ""chiral_reason"": ""The verb 'closes' is the exact physical and temporal antonym of 'opens'."",
  ""verdict"": ""PASS""
}"
9379,ego4d,The woman D picks the spoon in the cup with her right hand.,The woman D picks the ladle spoon with the right hand,The woman D puts the spoon back into the cup with her right hand.,3.0,"The subject, object, setting (the cup), and manner (right hand) are identical between the anchor and the hard negative.",3.0,The actions 'picks' and 'puts back' represent a clear temporal and directional reversal of the same movement.,PASS,,"{
  ""static_score"": 3,
  ""static_reason"": ""The subject, object, setting (the cup), and manner (right hand) are identical between the anchor and the hard negative."",
  ""chiral_score"": 3,
  ""chiral_reason"": ""The actions 'picks' and 'puts back' represent a clear temporal and directional reversal of the same movement."",
  ""verdict"": ""PASS""
}"
9380,ego4d,The man places his left hand on the table.,The man places her left hand on her left leg on the bed.,The man removes his left hand from the table.,3.0,"The subject, object, and setting are identical across both sentences, with only the preposition shifting to maintain grammatical logic with the verb.",3.0,The verbs 'places' and 'removes' constitute a perfect directional and temporal antonym pair regarding interaction with a surface.,PASS,,"```json
{
  ""static_score"": 3,
  ""static_reason"": ""The subject, object, and setting are identical across both sentences, with only the preposition shifting to maintain grammatical logic with the verb."",
  ""chiral_score"": 3,
  ""chiral_reason"": ""The verbs 'places' and 'removes' constitute a perfect directional and temporal antonym pair regarding interaction with a surface."",
  ""verdict"": ""PASS""
}
```"
9381,ego4d,The server places her left hand on the ice cream display freezer,The customer places his right hand on his right lap.,The server removes her left hand from the ice cream display freezer,3.0,"The subject, object, and setting are identical in both sentences, with only the prepositional directionality changing to support the verb.",3.0,The actions 'places on' and 'removes from' are classic directional and temporal antonyms that perfectly satisfy the chiral requirement.,PASS,,"{
  ""static_score"": 3,
  ""static_reason"": ""The subject, object, and setting are identical in both sentences, with only the prepositional directionality changing to support the verb."",
  ""chiral_score"": 3,
  ""chiral_reason"": ""The actions 'places on' and 'removes from' are classic directional and temporal antonyms that perfectly satisfy the chiral requirement."",
  ""verdict"": ""PASS""
}"
9382,ego4d,The plumber turns off the water tap,The plumber turns off the tap,The plumber turns on the water tap,3.0,"The subject and object are identical, ensuring all non-action elements are preserved perfectly.",3.0,The action 'turns on' is the precise functional antonym of 'turns off' for a water tap.,PASS,,"{
  ""static_score"": 3,
  ""static_reason"": ""The subject and object are identical, ensuring all non-action elements are preserved perfectly."",
  ""chiral_score"": 3,
  ""chiral_reason"": ""The action 'turns on' is the precise functional antonym of 'turns off' for a water tap."",
  ""verdict"": ""PASS""
}"
9383,ego4d,The architect places his left hand on the paper.,The architect places his right hand on the veranda floor.,The architect removes his left hand from the paper.,2.0,"While the subject and object are identical, the setting phrase changes from 'on the paper' to 'from the paper' to accommodate the verb reversal.",3.0,The verb 'removes' is a perfect directional and temporal antonym for 'places' within this physical context.,PASS,,"```json
{
  ""static_score"": 2,
  ""static_reason"": ""While the subject and object are identical, the setting phrase changes from 'on the paper' to 'from the paper' to accommodate the verb reversal."",
  ""chiral_score"": 3,
  ""chiral_reason"": ""The verb 'removes' is a perfect directional and temporal antonym for 'places' within this physical context."",
  ""verdict"": ""PASS""
}
```"
9384,ego4d,#C C places the container in her left hand on the window stool.,#C C places the paint container in his left hand on the floor.,#C C removes the container from her left hand on the window stool.,2.0,"The object description 'in her left hand' is converted into a source location 'from her left hand', slightly changing the relationship between elements.",2.0,"While 'removes' is an antonym of 'places', the negative reverses the action relative to the hand rather than the window stool, which was the target of the anchor action.",PASS,,"{
  ""static_score"": 2,
  ""static_reason"": ""The object description 'in her left hand' is converted into a source location 'from her left hand', slightly changing the relationship between elements."",
  ""chiral_score"": 2,
  ""chiral_reason"": ""While 'removes' is an antonym of 'places', the negative reverses the action relative to the hand rather than the window stool, which was the target of the anchor action."",
  ""verdict"": ""PASS""
}"
9385,ego4d,The waiter puts the glass on the table,The woman Z puts down the glass,The waiter takes the glass off the table,3.0,"The subject, object, and the specific setting (the table) are identical across both sentences.",3.0,'Puts on' and 'takes off' are perfect directional and temporal antonyms representing the inverse of the same action.,PASS,,"{
  ""static_score"": 3,
  ""static_reason"": ""The subject, object, and the specific setting (the table) are identical across both sentences."",
  ""chiral_score"": 3,
  ""chiral_reason"": ""'Puts on' and 'takes off' are perfect directional and temporal antonyms representing the inverse of the same action."",
  ""verdict"": ""PASS""
}"
9386,ego4d,The diner takes food from the plate.,The man with the spoon takes food from the plate on the table with the spoon in his right hand.,The diner puts food on the plate.,3.0,"The subject (diner), object (food), and setting (plate) are identical between the anchor and the hard negative.",3.0,The actions 'takes from' and 'puts on' constitute a perfect directional and temporal antonym pair.,PASS,,"{
  ""static_score"": 3,
  ""static_reason"": ""The subject (diner), object (food), and setting (plate) are identical between the anchor and the hard negative."",
  ""chiral_score"": 3,
  ""chiral_reason"": ""The actions 'takes from' and 'puts on' constitute a perfect directional and temporal antonym pair."",
  ""verdict"": ""PASS""
}"
9387,ego4d,The housekeeper puts the kettle on the shelve,The housekeeper puts the kettle back on the counter,The housekeeper takes the kettle off the shelve,3.0,"The subject, object, and setting are identical, even preserving the non-standard usage of the word 'shelve'.",3.0,The actions 'puts on' and 'takes off' constitute a perfect chiral pair of directional and temporal antonyms.,PASS,,"{
  ""static_score"": 3,
  ""static_reason"": ""The subject, object, and setting are identical, even preserving the non-standard usage of the word 'shelve'."",
  ""chiral_score"": 3,
  ""chiral_reason"": ""The actions 'puts on' and 'takes off' constitute a perfect chiral pair of directional and temporal antonyms."",
  ""verdict"": ""PASS""
}"
9388,ego4d,The **person** removes the hand from the cloth,The **person** removes his left hand from the wrapper,The **person** places the hand on the cloth,3.0,"The subject, object, and setting (person, hand, cloth) are identical between the anchor and the hard negative.",3.0,The action 'places' is the perfect directional and temporal antonym of 'removes' in the context of spatial interaction.,PASS,,"{
  ""static_score"": 3,
  ""static_reason"": ""The subject, object, and setting (person, hand, cloth) are identical between the anchor and the hard negative."",
  ""chiral_score"": 3,
  ""chiral_reason"": ""The action 'places' is the perfect directional and temporal antonym of 'removes' in the context of spatial interaction."",
  ""verdict"": ""PASS""
}"
9389,ego4d,The man lifts up his left hand,A woman lifts up her hand,The man lowers his left hand,3.0,The subject and object are identical between the anchor and the hard negative.,3.0,The action 'lowers' is a direct directional antonym of 'lifts up'.,PASS,,"```json
{
  ""static_score"": 3,
  ""static_reason"": ""The subject and object are identical between the anchor and the hard negative."",
  ""chiral_score"": 3,
  ""chiral_reason"": ""The action 'lowers' is a direct directional antonym of 'lifts up'."",
  ""verdict"": ""PASS""
}
```"
9390,ego4d,The mechanic removes hand from the floor,The mechanic removes his left hand from the cable in the car engine.,The mechanic places hand on the floor,3.0,"The subject, object, and setting are identical between the anchor and the hard negative.",3.0,The actions 'removes' and 'places' are perfect directional antonyms regarding the interaction with the floor.,PASS,,"{
  ""static_score"": 3,
  ""static_reason"": ""The subject, object, and setting are identical between the anchor and the hard negative."",
  ""chiral_score"": 3,
  ""chiral_reason"": ""The actions 'removes' and 'places' are perfect directional antonyms regarding the interaction with the floor."",
  ""verdict"": ""PASS""
}"
9391,ego4d,The operator removes the hand from the pattern,The technician removes his right hand from the spirit gauge,The operator places the hand onto the pattern,3.0,"Subject, object, and setting are identical between the anchor and the hard negative.",3.0,The actions 'removes from' and 'places onto' represent a perfect directional reversal.,PASS,,"{
  ""static_score"": 3,
  ""static_reason"": ""Subject, object, and setting are identical between the anchor and the hard negative."",
  ""chiral_score"": 3,
  ""chiral_reason"": ""The actions 'removes from' and 'places onto' represent a perfect directional reversal."",
  ""verdict"": ""PASS""
}"
9392,ego4d,The climber puts left hand on the tree branch,The climber moves left hand on the guitar,The climber takes left hand off the tree branch,3.0,"The subject, object, and setting are identical across both sentences.",3.0,'Puts on' and 'takes off' are perfect directional antonyms for the interaction with the branch.,PASS,,"{
  ""static_score"": 3,
  ""static_reason"": ""The subject, object, and setting are identical across both sentences."",
  ""chiral_score"": 3,
  ""chiral_reason"": ""'Puts on' and 'takes off' are perfect directional antonyms for the interaction with the branch."",
  ""verdict"": ""PASS""
}"
9393,ego4d,The craftsman opens the adhesive bottle with his right hand,The craftsman opens the bottle,The craftsman closes the adhesive bottle with his right hand,3.0,"The subject, object, and specific manner of the action are verbatim identical in both the anchor and the hard negative.",3.0,The verb 'closes' is the direct temporal and directional antonym of the verb 'opens'.,PASS,,"{
  ""static_score"": 3,
  ""static_reason"": ""The subject, object, and specific manner of the action are verbatim identical in both the anchor and the hard negative."",
  ""chiral_score"": 3,
  ""chiral_reason"": ""The verb 'closes' is the direct temporal and directional antonym of the verb 'opens'."",
  ""verdict"": ""PASS""
}"
9394,ego4d,#O lady Y picks a mug bottle,#C C picks bottle of paint,#O lady Y puts down the mug bottle,3.0,"The subject and object nouns are identical, and the minor change from 'a' to 'the' is a negligible difference that preserves the entity.",3.0,"The verb pair 'picks' and 'puts down' is a perfect directional antonym, matching the explicit 'pick up/put down' example.",PASS,,"{
  ""static_score"": 3,
  ""static_reason"": ""The subject and object nouns are identical, and the minor change from 'a' to 'the' is a negligible difference that preserves the entity."",
  ""chiral_score"": 3,
  ""chiral_reason"": ""The verb pair 'picks' and 'puts down' is a perfect directional antonym, matching the explicit 'pick up/put down' example."",
  ""verdict"": ""PASS""
}"
9395,ego4d,The cleaner places the towel on the table,The cleaner places the paper towel on a book,The cleaner removes the towel from the table,3.0,"The subject, object, and setting are identical across both sentences, with only the preposition changing to reflect the direction of the action.",3.0,The action 'removes' is the precise temporal and directional inverse of 'places' in this context.,PASS,,"{
  ""static_score"": 3,
  ""static_reason"": ""The subject, object, and setting are identical across both sentences, with only the preposition changing to reflect the direction of the action."",
  ""chiral_score"": 3,
  ""chiral_reason"": ""The action 'removes' is the precise temporal and directional inverse of 'places' in this context."",
  ""verdict"": ""PASS""
}"
9396,ego4d,The mechanic picks the pliers from the table,The mechanic picks the cutting pliers from the wooden bin,The mechanic puts the pliers on the table,3.0,"The subject, object, and setting are identical across both sentences.",3.0,The actions 'picks from' and 'puts on' are perfect directional antonyms regarding the movement of an object.,PASS,,"```json
{
  ""static_score"": 3,
  ""static_reason"": ""The subject, object, and setting are identical across both sentences."",
  ""chiral_score"": 3,
  ""chiral_reason"": ""The actions 'picks from' and 'puts on' are perfect directional antonyms regarding the movement of an object."",
  ""verdict"": ""PASS""
}
```"
9397,ego4d,The yoga student puts the hand on the feet,The yoga student puts the hand on the table,The yoga student takes the hand off the feet,3.0,"The subject, object, and target location (the feet) are identical in both the anchor and the hard negative.",3.0,The actions 'puts on' and 'takes off' represent a perfect directional and temporal reversal of the movement.,PASS,,"{
  ""static_score"": 3,
  ""static_reason"": ""The subject, object, and target location (the feet) are identical in both the anchor and the hard negative."",
  ""chiral_score"": 3,
  ""chiral_reason"": ""The actions 'puts on' and 'takes off' represent a perfect directional and temporal reversal of the movement."",
  ""verdict"": ""PASS""
}"
9398,ego4d,#C C removes his left hand from the piano,#C C removes his left hand from the dough,#C C places his left hand on the piano,3.0,"The subject, object, and setting are identical between the anchor and the hard negative.",3.0,The actions 'removes' and 'places' are perfect directional antonyms in the context of hand movement.,PASS,,"{
  ""static_score"": 3,
  ""static_reason"": ""The subject, object, and setting are identical between the anchor and the hard negative."",
  ""chiral_score"": 3,
  ""chiral_reason"": ""The actions 'removes' and 'places' are perfect directional antonyms in the context of hand movement."",
  ""verdict"": ""PASS""
}"
9399,ego4d,The seamstress puts the cloth on the sewing machine,The seamstress puts down a cloth,The seamstress takes the cloth off the sewing machine,3.0,"The subject, object, and environmental context are identical across both the anchor and the hard negative.",3.0,The actions 'puts on' and 'takes off' represent a perfect directional and temporal antonym pair.,PASS,,"{
  ""static_score"": 3,
  ""static_reason"": ""The subject, object, and environmental context are identical across both the anchor and the hard negative."",
  ""chiral_score"": 3,
  ""chiral_reason"": ""The actions 'puts on' and 'takes off' represent a perfect directional and temporal antonym pair."",
  ""verdict"": ""PASS""
}"
9400,ego4d,The man lifts the cup from the water,The man lifts the cup from the serviette on the table with his right hand,The man puts the cup into the water,3.0,"The subject (man), object (cup), and setting (water) are identical across both the anchor and the hard negative.",3.0,The verb phrase 'puts... into' is the perfect directional and temporal antonym for 'lifts... from' in this context.,PASS,,"{
  ""static_score"": 3,
  ""static_reason"": ""The subject (man), object (cup), and setting (water) are identical across both the anchor and the hard negative."",
  ""chiral_score"": 3,
  ""chiral_reason"": ""The verb phrase 'puts... into' is the perfect directional and temporal antonym for 'lifts... from' in this context."",
  ""verdict"": ""PASS""
}"
9401,ego4d,The construction worker picks the cement container with both hands,The shopper picks up a container from the shopping basket,The construction worker puts the cement container down with both hands,3.0,"The subject, object, and manner phrase 'with both hands' are exactly identical in both the anchor and the negative.",3.0,The actions 'picks' (picks up) and 'puts down' are classic temporal and directional antonyms for object manipulation.,PASS,,"{
  ""static_score"": 3,
  ""static_reason"": ""The subject, object, and manner phrase 'with both hands' are exactly identical in both the anchor and the negative."",
  ""chiral_score"": 3,
  ""chiral_reason"": ""The actions 'picks' (picks up) and 'puts down' are classic temporal and directional antonyms for object manipulation."",
  ""verdict"": ""PASS""
}"
9402,ego4d,The mechanic opens the tool cabinet drawer with his left hand.,The mechanic opens the drawer,The mechanic closes the tool cabinet drawer with his left hand.,3.0,"The subject, object, and specific manner of action are identical between the anchor and the hard negative.",3.0,The verb 'closes' is the perfect temporal and directional antonym of the action 'opens'.,PASS,,"{
  ""static_score"": 3,
  ""static_reason"": ""The subject, object, and specific manner of action are identical between the anchor and the hard negative."",
  ""chiral_score"": 3,
  ""chiral_reason"": ""The verb 'closes' is the perfect temporal and directional antonym of the action 'opens'."",
  ""verdict"": ""PASS""
}"
9403,ego4d,The waitress drops a plate of pancakes onto the table with her right hand.,The waitress drops the plate on another plate with her left hand,The waitress picks up a plate of pancakes from the table with her right hand.,3.0,"The subject, object, setting, and even the specific hand used are identical in both the anchor and the hard negative.",3.0,'Picks up' and 'drops' function as clear directional and temporal antonyms in the context of interacting with an object on a table.,PASS,,"{
  ""static_score"": 3,
  ""static_reason"": ""The subject, object, setting, and even the specific hand used are identical in both the anchor and the hard negative."",
  ""chiral_score"": 3,
  ""chiral_reason"": ""'Picks up' and 'drops' function as clear directional and temporal antonyms in the context of interacting with an object on a table."",
  ""verdict"": ""PASS""
}"
9404,ego4d,The **cook** drops the blender jug lid on the table,The **cook** drops the lid on the table with his right hand,The **cook** picks up the blender jug lid from the table,3.0,"All entities (cook, blender jug lid, table) are identical between the anchor and the hard negative.",3.0,The actions 'drops' and 'picks up' are perfect directional antonyms regarding the movement of the object relative to the table.,PASS,,"{
  ""static_score"": 3,
  ""static_reason"": ""All entities (cook, blender jug lid, table) are identical between the anchor and the hard negative."",
  ""chiral_score"": 3,
  ""chiral_reason"": ""The actions 'drops' and 'picks up' are perfect directional antonyms regarding the movement of the object relative to the table."",
  ""verdict"": ""PASS""
}"
9405,ego4d,The person picks the soap bottle,The person picks a bottle of water on a table,The person puts the soap bottle down,3.0,"The subject and object are identical in both sentences, and no external settings or manners are introduced.",3.0,The action 'picks' and 'puts down' form a perfect temporal and directional antonym pair.,PASS,,"{
  ""static_score"": 3,
  ""static_reason"": ""The subject and object are identical in both sentences, and no external settings or manners are introduced."",
  ""chiral_score"": 3,
  ""chiral_reason"": ""The action 'picks' and 'puts down' form a perfect temporal and directional antonym pair."",
  ""verdict"": ""PASS""
}"
9406,ego4d,The student lifts up her hand,The student lifts the hand with the pen,The student lowers her hand,3.0,The subject and object are perfectly preserved across both sentences with no extraneous changes.,3.0,The verb 'lowers' is the direct directional antonym of the phrasal verb 'lifts up'.,PASS,,"{
  ""static_score"": 3,
  ""static_reason"": ""The subject and object are perfectly preserved across both sentences with no extraneous changes."",
  ""chiral_score"": 3,
  ""chiral_reason"": ""The verb 'lowers' is the direct directional antonym of the phrasal verb 'lifts up'."",
  ""verdict"": ""PASS""
}"
9407,ego4d,The housekeeper puts the cloth on the bed,The housekeeper puts the cloth on top of the sewing machine,The housekeeper takes the cloth off the bed,3.0,"The subject, object, and the specific location of the bed are identical in both sentences.",3.0,The action 'puts on' and its inverse 'takes off' represent a perfect directional and temporal antonym pair.,PASS,,"{
  ""static_score"": 3,
  ""static_reason"": ""The subject, object, and the specific location of the bed are identical in both sentences."",
  ""chiral_score"": 3,
  ""chiral_reason"": ""The action 'puts on' and its inverse 'takes off' represent a perfect directional and temporal antonym pair."",
  ""verdict"": ""PASS""
}"
9408,ego4d,The child folds the tissue paper in the hands,The child folds a piece of paper from the wall,The child unfolds the tissue paper in the hands,3.0,"The subject, object, and setting are verbatim identical between the anchor and the hard negative.",3.0,"The verb 'unfolds' is the direct lexical and temporal antonym of 'folds', creating a perfect chiral pair.",PASS,,"{
  ""static_score"": 3,
  ""static_reason"": ""The subject, object, and setting are verbatim identical between the anchor and the hard negative."",
  ""chiral_score"": 3,
  ""chiral_reason"": ""The verb 'unfolds' is the direct lexical and temporal antonym of 'folds', creating a perfect chiral pair."",
  ""verdict"": ""PASS""
}"
9409,ego4d,The **kitchen assistant** opens the cabinet door,The **kitchen assistant** opens door,The **kitchen assistant** closes the cabinet door,3.0,The subject and object phrases are character-for-character identical between the anchor and the hard negative.,3.0,The verb 'closes' is the direct temporal and directional antonym of 'opens' in the context of a door.,PASS,,"{
  ""static_score"": 3,
  ""static_reason"": ""The subject and object phrases are character-for-character identical between the anchor and the hard negative."",
  ""chiral_score"": 3,
  ""chiral_reason"": ""The verb 'closes' is the direct temporal and directional antonym of 'opens' in the context of a door."",
  ""verdict"": ""PASS""
}"
9410,ego4d,The mechanic removes screw from the bicycle,The mechanic removes the screw from the cordless screwdriver with his right hand.,The mechanic inserts screw into the bicycle,3.0,"The subject, object, and setting are identical between the anchor and the hard negative.",3.0,'Inserts' is the direct temporal and directional antonym of 'removes' in this context.,PASS,,"{
  ""static_score"": 3,
  ""static_reason"": ""The subject, object, and setting are identical between the anchor and the hard negative."",
  ""chiral_score"": 3,
  ""chiral_reason"": ""'Inserts' is the direct temporal and directional antonym of 'removes' in this context."",
  ""verdict"": ""PASS""
}"
9411,ego4d,The woman opens the box with her left hand.,The gardener opens the garden tool box,The woman closes the box with her left hand.,3.0,"Subject, object, and manner are perfectly identical between the anchor and the hard negative.",3.0,The action 'closes' is the direct temporal and directional antonym of 'opens'.,PASS,,"{
  ""static_score"": 3,
  ""static_reason"": ""Subject, object, and manner are perfectly identical between the anchor and the hard negative."",
  ""chiral_score"": 3,
  ""chiral_reason"": ""The action 'closes' is the direct temporal and directional antonym of 'opens'."",
  ""verdict"": ""PASS""
}"
9412,ego4d,The seamstress places the fabric on her lap,The seamstress places the fabric in her left hand,The seamstress takes the fabric off her lap,3.0,"The subject (seamstress), object (fabric), and specific setting (her lap) are perfectly preserved.",3.0,The action 'places on' and its counterpart 'takes off' constitute a perfect directional and temporal antonym pair.,PASS,,"{
  ""static_score"": 3,
  ""static_reason"": ""The subject (seamstress), object (fabric), and specific setting (her lap) are perfectly preserved."",
  ""chiral_score"": 3,
  ""chiral_reason"": ""The action 'places on' and its counterpart 'takes off' constitute a perfect directional and temporal antonym pair."",
  ""verdict"": ""PASS""
}"
9413,ego4d,The athlete lifts up the hand,The athlete lifts up the hand,The athlete lowers the hand,3.0,The subject and object are identical between the anchor and the hard negative.,3.0,The verb 'lowers' is the direct directional antonym of the phrasal verb 'lifts up'.,PASS,,"{
  ""static_score"": 3,
  ""static_reason"": ""The subject and object are identical between the anchor and the hard negative."",
  ""chiral_score"": 3,
  ""chiral_reason"": ""The verb 'lowers' is the direct directional antonym of the phrasal verb 'lifts up'."",
  ""verdict"": ""PASS""
}"
9414,ego4d,The woman closes the bottle of cream with her left hand,The woman closes the bottle with the lid,The woman opens the bottle of cream with her left hand,3.0,"The subject, object, and specific manner of the action are perfectly identical between the anchor and the hard negative.",3.0,The action 'opens' is the precise temporal and directional antonym of 'closes' as required.,PASS,,"{
  ""static_score"": 3,
  ""static_reason"": ""The subject, object, and specific manner of the action are perfectly identical between the anchor and the hard negative."",
  ""chiral_score"": 3,
  ""chiral_reason"": ""The action 'opens' is the precise temporal and directional antonym of 'closes' as required."",
  ""verdict"": ""PASS""
}"
9415,ego4d,The owner drops the rubber container on a chair with his right hand,The owner drops the container on the board with his left hand.,The owner picks up the rubber container from a chair with his right hand,3.0,"Subject, object, setting, and manner are identical, with only the preposition adjusted to accommodate the reversed action.",3.0,The actions 'drops' and 'picks up' constitute a valid temporal and directional inversion of movement.,PASS,,"{
  ""static_score"": 3,
  ""static_reason"": ""Subject, object, setting, and manner are identical, with only the preposition adjusted to accommodate the reversed action."",
  ""chiral_score"": 3,
  ""chiral_reason"": ""The actions 'drops' and 'picks up' constitute a valid temporal and directional inversion of movement."",
  ""verdict"": ""PASS""
}"
9416,ego4d,The researcher places her right hand in a bowl of water.,The researcher places his left hand on the slide,The researcher removes her right hand from a bowl of water.,3.0,"The subject, object, and setting are identical across both sentences, with only the verb and its associated preposition changing.",3.0,The verbs 'places' and 'removes' represent a perfect temporal and directional antonym pair for this context.,PASS,,"{
  ""static_score"": 3,
  ""static_reason"": ""The subject, object, and setting are identical across both sentences, with only the verb and its associated preposition changing."",
  ""chiral_score"": 3,
  ""chiral_reason"": ""The verbs 'places' and 'removes' represent a perfect temporal and directional antonym pair for this context."",
  ""verdict"": ""PASS""
}"
9417,ego4d,The technician unscrews a screw on the table saw guard with the hand drill in his right hand.,The technician unscrews a screw in the port with the screw driver in both hands.,The technician screws a screw on the table saw guard with the hand drill in his right hand.,3.0,"The subject, object, and the detailed manner of execution are identical between the anchor and the hard negative.",3.0,The action 'screws' is the direct temporal and directional antonym of 'unscrews'.,PASS,,"{
  ""static_score"": 3,
  ""static_reason"": ""The subject, object, and the detailed manner of execution are identical between the anchor and the hard negative."",
  ""chiral_score"": 3,
  ""chiral_reason"": ""The action 'screws' is the direct temporal and directional antonym of 'unscrews'."",
  ""verdict"": ""PASS""
}"
9418,ego4d,The woman takes food from the food pack on the picnic cloth with the fork in her left hand.,The woman takes out a packaged food from the refrigerator with her right hand.,The woman puts food into the food pack on the picnic cloth with the fork in her left hand.,3.0,"The subject, object, setting, and manner are identical between the anchor and the hard negative, satisfying the preservation criteria perfectly.",3.0,The actions 'takes from' and 'puts into' represent a textbook directional antonym pair for the movement of an object.,PASS,,"{
  ""static_score"": 3,
  ""static_reason"": ""The subject, object, setting, and manner are identical between the anchor and the hard negative, satisfying the preservation criteria perfectly."",
  ""chiral_score"": 3,
  ""chiral_reason"": ""The actions 'takes from' and 'puts into' represent a textbook directional antonym pair for the movement of an object."",
  ""verdict"": ""PASS""
}"
9419,ego4d,The cook puts cooking oil on the cooking pan,The cook puts oil on the right side of the chair front leg with the injector,The cook removes cooking oil from the cooking pan,3.0,"The subject, object, and setting are verbatim identical between the anchor and the hard negative.",3.0,'Removes' serves as a precise directional and temporal antonym to 'puts' in the context of handling an object.,PASS,,"{
  ""static_score"": 3,
  ""static_reason"": ""The subject, object, and setting are verbatim identical between the anchor and the hard negative."",
  ""chiral_score"": 3,
  ""chiral_reason"": ""'Removes' serves as a precise directional and temporal antonym to 'puts' in the context of handling an object."",
  ""verdict"": ""PASS""
}"
9420,ego4d,The carpenter tightens the screw on the wood with the drilling machine,The carpenter tightens the screw,The carpenter loosens the screw on the wood with the drilling machine,3.0,"All non-action elements, including the subject, object, setting, and instrument, are perfectly preserved and identical.",3.0,The actions 'tightens' and 'loosens' are direct mechanical and directional antonyms.,PASS,,"{
  ""static_score"": 3,
  ""static_reason"": ""All non-action elements, including the subject, object, setting, and instrument, are perfectly preserved and identical."",
  ""chiral_score"": 3,
  ""chiral_reason"": ""The actions 'tightens' and 'loosens' are direct mechanical and directional antonyms."",
  ""verdict"": ""PASS""
}"
9421,ego4d,The gardener places left hand on cutting grass machine,A woman lifts left hand from a table,The gardener removes left hand from cutting grass machine,3.0,"The subject, object, and setting are identical in both sentences, maintaining perfect static preservation.",3.0,The action 'removes from' is the direct directional and temporal antonym of 'places on'.,PASS,,"{
  ""static_score"": 3,
  ""static_reason"": ""The subject, object, and setting are identical in both sentences, maintaining perfect static preservation."",
  ""chiral_score"": 3,
  ""chiral_reason"": ""The action 'removes from' is the direct directional and temporal antonym of 'places on'."",
  ""verdict"": ""PASS""
}"
9422,ego4d,The lady picks up a shoe,The man picks up the shoe,The lady puts down the shoe,2.0,"The subject remains identical, but the object contains a minor discrepancy between the indefinite and definite article.",3.0,"The action 'puts down' is the exact temporal and directional antonym of 'picks up,' as specified in the criteria.",PASS,,"{
  ""static_score"": 2,
  ""static_reason"": ""The subject remains identical, but the object contains a minor discrepancy between the indefinite and definite article."",
  ""chiral_score"": 3,
  ""chiral_reason"": ""The action 'puts down' is the exact temporal and directional antonym of 'picks up,' as specified in the criteria."",
  ""verdict"": ""PASS""
}"
9423,ego4d,The gentleman picks a cup of coffee with the left hand,The gentleman picks up a cup of drink from the table with his right hand.,The gentleman puts down a cup of coffee with the left hand,3.0,"The subject, object, and specific manner (left hand) are identical across both sentences.",3.0,'Picks' and 'puts down' serve as a perfect temporal and directional antonym pair in this context.,PASS,,"{
  ""static_score"": 3,
  ""static_reason"": ""The subject, object, and specific manner (left hand) are identical across both sentences."",
  ""chiral_score"": 3,
  ""chiral_reason"": ""'Picks' and 'puts down' serve as a perfect temporal and directional antonym pair in this context."",
  ""verdict"": ""PASS""
}"
9424,ego4d,The cook picks the knife from the chopping board.,The cook picks the knife from the bowl with her right hand.,The cook places the knife on the chopping board.,3.0,"The subject, object, and setting (chopping board) are identical between the anchor and the hard negative.",3.0,Picking an object from a surface and placing it on that surface are direct directional antonyms.,PASS,,"{
  ""static_score"": 3,
  ""static_reason"": ""The subject, object, and setting (chopping board) are identical between the anchor and the hard negative."",
  ""chiral_score"": 3,
  ""chiral_reason"": ""Picking an object from a surface and placing it on that surface are direct directional antonyms."",
  ""verdict"": ""PASS""
}"
9425,ego4d,The cleaner removes her left hand from the Japanese bamboo broom.,The cleaner removes the hand from the bowl,The cleaner places her left hand into the Japanese bamboo broom.,3.0,"The subject, object, and specific setting are identical in both the anchor and the hard negative.",3.0,The action 'places into' is a direct directional and temporal antonym of 'removes from'.,PASS,,"```json
{
  ""static_score"": 3,
  ""static_reason"": ""The subject, object, and specific setting are identical in both the anchor and the hard negative."",
  ""chiral_score"": 3,
  ""chiral_reason"": ""The action 'places into' is a direct directional and temporal antonym of 'removes from'."",
  ""verdict"": ""PASS""
}
```"
9426,ego4d,The baker picks a tray of egg crates from the rack with both hands.,She picks the tray,The baker places a tray of egg crates onto the rack with both hands.,3.0,"The subject, object, and manner are identical, and the setting remains the rack despite the prepositional change required by the action flip.",3.0,The actions 'picks' and 'places' constitute a perfect directional antonym pair in the context of interacting with an object and a rack.,PASS,,"{
  ""static_score"": 3,
  ""static_reason"": ""The subject, object, and manner are identical, and the setting remains the rack despite the prepositional change required by the action flip."",
  ""chiral_score"": 3,
  ""chiral_reason"": ""The actions 'picks' and 'places' constitute a perfect directional antonym pair in the context of interacting with an object and a rack."",
  ""verdict"": ""PASS""
}"
9427,ego4d,The driver opens car door,The driver opens the house door,The driver closes car door,3.0,"The subject and object are identical in both sentences, maintaining perfect preservation of non-action elements.",3.0,The verb 'closes' is the direct temporal and directional antonym of 'opens'.,PASS,,"{
  ""static_score"": 3,
  ""static_reason"": ""The subject and object are identical in both sentences, maintaining perfect preservation of non-action elements."",
  ""chiral_score"": 3,
  ""chiral_reason"": ""The verb 'closes' is the direct temporal and directional antonym of 'opens'."",
  ""verdict"": ""PASS""
}"
9428,ego4d,The runner puts his hand on his leg,The runner puts down his hand,The runner takes his hand off his leg,3.0,"The subject, object, and reference location are identical, with no changes to modifiers or setting.",3.0,The actions 'puts on' and 'takes off' are perfect directional and temporal antonyms.,PASS,,"{
  ""static_score"": 3,
  ""static_reason"": ""The subject, object, and reference location are identical, with no changes to modifiers or setting."",
  ""chiral_score"": 3,
  ""chiral_reason"": ""The actions 'puts on' and 'takes off' are perfect directional and temporal antonyms."",
  ""verdict"": ""PASS""
}"
9429,ego4d,The person picks a lid,The man picks lid from the table,The person puts a lid down,3.0,"The subject 'The person' and the object 'a lid' are identical across both the anchor and the hard negative, with no extraneous setting details added.",3.0,The action 'picks' (representing pick-up) and 'puts down' are classic directional and temporal antonyms of the same interaction.,PASS,,"{
  ""static_score"": 3,
  ""static_reason"": ""The subject 'The person' and the object 'a lid' are identical across both the anchor and the hard negative, with no extraneous setting details added."",
  ""chiral_score"": 3,
  ""chiral_reason"": ""The action 'picks' (representing pick-up) and 'puts down' are classic directional and temporal antonyms of the same interaction."",
  ""verdict"": ""PASS""
}"
9430,ego4d,The artisan folds a nylon paper,The artisan folds the tissue paper in her hands.,The artisan unfolds a nylon paper,3.0,The subject and object are perfectly identical between the anchor and the hard negative.,3.0,The action 'unfolds' is the direct temporal and directional antonym of 'folds'.,PASS,,"{
  ""static_score"": 3,
  ""static_reason"": ""The subject and object are perfectly identical between the anchor and the hard negative."",
  ""chiral_score"": 3,
  ""chiral_reason"": ""The action 'unfolds' is the direct temporal and directional antonym of 'folds'."",
  ""verdict"": ""PASS""
}"
9431,ego4d,The cook picks the spoon,The cook picks a spoon from the cooking pot,The cook puts the spoon down,3.0,"The subject and object are identical between the anchor and the hard negative, with no additional settings or modifiers to create a mismatch.",2.0,"The action 'puts down' is the directional antonym of 'picks' (interpreted here as 'takes'), though 'picks' is slightly more ambiguous than 'picks up'.",PASS,,"```json
{
  ""static_score"": 3,
  ""static_reason"": ""The subject and object are identical between the anchor and the hard negative, with no additional settings or modifiers to create a mismatch."",
  ""chiral_score"": 2,
  ""chiral_reason"": ""The action 'puts down' is the directional antonym of 'picks' (interpreted here as 'takes'), though 'picks' is slightly more ambiguous than 'picks up'."",
  ""verdict"": ""PASS""
}
```"
9432,ego4d,The server puts the chopsticks inside the sachet,The server puts the chopsticks in the paper with meat,The server takes the chopsticks out of the sachet,3.0,"The subject (server), object (chopsticks), and container (sachet) are identical in both sentences.",3.0,The action 'puts inside' is the precise directional and temporal antonym of 'takes out of'.,PASS,,"{
  ""static_score"": 3,
  ""static_reason"": ""The subject (server), object (chopsticks), and container (sachet) are identical in both sentences."",
  ""chiral_score"": 3,
  ""chiral_reason"": ""The action 'puts inside' is the precise directional and temporal antonym of 'takes out of'."",
  ""verdict"": ""PASS""
}"
9433,ego4d,The homeowner closes the fridge door,The homeowner closes the washing machine door.,The homeowner opens the fridge door,3.0,"The subject and object are identical between the anchor and the hard negative, ensuring complete preservation of the non-action elements.",3.0,The verb 'opens' is the exact directional and functional antonym of 'closes' in the context of a door.,PASS,,"{
  ""static_score"": 3,
  ""static_reason"": ""The subject and object are identical between the anchor and the hard negative, ensuring complete preservation of the non-action elements."",
  ""chiral_score"": 3,
  ""chiral_reason"": ""The verb 'opens' is the exact directional and functional antonym of 'closes' in the context of a door."",
  ""verdict"": ""PASS""
}"
9434,ego4d,The woman Y picks up a phone from the sofa with her left hand,The man picks a mobile phone from the table with his right hand.,The woman Y puts down the phone on the sofa with her left hand,3.0,"The subject, object, setting, and manner are identical across both sentences, with only a necessary prepositional change to support the action reversal.",3.0,The phrase 'puts down' is a perfect directional and temporal antonym to the anchor's action 'picks up'.,PASS,,"{
  ""static_score"": 3,
  ""static_reason"": ""The subject, object, setting, and manner are identical across both sentences, with only a necessary prepositional change to support the action reversal."",
  ""chiral_score"": 3,
  ""chiral_reason"": ""The phrase 'puts down' is a perfect directional and temporal antonym to the anchor's action 'picks up'."",
  ""verdict"": ""PASS""
}"
9435,ego4d,The delivery person opens the box on the floor with his left hand.,The delivery person opens the box,The delivery person closes the box on the floor with his left hand.,3.0,"The subject, object, setting, and manner are word-for-word identical between the anchor and the hard negative.",3.0,The verb 'closes' is the direct temporal and functional antonym of the verb 'opens'.,PASS,,"{
  ""static_score"": 3,
  ""static_reason"": ""The subject, object, setting, and manner are word-for-word identical between the anchor and the hard negative."",
  ""chiral_score"": 3,
  ""chiral_reason"": ""The verb 'closes' is the direct temporal and functional antonym of the verb 'opens'."",
  ""verdict"": ""PASS""
}"
9436,ego4d,The carpenter puts the electric hand saw into the drawer case,The carpenter puts hand on a stand,The carpenter takes the electric hand saw out of the drawer case,3.0,"The subject, object, and setting are perfectly identical across both sentences.",3.0,The phrase 'takes out of' is a precise directional and temporal antonym for 'puts into'.,PASS,,"```json
{
  ""static_score"": 3,
  ""static_reason"": ""The subject, object, and setting are perfectly identical across both sentences."",
  ""chiral_score"": 3,
  ""chiral_reason"": ""The phrase 'takes out of' is a precise directional and temporal antonym for 'puts into'."",
  ""verdict"": ""PASS""
}
```"
9437,ego4d,The surgeon puts the knife down,The surgeon puts the down the knife on his right hand,The surgeon picks up the knife,3.0,The subject and object are identical across the anchor and hard negative with no additional descriptors or setting changes.,3.0,'Picks up' is a perfect temporal and directional antonym of 'puts down' in this context.,PASS,,"```json
{
  ""static_score"": 3,
  ""static_reason"": ""The subject and object are identical across the anchor and hard negative with no additional descriptors or setting changes."",
  ""chiral_score"": 3,
  ""chiral_reason"": ""'Picks up' is a perfect temporal and directional antonym of 'puts down' in this context."",
  ""verdict"": ""PASS""
}
```"
9438,ego4d,The worker releases left hand from the metal,The worker lowers left hand,The worker places left hand on the metal,3.0,"The subject (worker), object (left hand), and setting (metal) are identical between the anchor and the hard negative.",3.0,The actions 'releases from' and 'places on' are perfect temporal/directional antonyms describing the transition of physical contact.,PASS,,"```json
{
  ""static_score"": 3,
  ""static_reason"": ""The subject (worker), object (left hand), and setting (metal) are identical between the anchor and the hard negative."",
  ""chiral_score"": 3,
  ""chiral_reason"": ""The actions 'releases from' and 'places on' are perfect temporal/directional antonyms describing the transition of physical contact."",
  ""verdict"": ""PASS""
}
```"
9439,ego4d,The baker puts a measuring spoon in a utensil holder,The baker puts the wooden spoon in a spoon rack.,The baker takes a measuring spoon out of a utensil holder,3.0,"The subject, object, and setting are verbatim identical across both sentences, maintaining perfect static preservation.",3.0,The action 'takes out of' is the precise directional and temporal antonym of 'puts in'.,PASS,,"{
  ""static_score"": 3,
  ""static_reason"": ""The subject, object, and setting are verbatim identical across both sentences, maintaining perfect static preservation."",
  ""chiral_score"": 3,
  ""chiral_reason"": ""The action 'takes out of' is the precise directional and temporal antonym of 'puts in'."",
  ""verdict"": ""PASS""
}"
9440,ego4d,The worker places his left hand on the bolt tightening machine in his right hand.,The worker places his right hand on the edge of the walkway.,The worker removes his left hand from the bolt tightening machine in his right hand.,3.0,"All entities, including the specific details of the machine being held in the right hand, are perfectly preserved.",3.0,'Places' and 'removes' are ideal directional antonyms for describing this physical interaction.,PASS,,"{
  ""static_score"": 3,
  ""static_reason"": ""All entities, including the specific details of the machine being held in the right hand, are perfectly preserved."",
  ""chiral_score"": 3,
  ""chiral_reason"": ""'Places' and 'removes' are ideal directional antonyms for describing this physical interaction."",
  ""verdict"": ""PASS""
}"
9441,ego4d,The shopper drops bag,The shopper drops the bag down,The shopper picks up bag,3.0,The subject and object are identical across the anchor and hard negative with no extraneous elements.,3.0,Dropping and picking up are perfect temporal and directional antonyms regarding object interaction.,PASS,,"{
  ""static_score"": 3,
  ""static_reason"": ""The subject and object are identical across the anchor and hard negative with no extraneous elements."",
  ""chiral_score"": 3,
  ""chiral_reason"": ""Dropping and picking up are perfect temporal and directional antonyms regarding object interaction."",
  ""verdict"": ""PASS""
}"
9442,ego4d,The child puts down a picture of a dog,The child puts the picture on the table,The child picks up a picture of a dog,3.0,The subject and complex object are identical across both sentences with no variations in wording or setting.,3.0,The action 'picks up' is the precise directional and temporal antonym of 'puts down'.,PASS,,"{
  ""static_score"": 3,
  ""static_reason"": ""The subject and complex object are identical across both sentences with no variations in wording or setting."",
  ""chiral_score"": 3,
  ""chiral_reason"": ""The action 'picks up' is the precise directional and temporal antonym of 'puts down'."",
  ""verdict"": ""PASS""
}"
9443,ego4d,The construction worker places his left hand onto a stack of bricks on the floor.,The construction worker places his left hand on the wooden board.,The construction worker removes his left hand from a stack of bricks on the floor.,3.0,"The subject, object, and specific location are identical, with only the prepositional direction changing to accommodate the verb.",3.0,The verbs 'places' and 'removes' constitute a perfect directional and temporal reversal of the same motion.,PASS,,"{
  ""static_score"": 3,
  ""static_reason"": ""The subject, object, and specific location are identical, with only the prepositional direction changing to accommodate the verb."",
  ""chiral_score"": 3,
  ""chiral_reason"": ""The verbs 'places' and 'removes' constitute a perfect directional and temporal reversal of the same motion."",
  ""verdict"": ""PASS""
}"
9444,ego4d,The woman places the glass cup in her right hand on the coaster on the table.,The woman places the cup on the table,The woman takes the glass cup in her right hand off the coaster on the table.,3.0,"The subject, specific object description, and detailed locational setting are identical between the anchor and the hard negative.",3.0,'Places on' and 'takes off' represent a perfect directional and temporal antonym pair for the action described.,PASS,,"```json
{
  ""static_score"": 3,
  ""static_reason"": ""The subject, specific object description, and detailed locational setting are identical between the anchor and the hard negative."",
  ""chiral_score"": 3,
  ""chiral_reason"": ""'Places on' and 'takes off' represent a perfect directional and temporal antonym pair for the action described."",
  ""verdict"": ""PASS""
}
```"
9445,ego4d,The **cook** picks up the knife,The **cook** picks up the knife on the cutting board,The **cook** puts down the knife,3.0,The subject and object are identical in both sentences with no variations in setting or manner.,3.0,The action 'puts down' is a perfect directional and temporal antonym of 'picks up'.,PASS,,"{
  ""static_score"": 3,
  ""static_reason"": ""The subject and object are identical in both sentences with no variations in setting or manner."",
  ""chiral_score"": 3,
  ""chiral_reason"": ""The action 'puts down' is a perfect directional and temporal antonym of 'picks up'."",
  ""verdict"": ""PASS""
}"
9446,ego4d,The guest puts cup on the table,"The guest puts the cup, juice box, and its cap beside a window",The guest takes cup off the table,3.0,"The subject, object, and the table setting are identical between the anchor and the negative, ensuring perfect preservation of non-action elements.",3.0,The action 'takes off' is the precise directional and temporal inverse of the anchor's action 'puts on'.,PASS,,"{
  ""static_score"": 3,
  ""static_reason"": ""The subject, object, and the table setting are identical between the anchor and the negative, ensuring perfect preservation of non-action elements."",
  ""chiral_score"": 3,
  ""chiral_reason"": ""The action 'takes off' is the precise directional and temporal inverse of the anchor's action 'puts on'."",
  ""verdict"": ""PASS""
}"
9447,ego4d,The construction worker lifts concrete mixing bowl,The construction worker lifts a bowl from the sink,The construction worker lowers concrete mixing bowl,3.0,"The subject and object are verbatim identical between the anchor and the hard negative, preserving all static elements.",3.0,"The verb 'lowers' is a perfect directional antonym of 'lifts,' creating a clear chiral contrast.",PASS,,"{
  ""static_score"": 3,
  ""static_reason"": ""The subject and object are verbatim identical between the anchor and the hard negative, preserving all static elements."",
  ""chiral_score"": 3,
  ""chiral_reason"": ""The verb 'lowers' is a perfect directional antonym of 'lifts,' creating a clear chiral contrast."",
  ""verdict"": ""PASS""
}"
9448,ego4d,The **passenger** puts the hand on the lap,The **passenger** puts down his hand,The **passenger** takes the hand off the lap,3.0,"The subject, object, and setting are identical across both sentences, maintaining perfect static preservation.",3.0,The actions 'puts on' and 'takes off' are clear directional and temporal antonyms in this context.,PASS,,"```json
{
  ""static_score"": 3,
  ""static_reason"": ""The subject, object, and setting are identical across both sentences, maintaining perfect static preservation."",
  ""chiral_score"": 3,
  ""chiral_reason"": ""The actions 'puts on' and 'takes off' are clear directional and temporal antonyms in this context."",
  ""verdict"": ""PASS""
}
```"
9449,ego4d,The waiter places the cup of tea on the table,The waiter places the cup of water down,The waiter takes the cup of tea off the table,3.0,"The subject (the waiter), object (the cup of tea), and the setting (the table) are identical across both sentences.",3.0,The action 'takes off' is the exact directional and temporal antonym of 'places on'.,PASS,,"```json
{
  ""static_score"": 3,
  ""static_reason"": ""The subject (the waiter), object (the cup of tea), and the setting (the table) are identical across both sentences."",
  ""chiral_score"": 3,
  ""chiral_reason"": ""The action 'takes off' is the exact directional and temporal antonym of 'places on'."",
  ""verdict"": ""PASS""
}
```"
9450,ego4d,The construction worker removes hand from the bucket,The construction worker removes the left hand from the ground,The construction worker puts hand into the bucket,3.0,"The subject, object, and the bucket setting are perfectly identical across the anchor and the hard negative.",3.0,The action phrase 'puts into' is a precise directional and temporal antonym of 'removes from'.,PASS,,"```json
{
  ""static_score"": 3,
  ""static_reason"": ""The subject, object, and the bucket setting are perfectly identical across the anchor and the hard negative."",
  ""chiral_score"": 3,
  ""chiral_reason"": ""The action phrase 'puts into' is a precise directional and temporal antonym of 'removes from'."",
  ""verdict"": ""PASS""
}
```"
9451,ego4d,The athlete lifts his right hand up,The athlete lifts her left hand,The athlete lowers his right hand down,3.0,The subject and the specific object 'his right hand' are identical across both sentences.,3.0,Lifting up and lowering down represent a perfect directional antonym pair for the described movement.,PASS,,"{
  ""static_score"": 3,
  ""static_reason"": ""The subject and the specific object 'his right hand' are identical across both sentences."",
  ""chiral_score"": 3,
  ""chiral_reason"": ""Lifting up and lowering down represent a perfect directional antonym pair for the described movement."",
  ""verdict"": ""PASS""
}"
9452,ego4d,The scientist drops the bottle of liquid in his right hand on the table.,The scientist drops the bottle,The scientist picks up the bottle of liquid from the table with his right hand.,3.0,"All entities, including the scientist, the bottle of liquid, the right hand, and the table, are identical across both sentences.",3.0,'Picks up' serves as the perfect directional and temporal antonym to 'drops' within the context of interacting with an object on a table.,PASS,,"{
  ""static_score"": 3,
  ""static_reason"": ""All entities, including the scientist, the bottle of liquid, the right hand, and the table, are identical across both sentences."",
  ""chiral_score"": 3,
  ""chiral_reason"": ""'Picks up' serves as the perfect directional and temporal antonym to 'drops' within the context of interacting with an object on a table."",
  ""verdict"": ""PASS""
}"
9453,ego4d,The carpenter puts the drill bit box into the drawer,The carpenter puts the box back on the table,The carpenter takes the drill bit box out of the drawer,3.0,"The subject, object, and location are identical between the anchor and the hard negative.",3.0,The phrases 'puts into' and 'takes out of' represent a perfect directional and temporal reversal of the action.,PASS,,"{
  ""static_score"": 3,
  ""static_reason"": ""The subject, object, and location are identical between the anchor and the hard negative."",
  ""chiral_score"": 3,
  ""chiral_reason"": ""The phrases 'puts into' and 'takes out of' represent a perfect directional and temporal reversal of the action."",
  ""verdict"": ""PASS""
}"
9454,ego4d,The tailor places the iron box on the ironing board,The tailor places the iron box on the saree,The tailor removes the iron box from the ironing board,3.0,"The subject, object, and setting noun are identical between the anchor and the hard negative.",3.0,The verbs 'places' and 'removes' are perfect directional antonyms in the context of the setting.,PASS,,"{
  ""static_score"": 3,
  ""static_reason"": ""The subject, object, and setting noun are identical between the anchor and the hard negative."",
  ""chiral_score"": 3,
  ""chiral_reason"": ""The verbs 'places' and 'removes' are perfect directional antonyms in the context of the setting."",
  ""verdict"": ""PASS""
}"
9455,ego4d,The woman opens the cabinet,The woman opens a kitchen cabinet with her right hand.,The woman closes the cabinet,3.0,"The subject and object are perfectly identical between the anchor and the hard negative, preserving all non-action elements.",3.0,"The verb 'closes' is the direct temporal and directional antonym of 'opens', matching the prompt's primary example.",PASS,,"{
  ""static_score"": 3,
  ""static_reason"": ""The subject and object are perfectly identical between the anchor and the hard negative, preserving all non-action elements."",
  ""chiral_score"": 3,
  ""chiral_reason"": ""The verb 'closes' is the direct temporal and directional antonym of 'opens', matching the prompt's primary example."",
  ""verdict"": ""PASS""
}"
9456,ego4d,The cook puts sauce on the food,The man puts sauce on the taco in his left hand with the spoon in his right hand.,The cook removes sauce from the food,3.0,"The subject 'cook', the primary object 'sauce', and the target 'food' are identical between the anchor and the hard negative.",3.0,The action 'removes' is the direct temporal and directional antonym of 'puts' in the context of applying a substance.,PASS,,"{
  ""static_score"": 3,
  ""static_reason"": ""The subject 'cook', the primary object 'sauce', and the target 'food' are identical between the anchor and the hard negative."",
  ""chiral_score"": 3,
  ""chiral_reason"": ""The action 'removes' is the direct temporal and directional antonym of 'puts' in the context of applying a substance."",
  ""verdict"": ""PASS""
}"
9457,ego4d,The woman T picks a pan,The woman T picks a frying pan with her left hand,The woman T puts down a pan,3.0,The subject 'The woman T' and object 'a pan' are perfectly identical between the anchor and the hard negative.,3.0,The action 'puts down' is a direct directional and temporal antonym of 'picks' in the context of object manipulation.,PASS,,"{
  ""static_score"": 3,
  ""static_reason"": ""The subject 'The woman T' and object 'a pan' are perfectly identical between the anchor and the hard negative."",
  ""chiral_score"": 3,
  ""chiral_reason"": ""The action 'puts down' is a direct directional and temporal antonym of 'picks' in the context of object manipulation."",
  ""verdict"": ""PASS""
}"
9458,ego4d,The **man** picks a fork from a plate with his right hand.,The **woman** picks the fork from the plate on the table with her right hand.,The **man** puts a fork on a plate with his right hand.,3.0,"The subject, object, setting, and manner are perfectly identical between the anchor and the hard negative.",3.0,The actions 'picks from' and 'puts on' are precise directional and temporal antonyms.,PASS,,"```json
{
  ""static_score"": 3,
  ""static_reason"": ""The subject, object, setting, and manner are perfectly identical between the anchor and the hard negative."",
  ""chiral_score"": 3,
  ""chiral_reason"": ""The actions 'picks from' and 'puts on' are precise directional and temporal antonyms."",
  ""verdict"": ""PASS""
}
```"
9459,ego4d,The student puts phone on table,The student puts the phone in the pocket,The student takes phone off table,3.0,"The subject (student), object (phone), and setting (table) are identical and perfectly preserved across both sentences.",3.0,The action 'takes off' is the precise directional and temporal antonym of 'puts on'.,PASS,,"```json
{
  ""static_score"": 3,
  ""static_reason"": ""The subject (student), object (phone), and setting (table) are identical and perfectly preserved across both sentences."",
  ""chiral_score"": 3,
  ""chiral_reason"": ""The action 'takes off' is the precise directional and temporal antonym of 'puts on'."",
  ""verdict"": ""PASS""
}
```"
9460,ego4d,The researcher places her left hand on the pile of papers on the notebook.,The researcher places the right hand on the Novel.,The researcher removes her left hand from the pile of papers on the notebook.,3.0,"The subject, object, and setting are perfectly identical between the anchor and the hard negative.",3.0,The verb 'removes' is the precise temporal and directional antonym of the verb 'places'.,PASS,,"{
  ""static_score"": 3,
  ""static_reason"": ""The subject, object, and setting are perfectly identical between the anchor and the hard negative."",
  ""chiral_score"": 3,
  ""chiral_reason"": ""The verb 'removes' is the precise temporal and directional antonym of the verb 'places'."",
  ""verdict"": ""PASS""
}"
9461,ego4d,The technician places his left hand on the computer case.,The technician places her left hand on a book,The technician removes his left hand from the computer case.,3.0,"The subject, object, and target setting are identical across both sentences with no lexical variations.",3.0,The actions 'places on' and 'removes from' represent a perfect directional and temporal reversal.,PASS,,"{
  ""static_score"": 3,
  ""static_reason"": ""The subject, object, and target setting are identical across both sentences with no lexical variations."",
  ""chiral_score"": 3,
  ""chiral_reason"": ""The actions 'places on' and 'removes from' represent a perfect directional and temporal reversal."",
  ""verdict"": ""PASS""
}"
9462,ego4d,The gardener drops container,The gardener drops a container of seedlings in her right hand on the ground.,The gardener picks up container,3.0,"The subject and object are identical between the anchor and the hard negative, maintaining perfect consistency across all non-action elements.",3.0,The verb 'picks up' serves as the direct temporal and directional antonym to 'drops' within the context of vertical object manipulation.,PASS,,"```json
{
  ""static_score"": 3,
  ""static_reason"": ""The subject and object are identical between the anchor and the hard negative, maintaining perfect consistency across all non-action elements."",
  ""chiral_score"": 3,
  ""chiral_reason"": ""The verb 'picks up' serves as the direct temporal and directional antonym to 'drops' within the context of vertical object manipulation."",
  ""verdict"": ""PASS""
}
```"
9463,ego4d,The **cook** drops the knife,The **cook** drops the knife on the chopping board with her right hand.,The **cook** picks up the knife,3.0,The subject and object are identical between the anchor and the hard negative with no mismatched modifiers.,3.0,The verbs 'drops' and 'picks up' are clear directional and temporal antonyms regarding object manipulation.,PASS,,"{
  ""static_score"": 3,
  ""static_reason"": ""The subject and object are identical between the anchor and the hard negative with no mismatched modifiers."",
  ""chiral_score"": 3,
  ""chiral_reason"": ""The verbs 'drops' and 'picks up' are clear directional and temporal antonyms regarding object manipulation."",
  ""verdict"": ""PASS""
}"
9464,ego4d,The mother removes hand from stroller,The child removes the hand from the yarn,The mother places hand into stroller,3.0,"The subject (The mother), object (hand), and setting (stroller) are identical in both sentences, maintaining perfect static preservation.",3.0,The verb phrases 'removes from' and 'places into' are exact directional and temporal antonyms.,PASS,,"{
  ""static_score"": 3,
  ""static_reason"": ""The subject (The mother), object (hand), and setting (stroller) are identical in both sentences, maintaining perfect static preservation."",
  ""chiral_score"": 3,
  ""chiral_reason"": ""The verb phrases 'removes from' and 'places into' are exact directional and temporal antonyms."",
  ""verdict"": ""PASS""
}"
9465,ego4d,The photographer puts the camera on the bag,The woman puts on the camera,The photographer takes the camera off the bag,3.0,"The subject (photographer), object (camera), and reference setting (the bag) are identical between the anchor and the hard negative.",3.0,'Takes off' is the precise directional and temporal antonym of 'puts on' in the context of placing an object on a surface.,PASS,,"```json
{
  ""static_score"": 3,
  ""static_reason"": ""The subject (photographer), object (camera), and reference setting (the bag) are identical between the anchor and the hard negative."",
  ""chiral_score"": 3,
  ""chiral_reason"": ""'Takes off' is the precise directional and temporal antonym of 'puts on' in the context of placing an object on a surface."",
  ""verdict"": ""PASS""
}
```"
9466,ego4d,The carpenter puts the iron box on the table,The carpenter puts the tool box down,The carpenter takes the iron box off the table,3.0,"Subject, object, and setting are identical between the anchor and the hard negative.",3.0,The actions 'puts on' and 'takes off' are perfect directional and temporal antonyms.,PASS,,"{
  ""static_score"": 3,
  ""static_reason"": ""Subject, object, and setting are identical between the anchor and the hard negative."",
  ""chiral_score"": 3,
  ""chiral_reason"": ""The actions 'puts on' and 'takes off' are perfect directional and temporal antonyms."",
  ""verdict"": ""PASS""
}"
9467,ego4d,The man picks up the spoon in the bowl on the table with his left hand.,A woman picks up a bowl,The man puts down the spoon in the bowl on the table with his left hand.,3.0,"Every element aside from the verb phrase, including the subject, complex object description, setting, and manner, is perfectly identical.",3.0,'Puts down' is the direct temporal and directional antonym of 'picks up'.,PASS,,"{
  ""static_score"": 3,
  ""static_reason"": ""Every element aside from the verb phrase, including the subject, complex object description, setting, and manner, is perfectly identical."",
  ""chiral_score"": 3,
  ""chiral_reason"": ""'Puts down' is the direct temporal and directional antonym of 'picks up'."",
  ""verdict"": ""PASS""
}"
9468,ego4d,The laundry attendant places the iron box down,The laundry attendant places the box down,The laundry attendant picks up the iron box,3.0,The subject and object are identical in both sentences with no additional modifiers or setting changes.,3.0,"'Picks up' is the direct physical and temporal antonym of 'places down', matching the prompt's provided examples.",PASS,,"{
  ""static_score"": 3,
  ""static_reason"": ""The subject and object are identical in both sentences with no additional modifiers or setting changes."",
  ""chiral_score"": 3,
  ""chiral_reason"": ""'Picks up' is the direct physical and temporal antonym of 'places down', matching the prompt's provided examples."",
  ""verdict"": ""PASS""
}"
9469,ego4d,The cleaner drops the bottle into the drawer,The cleaner drops the spray bottle on the table with her left hand,The cleaner pulls the bottle out of the drawer,3.0,"The subject (The cleaner), object (the bottle), and setting (the drawer) are identical between the anchor and the hard negative.",3.0,The action 'pulls out of' is a clear directional and temporal antonym of 'drops into' in the context of container interaction.,PASS,,"```json
{
  ""static_score"": 3,
  ""static_reason"": ""The subject (The cleaner), object (the bottle), and setting (the drawer) are identical between the anchor and the hard negative."",
  ""chiral_score"": 3,
  ""chiral_reason"": ""The action 'pulls out of' is a clear directional and temporal antonym of 'drops into' in the context of container interaction."",
  ""verdict"": ""PASS""
}
```"
9470,ego4d,The cleaner picks the cloth with her left hand,The cleaner Picks the cloth,The cleaner places the cloth with her left hand,3.0,"Subject, object, and the specific manner 'with her left hand' are preserved exactly as in the anchor.",3.0,The verbs 'picks' and 'places' serve as direct directional antonyms representing the opposite motions of lifting and setting down.,PASS,,"{
  ""static_score"": 3,
  ""static_reason"": ""Subject, object, and the specific manner 'with her left hand' are preserved exactly as in the anchor."",
  ""chiral_score"": 3,
  ""chiral_reason"": ""The verbs 'picks' and 'places' serve as direct directional antonyms representing the opposite motions of lifting and setting down."",
  ""verdict"": ""PASS""
}"
9471,ego4d,The plumber removes the right hand from the pipe,The plumber removes the hand from the spice tin,The plumber places the right hand into the pipe,3.0,"The subject (plumber), object (right hand), and setting (pipe) are identical between the anchor and the hard negative.",3.0,'Removes from' and 'places into' are perfect directional and temporal antonyms.,PASS,,"{
  ""static_score"": 3,
  ""static_reason"": ""The subject (plumber), object (right hand), and setting (pipe) are identical between the anchor and the hard negative."",
  ""chiral_score"": 3,
  ""chiral_reason"": ""'Removes from' and 'places into' are perfect directional and temporal antonyms."",
  ""verdict"": ""PASS""
}"
9472,ego4d,The knitter pulls the yarn with her right hand.,The knitter pulls the yarn on the bed with her right hand,The knitter lets the yarn go with her right hand.,3.0,"The subject ('The knitter'), object ('the yarn'), and manner ('with her right hand') are identical across both the anchor and the hard negative.",3.0,The action 'lets go' is a clear temporal and functional inverse of 'pulls' in the context of manual object manipulation.,PASS,,"```json
{
  ""static_score"": 3,
  ""static_reason"": ""The subject ('The knitter'), object ('the yarn'), and manner ('with her right hand') are identical across both the anchor and the hard negative."",
  ""chiral_score"": 3,
  ""chiral_reason"": ""The action 'lets go' is a clear temporal and functional inverse of 'pulls' in the context of manual object manipulation."",
  ""verdict"": ""PASS""
}
```"
9473,ego4d,The customer picks the bowl from the ground with his right hand.,The customer picks a bowl of fries,The customer puts the bowl on the ground with his right hand.,3.0,"The subject, object, and specific manner of the action are identical in both sentences.",3.0,The actions 'picks from' and 'puts on' represent a perfect directional and temporal reversal of the movement.,PASS,,"{
  ""static_score"": 3,
  ""static_reason"": ""The subject, object, and specific manner of the action are identical in both sentences."",
  ""chiral_score"": 3,
  ""chiral_reason"": ""The actions 'picks from' and 'puts on' represent a perfect directional and temporal reversal of the movement."",
  ""verdict"": ""PASS""
}"
9474,ego4d,The cleaner picks the cloth,The cleaner picks a cloth from the floor with his left hand.,The cleaner places the cloth,3.0,The subject and object are perfectly identical between the anchor and the hard negative with no additional setting or manner elements introduced.,3.0,Picking and placing represent a perfect directional and temporal antonym pair in the context of object manipulation.,PASS,,"```json
{
  ""static_score"": 3,
  ""static_reason"": ""The subject and object are perfectly identical between the anchor and the hard negative with no additional setting or manner elements introduced."",
  ""chiral_score"": 3,
  ""chiral_reason"": ""Picking and placing represent a perfect directional and temporal antonym pair in the context of object manipulation."",
  ""verdict"": ""PASS""
}
```"
9475,ego4d,The homeowner opens a cabinet,The homeowner opens another cabinet in the work bench,The homeowner closes a cabinet,3.0,The subject and object are identical between the anchor and the hard negative with no additional modifications.,3.0,The actions 'opens' and 'closes' represent a perfect temporal and directional antonym pair.,PASS,,"{
  ""static_score"": 3,
  ""static_reason"": ""The subject and object are identical between the anchor and the hard negative with no additional modifications."",
  ""chiral_score"": 3,
  ""chiral_reason"": ""The actions 'opens' and 'closes' represent a perfect temporal and directional antonym pair."",
  ""verdict"": ""PASS""
}"
9476,ego4d,The student folds the paper,The student folds a paper and puts in the fridge,The student unfolds the paper,3.0,The subject and object are identical to the anchor with no additional modifiers or changes in setting.,3.0,"The verb 'unfold' is the direct physical and temporal antonym of 'fold', perfectly satisfying the chiral requirement.",PASS,,"{
  ""static_score"": 3,
  ""static_reason"": ""The subject and object are identical to the anchor with no additional modifiers or changes in setting."",
  ""chiral_score"": 3,
  ""chiral_reason"": ""The verb 'unfold' is the direct physical and temporal antonym of 'fold', perfectly satisfying the chiral requirement."",
  ""verdict"": ""PASS""
}"
9477,ego4d,The waiter picks a glass of water on a table,The waiter picks the wine glass in the sink bowl,The waiter puts a glass of water on a table,3.0,"The subject, object, and setting are verbatim matches between the anchor and the hard negative.",3.0,The verbs 'picks' and 'puts' represent the exact directional and temporal reversal of the same physical interaction.,PASS,,"```json
{
  ""static_score"": 3,
  ""static_reason"": ""The subject, object, and setting are verbatim matches between the anchor and the hard negative."",
  ""chiral_score"": 3,
  ""chiral_reason"": ""The verbs 'picks' and 'puts' represent the exact directional and temporal reversal of the same physical interaction."",
  ""verdict"": ""PASS""
}
```"
9478,ego4d,The hiker places his left hand on the fence.,The hiker places her right hand on a concrete surface.,The hiker removes his left hand from the fence.,3.0,"The subject, object, and setting are identical between the anchor and the hard negative.",3.0,The verb 'removes' is the direct directional and temporal antonym of 'places' in this context.,PASS,,"{
  ""static_score"": 3,
  ""static_reason"": ""The subject, object, and setting are identical between the anchor and the hard negative."",
  ""chiral_score"": 3,
  ""chiral_reason"": ""The verb 'removes' is the direct directional and temporal antonym of 'places' in this context."",
  ""verdict"": ""PASS""
}"
9479,ego4d,The customer picks a plate on the shelf,The woman H picks the plate on the table with her right hand.,The customer puts a plate on the shelf,3.0,"The subject, object, and setting are identical between the anchor and the hard negative.",3.0,The verbs 'picks' and 'puts' function as direct temporal and directional antonyms in the context of interacting with an object on a shelf.,PASS,,"{
  ""static_score"": 3,
  ""static_reason"": ""The subject, object, and setting are identical between the anchor and the hard negative."",
  ""chiral_score"": 3,
  ""chiral_reason"": ""The verbs 'picks' and 'puts' function as direct temporal and directional antonyms in the context of interacting with an object on a shelf."",
  ""verdict"": ""PASS""
}"
9480,ego4d,The kitchen assistant opens a drawer,The kitchen assistant opens cabinet drawer,The kitchen assistant closes a drawer,3.0,The subject and object are perfectly identical between the anchor and the hard negative sentences.,3.0,The action 'closes' is the precise temporal and directional antonym of 'opens' for a drawer.,PASS,,"{
  ""static_score"": 3,
  ""static_reason"": ""The subject and object are perfectly identical between the anchor and the hard negative sentences."",
  ""chiral_score"": 3,
  ""chiral_reason"": ""The action 'closes' is the precise temporal and directional antonym of 'opens' for a drawer."",
  ""verdict"": ""PASS""
}"
9481,ego4d,The **plumber** turns off the tap with his left hand.,The **plumber** turns on the tap,The **plumber** turns on the tap with his left hand.,3.0,"The subject, object, and manner phrase are identical across both sentences, perfectly preserving the static elements.",3.0,'Turns off' and 'turns on' represent a perfect binary directional antonym pair for this context.,PASS,,"{
  ""static_score"": 3,
  ""static_reason"": ""The subject, object, and manner phrase are identical across both sentences, perfectly preserving the static elements."",
  ""chiral_score"": 3,
  ""chiral_reason"": ""'Turns off' and 'turns on' represent a perfect binary directional antonym pair for this context."",
  ""verdict"": ""PASS""
}"
9482,ego4d,The diner picks the napkin,The diner picks the napkin from the table with his left hand.,The diner puts the napkin down,3.0,"The subject and object are identical between the anchor and the hard negative, with no extraneous settings or mannerisms introduced.",2.0,"The verb 'picks' functions as a shorthand for 'picks up,' which is the directional antonym of 'puts down,' though the lexical pairing is slightly informal.",PASS,,"{
  ""static_score"": 3,
  ""static_reason"": ""The subject and object are identical between the anchor and the hard negative, with no extraneous settings or mannerisms introduced."",
  ""chiral_score"": 2,
  ""chiral_reason"": ""The verb 'picks' functions as a shorthand for 'picks up,' which is the directional antonym of 'puts down,' though the lexical pairing is slightly informal."",
  ""verdict"": ""PASS""
}"
9483,ego4d,The woman puts down the shampoo bottle,The woman puts the spray bottle on the shelve with her right hand.,The woman picks up the shampoo bottle,3.0,"The subject and object are identical between the anchor and the hard negative, with no additional discrepant elements.",3.0,The actions 'puts down' and 'picks up' are classic directional and temporal antonyms.,PASS,,"{
  ""static_score"": 3,
  ""static_reason"": ""The subject and object are identical between the anchor and the hard negative, with no additional discrepant elements."",
  ""chiral_score"": 3,
  ""chiral_reason"": ""The actions 'puts down' and 'picks up' are classic directional and temporal antonyms."",
  ""verdict"": ""PASS""
}"
9484,ego4d,The cook puts food on the table,The cook puts food in a sieve,The cook takes food off the table,3.0,"The subject, object, and setting are identical between the anchor and the hard negative.",3.0,The actions 'puts on' and 'takes off' constitute a perfect directional and temporal reversal.,PASS,,"```json
{
  ""static_score"": 3,
  ""static_reason"": ""The subject, object, and setting are identical between the anchor and the hard negative."",
  ""chiral_score"": 3,
  ""chiral_reason"": ""The actions 'puts on' and 'takes off' constitute a perfect directional and temporal reversal."",
  ""verdict"": ""PASS""
}
```"
9485,ego4d,The technician picks a screw from floor with his right hand.,The technician picks a screw from the printer with his left hand.,The technician puts a screw on the floor with his right hand.,2.0,"The hard negative introduces the definite article 'the' to the setting ('on the floor'), creating a slight linguistic mismatch with the anchor ('from floor').",3.0,The verb 'picks' and 'puts' serve as ideal directional antonyms for a manual task involving a specific object and surface.,PASS,,"{
  ""static_score"": 2,
  ""static_reason"": ""The hard negative introduces the definite article 'the' to the setting ('on the floor'), creating a slight linguistic mismatch with the anchor ('from floor')."",
  ""chiral_score"": 3,
  ""chiral_reason"": ""The verb 'picks' and 'puts' serve as ideal directional antonyms for a manual task involving a specific object and surface."",
  ""verdict"": ""PASS""
}"
9486,ego4d,The man carefully puts the lid on the bottle of water in his right hand with his left hand.,The man carefully puts the filter lid down.,The man carefully takes the lid off the bottle of water in his right hand with his left hand.,3.0,"The subject, object, and the elaborate description of the manner and setting are identical between the anchor and the hard negative.",3.0,The actions 'puts the lid on' and 'takes the lid off' represent a perfect temporal and directional reversal of the same process.,PASS,,"{
  ""static_score"": 3,
  ""static_reason"": ""The subject, object, and the elaborate description of the manner and setting are identical between the anchor and the hard negative."",
  ""chiral_score"": 3,
  ""chiral_reason"": ""The actions 'puts the lid on' and 'takes the lid off' represent a perfect temporal and directional reversal of the same process."",
  ""verdict"": ""PASS""
}"
9487,ego4d,The cook closes the drawer,The cook closes the drawer inside the fridge.,The cook opens the drawer,3.0,The subject and object are identical between the anchor and the hard negative with no extraneous elements.,3.0,'Opens' is the direct temporal and directional antonym of 'closes' in this context.,PASS,,"{
  ""static_score"": 3,
  ""static_reason"": ""The subject and object are identical between the anchor and the hard negative with no extraneous elements."",
  ""chiral_score"": 3,
  ""chiral_reason"": ""'Opens' is the direct temporal and directional antonym of 'closes' in this context."",
  ""verdict"": ""PASS""
}"
9488,ego4d,The tailor puts hand down,The tailor puts hand stitcher down,The tailor lifts hand up,3.0,The subject 'tailor' and the object 'hand' are identical across both sentences with no extra modifiers.,3.0,'Lifts up' is the direct directional and temporal antonym of 'puts down'.,PASS,,"{
  ""static_score"": 3,
  ""static_reason"": ""The subject 'tailor' and the object 'hand' are identical across both sentences with no extra modifiers."",
  ""chiral_score"": 3,
  ""chiral_reason"": ""'Lifts up' is the direct directional and temporal antonym of 'puts down'."",
  ""verdict"": ""PASS""
}"
9489,ego4d,The cook puts cooking pan on the gas,The cook puts the pan aside,The cook takes cooking pan off the gas,3.0,"The subject, object, and setting are perfectly identical across both sentences, maintaining all non-action elements.",3.0,The actions 'puts on' and 'takes off' represent a perfect directional and temporal reversal.,PASS,,"{
  ""static_score"": 3,
  ""static_reason"": ""The subject, object, and setting are perfectly identical across both sentences, maintaining all non-action elements."",
  ""chiral_score"": 3,
  ""chiral_reason"": ""The actions 'puts on' and 'takes off' represent a perfect directional and temporal reversal."",
  ""verdict"": ""PASS""
}"
9490,ego4d,The woman drops the cup on the table with her left hand.,The man drops the cup on the table with his right hand,The woman picks up the cup from the table with her left hand.,3.0,"The subject, object, and manner ('with her left hand') are perfectly preserved between the anchor and the hard negative.",3.0,Dropping and picking up represent a clear directional and temporal reversal of the same action sequence.,PASS,,"```json
{
  ""static_score"": 3,
  ""static_reason"": ""The subject, object, and manner ('with her left hand') are perfectly preserved between the anchor and the hard negative."",
  ""chiral_score"": 3,
  ""chiral_reason"": ""Dropping and picking up represent a clear directional and temporal reversal of the same action sequence."",
  ""verdict"": ""PASS""
}
```"
9491,ego4d,The woman picks a scissors from the floor with her right hand.,The woman picks up the scissors,The woman puts a scissors on the floor with her right hand.,3.0,"The subject, object, setting, and specific manner of use are identical in both sentences.",3.0,'Picks from' and 'puts on' are precise directional and temporal antonyms describing the motion's reversal.,PASS,,"{
  ""static_score"": 3,
  ""static_reason"": ""The subject, object, setting, and specific manner of use are identical in both sentences."",
  ""chiral_score"": 3,
  ""chiral_reason"": ""'Picks from' and 'puts on' are precise directional and temporal antonyms describing the motion's reversal."",
  ""verdict"": ""PASS""
}"
9492,ego4d,The mechanic puts his hand into the container.,The mechanic puts his right hand under the                                                                                                                                                                                                                                                                                                                                                                                                                                                                                                                                                                                                                                                                                                                                                                                                                                                                                                                                                                                                                                                                                                                                                                                                                                                                                                                                                                                                                                                                                                                                                                                                                                                                                                                                                                                                                                                                                                                                                                                                                                                                                                                                                                                                                                                                                                                                                                                                                                                                                                                                                                                                                                                                                                                                                                                                                                                                                                                                                                                                                                                                                                                                                                                                                                                                                                                                                                                                                                                                                                                                                                                                                                                                                                                                                                                                                                                                                                                                                                                                                                                                                                                                                                                                                                                                                                                                                                                                                                                                                                                                                                                                                                                                                                                                                                                                                                                                                                                                                                                                                                                                                                                                                                                                                                                                                                                                                                                                                                                                                                                                                                                                                                                                                                                                                                                                                                                                                                                                                                                                                                                                                                                                                                                                                                                                                                                                                                                                                                                                                                                                                                                                                                                                                                                                                                                                                                                                                                                                                                                                                                                                                                                                                                                                                                                                                                                                                                                                                                                                                                                                                                                                                                                                                                                                                                                                                                                                                                                                                                                                                                                                                                                                                                                                                                                                                                                                                                                                                                                                                                                                                                                                                                                                                                                                                                                                                                                                                                                                                                                                                                                                                                                                                                                                                                                                                                                                                                                                                                                                                                                                                                                                                                                                                                                                                                                                                                                                                                                                                                                                                                                                                                                                                                                                                                                                                                                                                                                                                                                                                                                                                                                                                                                                                                                                                                                                                                                                                                                                                                                                                                                                                                                                                                                                                                                                                                                                                                                                                                                                                                                                                                                                                                                                                                                                                                                                                                                                                                                                                                                                                                                                                                                                                                                                                                                                                                                                                                                                                                                                                                                                                                                                                                                                                                                                                                                                                                                                                                                                                                                                                                                                                                                                                                                                                                                                                                                                                                                                                                                                                                                                                                                                                                                                                                                                                                                                                                                                                                                                                                                                                                                                                                                                                                                                                                                                                                                                                                                                                                                                                                                                                                                                                                                                                                                                                                                                                                                                                                                                                                                                                                                                                                                                                                                                                                                                                                                                                                                                                                                                                                                                                                                                                                                                                                                                                                                                                                                                                                                                                                                                                                                                                                                                                                                                                                                                                                                                                                                                                                                                                                                                                                                                                                                                                                                                                                                                                                                                                                                                                                                                                                                                                                                                                                                                                                                                                                                                                                                                                                                                                                                                                                                                                                                                                                                                                                                                                                                                                                                                                                                                                                                                                                                                                                                                                                                                                                                                                                                                                                                                                                                                                                                                                                                                                                                                                                                                                                                                                                                                                                                                                                                                                                                                                                                                                                                                                                                                                                                                                                                                                                                                                                                                                                                                                                                                                                                                                                                                                                                                                                                                                                                                                                                                                                                                                                                                                                                                                                                                                                                                                                                                                                                                                                                                                                                                                                                                                                                                                                                                                                                                                                                                                                                                                                                                                                                                                                                                                                                                                                                                                                                                                                                                                                                                                                                                                                                                                                                                                                                                                                                                                                                                                                                                                                                                                                                                                                                                                                                                                                                                                                                                                                                                                                                                                                                                                                                                                                                                                                                                                                                                                                                                                                                                                                                                                                                                                                                                                                                                                                                                                                                                                                                                                                                                                                                                                                                                                                                                                                                                                                                                                                                                                                                                                                                                                                                                                                                                                                                                                                                                                                                                                                                                                                                                                                                                                                                                                                                                                                                                                                                                                                                                                                                                                                                                                                                                                                                                                                                                                                                                                                                                                                                                                                                                                                                                                                                                                                                                                                                                                                                                                                                                                                                                                                                                                                                                                                                                                                                                                                                                                                                                                                                                                                                                                                                                                                                                                                                                                                                                                                                                                                                                                                                                                                                                                                                                                                                                                                                                                                                                                                                                                                                                                                                                                                                                                                                                                                                                                                                                                                                                                                                                                                                                                                                                                                                                                                                                                                                                                                                                                                                                                                                                                                                                                                                                                                                                                                                                                                                                                                                                                                                                                                                                                                                                                                                                                                                                                                                                                                                                                                                                                                                                                                                                                                                                                                                                                                                                                                                                                                                                                                                                                                                                                                                                                                                                                                                                                                                                                                                                                                                                                                                                                                                                                                                                                                                                                                                                                                                                                                                                                                                                                                                                                                                                                                                                                                                                                                                                                                                                                                                                                                                                                                                                                                                                                                                                                                                                                                                                                                                                                                                                                                                                                                                                                                                                                                                                                                                                                                                                                                                                                                                                                                                                                                                                                                                                                                                                                                                                                                                                                                                                                                                                                                                                                                                                                                                                                                                                                                                                                                                                                                                                                                                                                                                                                                                                                                                                                                                                                                                                                                                                                                                                 : ""The subject 'plumber' and the object 'tap' are identical in both the anchor and the hard negative."",
  ""chiral_score"": 3,
  ""chiral_reason"": ""The verb 'closes' is a direct directional and temporal antonym of 'opens' within the same context."",
  ""verdict"": ""PASS""
}"
9537,ego4d,The woman closes the water bottle in her right hand with her right hand.,The woman closes the bottle,The woman opens the water bottle in her right hand with her right hand.,3.0,"The subject, object, and specific manner of the action are identical between the anchor and the hard negative.",3.0,The action 'opens' is the direct temporal and directional antonym of 'closes' within the same context.,PASS,,"{
  ""static_score"": 3,
  ""static_reason"": ""The subject, object, and specific manner of the action are identical between the anchor and the hard negative."",
  ""chiral_score"": 3,
  ""chiral_reason"": ""The action 'opens' is the direct temporal and directional antonym of 'closes' within the same context."",
  ""verdict"": ""PASS""
}"
9538,ego4d,The gardener uproots the weeds on the ground,The gardener uproots a weed,The gardener plants the weeds on the ground,3.0,"The subject, object, and setting are perfectly identical across both the anchor and the hard negative.",3.0,The verb 'plants' represents the direct temporal and directional antonym of 'uproots' within the gardening context.,PASS,,"```json
{
  ""static_score"": 3,
  ""static_reason"": ""The subject, object, and setting are perfectly identical across both the anchor and the hard negative."",
  ""chiral_score"": 3,
  ""chiral_reason"": ""The verb 'plants' represents the direct temporal and directional antonym of 'uproots' within the gardening context."",
  ""verdict"": ""PASS""
}
```"
9539,ego4d,The mechanic closes the tool box,The mechanic closes a tool box,The mechanic opens the tool box,3.0,The subject and object are identical word-for-word between the anchor and the hard negative.,3.0,'Opens' is the perfect temporal and directional antonym of 'closes' in this context.,PASS,,"{
  ""static_score"": 3,
  ""static_reason"": ""The subject and object are identical word-for-word between the anchor and the hard negative."",
  ""chiral_score"": 3,
  ""chiral_reason"": ""'Opens' is the perfect temporal and directional antonym of 'closes' in this context."",
  ""verdict"": ""PASS""
}"
9540,ego4d,The knitter pulls more yarn from a skein of yarn with her left hand.,The knitter pulls the yarn through the fabric with the crochet hook,The knitter winds more yarn onto a skein of yarn with her left hand.,2.0,"The prepositional phrases 'from a skein' and 'onto a skein' differ, which technically changes the spatial setting although it supports the action change.",3.0,The actions 'pulling from' and 'winding onto' represent a perfect directional and temporal reversal in the context of yarn management.,PASS,,"{
  ""static_score"": 2,
  ""static_reason"": ""The prepositional phrases 'from a skein' and 'onto a skein' differ, which technically changes the spatial setting although it supports the action change."",
  ""chiral_score"": 3,
  ""chiral_reason"": ""The actions 'pulling from' and 'winding onto' represent a perfect directional and temporal reversal in the context of yarn management."",
  ""verdict"": ""PASS""
}"
9541,ego4d,The cleaner puts the spray bottle on the table,The cleaner puts cooking oil bottle on the table,The cleaner takes the spray bottle off the table,3.0,"The subject, object, and setting are identical between the anchor and the hard negative.",3.0,The actions 'puts on' and 'takes off' represent a perfect temporal and directional reversal.,PASS,,"{
  ""static_score"": 3,
  ""static_reason"": ""The subject, object, and setting are identical between the anchor and the hard negative."",
  ""chiral_score"": 3,
  ""chiral_reason"": ""The actions 'puts on' and 'takes off' represent a perfect temporal and directional reversal."",
  ""verdict"": ""PASS""
}"
9542,ego4d,The driver removes his left hand from the steering wheel of the car.,The passenger removes her left hand from the mirror,The driver places his left hand on the steering wheel of the car.,3.0,"The subject, object, and specific body part used are identical between the anchor and the hard negative.",3.0,The actions 'removes from' and 'places on' are perfect directional and temporal antonyms in this context.,PASS,,"```json
{
  ""static_score"": 3,
  ""static_reason"": ""The subject, object, and specific body part used are identical between the anchor and the hard negative."",
  ""chiral_score"": 3,
  ""chiral_reason"": ""The actions 'removes from' and 'places on' are perfect directional and temporal antonyms in this context."",
  ""verdict"": ""PASS""
}
```"
9543,ego4d,The **plumber** turns on the tap,The **plumber** turns off a sink tap.,The **plumber** turns off the tap,3.0,"The subject 'The plumber' and object 'the tap' are identical in both sentences, ensuring perfect static preservation.",3.0,'Turns on' and 'turns off' are classic temporal/state antonyms that represent a perfect chiral pair.,PASS,,"```json
{
  ""static_score"": 3,
  ""static_reason"": ""The subject 'The plumber' and object 'the tap' are identical in both sentences, ensuring perfect static preservation."",
  ""chiral_score"": 3,
  ""chiral_reason"": ""'Turns on' and 'turns off' are classic temporal/state antonyms that represent a perfect chiral pair."",
  ""verdict"": ""PASS""
}
```"
9544,ego4d,The lady opens the cupboard with right hand,The lady opens the cupboard.,The lady closes the cupboard with right hand,3.0,"The subject, object, and the specific manner 'with right hand' are perfectly preserved between the anchor and the hard negative.",3.0,The action 'closes' is the precise temporal and directional antonym of 'opens'.,PASS,,"{
  ""static_score"": 3,
  ""static_reason"": ""The subject, object, and the specific manner 'with right hand' are perfectly preserved between the anchor and the hard negative."",
  ""chiral_score"": 3,
  ""chiral_reason"": ""The action 'closes' is the precise temporal and directional antonym of 'opens'."",
  ""verdict"": ""PASS""
}"
9545,ego4d,The cleaner picks the iron box,The cleaner picks a box lid,The cleaner puts the iron box down,3.0,The subject 'The cleaner' and the object 'the iron box' are identical in both the anchor and the hard negative sentences.,3.0,The action 'picks' (used as pick up) and 'puts down' constitute a perfect directional antonym pair.,PASS,,"{
  ""static_score"": 3,
  ""static_reason"": ""The subject 'The cleaner' and the object 'the iron box' are identical in both the anchor and the hard negative sentences."",
  ""chiral_score"": 3,
  ""chiral_reason"": ""The action 'picks' (used as pick up) and 'puts down' constitute a perfect directional antonym pair."",
  ""verdict"": ""PASS""
}"
9546,ego4d,The child puts the bottle on the floor,The older sibling puts the bottle on the table,The child takes the bottle off the floor,3.0,"The subject, object, and location (the floor) are perfectly identical across both sentences.",3.0,The actions 'puts on' and 'takes off' constitute a perfect directional and temporal reversal.,PASS,,"{
  ""static_score"": 3,
  ""static_reason"": ""The subject, object, and location (the floor) are perfectly identical across both sentences."",
  ""chiral_score"": 3,
  ""chiral_reason"": ""The actions 'puts on' and 'takes off' constitute a perfect directional and temporal reversal."",
  ""verdict"": ""PASS""
}"
9547,ego4d,The plumber turns off the tap,The plumber turns tap off,The plumber turns on the tap,3.0,"The subject and object are identical, maintaining perfect static preservation between the sentences.",3.0,The actions 'turns off' and 'turns on' represent a perfect functional and chiral opposition for the given object.,PASS,,"{
  ""static_score"": 3,
  ""static_reason"": ""The subject and object are identical, maintaining perfect static preservation between the sentences."",
  ""chiral_score"": 3,
  ""chiral_reason"": ""The actions 'turns off' and 'turns on' represent a perfect functional and chiral opposition for the given object."",
  ""verdict"": ""PASS""
}"
9548,ego4d,The student places the pen to the right hand.,The student places the pen on the table,The student removes the pen from the right hand.,3.0,"The subject, object, and the specific setting (right hand) are identical across both sentences with no extraneous changes.",3.0,The actions 'places' and 'removes' constitute a perfect temporal and directional antonym pair for object manipulation.,PASS,,"{
  ""static_score"": 3,
  ""static_reason"": ""The subject, object, and the specific setting (right hand) are identical across both sentences with no extraneous changes."",
  ""chiral_score"": 3,
  ""chiral_reason"": ""The actions 'places' and 'removes' constitute a perfect temporal and directional antonym pair for object manipulation."",
  ""verdict"": ""PASS""
}"
9549,ego4d,The construction worker picks some aluminum foil tray from the drawer with his left hand.,The construction worker picks the tray of cement,The construction worker puts some aluminum foil tray into the drawer with his left hand.,3.0,"All non-action elements, including the subject, object, setting, and manner, are verbatim identical between the anchor and the hard negative.",3.0,The actions 'picks from' and 'puts into' constitute a perfect directional and temporal inversion of the same physical movement.,PASS,,"{
  ""static_score"": 3,
  ""static_reason"": ""All non-action elements, including the subject, object, setting, and manner, are verbatim identical between the anchor and the hard negative."",
  ""chiral_score"": 3,
  ""chiral_reason"": ""The actions 'picks from' and 'puts into' constitute a perfect directional and temporal inversion of the same physical movement."",
  ""verdict"": ""PASS""
}"
9550,ego4d,The baker picks the thin long dough from the baking table.,The baker picks dough from the pan,The baker places the thin long dough onto the baking table.,3.0,"The subject, object description, and setting are perfectly identical between the anchor and the hard negative.",3.0,The action 'picks from' is a direct directional and temporal antonym of 'places onto'.,PASS,,"{
  ""static_score"": 3,
  ""static_reason"": ""The subject, object description, and setting are perfectly identical between the anchor and the hard negative."",
  ""chiral_score"": 3,
  ""chiral_reason"": ""The action 'picks from' is a direct directional and temporal antonym of 'places onto'."",
  ""verdict"": ""PASS""
}"
9551,ego4d,The lady drops the bottle on the desk,The painter drops the paint bottle on the table with his left hand,The lady picks up the bottle from the desk,3.0,"The subject, object, and setting are identical between the anchor and the hard negative.",3.0,The action 'picks up' is the direct temporal and directional antonym of the action 'drops'.,PASS,,"{
  ""static_score"": 3,
  ""static_reason"": ""The subject, object, and setting are identical between the anchor and the hard negative."",
  ""chiral_score"": 3,
  ""chiral_reason"": ""The action 'picks up' is the direct temporal and directional antonym of the action 'drops'."",
  ""verdict"": ""PASS""
}"
9552,ego4d,The chemist closes the bottle with its lid,The chemist closes the spray bottle with the lid in his left hand,The chemist opens the bottle with its lid,3.0,"The subject, object, and modifying phrase are word-for-word identical between the anchor and the hard negative.",3.0,The action 'opens' is the direct temporal and directional antonym of 'closes'.,PASS,,"{
  ""static_score"": 3,
  ""static_reason"": ""The subject, object, and modifying phrase are word-for-word identical between the anchor and the hard negative."",
  ""chiral_score"": 3,
  ""chiral_reason"": ""The action 'opens' is the direct temporal and directional antonym of 'closes'."",
  ""verdict"": ""PASS""
}"
9553,ego4d,The flight attendant closes microwave door,The flight attendant closes the cabin door,The flight attendant opens microwave door,3.0,The subject and object are identical across the anchor and hard negative sentences.,3.0,The verbs 'closes' and 'opens' represent a perfect directional and temporal antonym pair for the specified object.,PASS,,"{
  ""static_score"": 3,
  ""static_reason"": ""The subject and object are identical across the anchor and hard negative sentences."",
  ""chiral_score"": 3,
  ""chiral_reason"": ""The verbs 'closes' and 'opens' represent a perfect directional and temporal antonym pair for the specified object."",
  ""verdict"": ""PASS""
}"
9554,ego4d,The carpenter opens up the drawer with his right hand,The carpenter opens a drawer with his right hand.,The carpenter closes the drawer with his right hand,3.0,"The subject, object, and manner are identical to the anchor, ensuring all non-action elements are preserved.",3.0,The action 'closes' is the precise temporal and directional antonym of 'opens up' for the given object.,PASS,,"{
  ""static_score"": 3,
  ""static_reason"": ""The subject, object, and manner are identical to the anchor, ensuring all non-action elements are preserved."",
  ""chiral_score"": 3,
  ""chiral_reason"": ""The action 'closes' is the precise temporal and directional antonym of 'opens up' for the given object."",
  ""verdict"": ""PASS""
}"
9555,ego4d,The student folds the paper.,The student folds the other paper in hand,The student unfolds the paper.,3.0,The subject and object are identical in both sentences with no differences in setting or modifiers.,3.0,The action 'unfolds' is the perfect directional and processual antonym of the action 'folds'.,PASS,,"{
  ""static_score"": 3,
  ""static_reason"": ""The subject and object are identical in both sentences with no differences in setting or modifiers."",
  ""chiral_score"": 3,
  ""chiral_reason"": ""The action 'unfolds' is the perfect directional and processual antonym of the action 'folds'."",
  ""verdict"": ""PASS""
}"
9556,ego4d,The jogger lifts up her hand,The jogger lifts up hand,The jogger lowers her hand,3.0,"The subject and object are identical across both sentences, preserving all non-action elements perfectly.",3.0,"Lifting up and lowering are direct vertical directional antonyms, satisfying the chiral requirement.",PASS,,"{
  ""static_score"": 3,
  ""static_reason"": ""The subject and object are identical across both sentences, preserving all non-action elements perfectly."",
  ""chiral_score"": 3,
  ""chiral_reason"": ""Lifting up and lowering are direct vertical directional antonyms, satisfying the chiral requirement."",
  ""verdict"": ""PASS""
}"
9557,ego4d,The owner closes the truck door,The cargo closes the truck door,The owner opens the truck door,3.0,The subject 'The owner' and the object 'the truck door' are perfectly identical between the anchor and the hard negative.,3.0,The verb 'opens' is the direct temporal and directional antonym of 'closes' as specified in the criteria.,PASS,,"{
  ""static_score"": 3,
  ""static_reason"": ""The subject 'The owner' and the object 'the truck door' are perfectly identical between the anchor and the hard negative."",
  ""chiral_score"": 3,
  ""chiral_reason"": ""The verb 'opens' is the direct temporal and directional antonym of 'closes' as specified in the criteria."",
  ""verdict"": ""PASS""
}"
9558,ego4d,The woman lifts a cup from the table,The woman lifts a cup of ice cream from the counter with her right hand.,The woman puts a cup on the table,3.0,"The subject, object, and setting are identical between the anchor and the hard negative.",3.0,The actions 'lifts from' and 'puts on' represent a perfect directional and temporal reversal.,PASS,,"{
  ""static_score"": 3,
  ""static_reason"": ""The subject, object, and setting are identical between the anchor and the hard negative."",
  ""chiral_score"": 3,
  ""chiral_reason"": ""The actions 'lifts from' and 'puts on' represent a perfect directional and temporal reversal."",
  ""verdict"": ""PASS""
}"
9559,ego4d,The construction worker removes the right hand inside the bucket,The construction worker removes his left hand from the plank of wood in his right hand.,The construction worker inserts the right hand inside the bucket,3.0,"Every non-action element, including the subject, the object, and the prepositional phrase, is word-for-word identical between the anchor and the hard negative.",3.0,The verb 'inserts' is a perfect directional and temporal antonym of 'removes' in this context.,PASS,,"```json
{
  ""static_score"": 3,
  ""static_reason"": ""Every non-action element, including the subject, the object, and the prepositional phrase, is word-for-word identical between the anchor and the hard negative."",
  ""chiral_score"": 3,
  ""chiral_reason"": ""The verb 'inserts' is a perfect directional and temporal antonym of 'removes' in this context."",
  ""verdict"": ""PASS""
}
```"
9560,ego4d,The customer opens the door,The visitor opens a door.,The customer closes the door,3.0,The subject 'the customer' and object 'the door' are identical in both sentences.,3.0,'Closes' is the direct temporal and functional antonym of 'opens'.,PASS,,"{
  ""static_score"": 3,
  ""static_reason"": ""The subject 'the customer' and object 'the door' are identical in both sentences."",
  ""chiral_score"": 3,
  ""chiral_reason"": ""'Closes' is the direct temporal and functional antonym of 'opens'."",
  ""verdict"": ""PASS""
}"
9561,ego4d,The knitter pulls the yarn with her right hand,The knitter pulls the yarn out of the needle,The knitter lets go of the yarn with her right hand,3.0,"The subject, object, and manner are identical between the anchor and the hard negative.",1.0,"The phrase 'lets go of' is a release of contact, which is not the directional or temporal antonym of the action 'pulls'.",FAIL,,"```json
{
  ""static_score"": 3,
  ""static_reason"": ""The subject, object, and manner are identical between the anchor and the hard negative."",
  ""chiral_score"": 1,
  ""chiral_reason"": ""The phrase 'lets go of' is a release of contact, which is not the directional or temporal antonym of the action 'pulls'."",
  ""verdict"": ""FAIL""
}
```"
9562,ego4d,The boxer lifts up the hand,The man K lifts his hand.,The boxer lowers the hand,3.0,The subject 'The boxer' and object 'the hand' are identical in both the anchor and the hard negative.,3.0,'Lowers' is the precise directional antonym of 'lifts up' for this context.,PASS,,"{
  ""static_score"": 3,
  ""static_reason"": ""The subject 'The boxer' and object 'the hand' are identical in both the anchor and the hard negative."",
  ""chiral_score"": 3,
  ""chiral_reason"": ""'Lowers' is the precise directional antonym of 'lifts up' for this context."",
  ""verdict"": ""PASS""
}"
9563,ego4d,The worker removes the small box from the box,The worker removes the mold box from the brick,The worker puts the small box into the box,3.0,"The subject, primary object, and the secondary object/setting are perfectly identical between the anchor and the hard negative.",3.0,The actions 'removes from' and 'puts into' represent a clear and direct directional antonym pair.,PASS,,"{
  ""static_score"": 3,
  ""static_reason"": ""The subject, primary object, and the secondary object/setting are perfectly identical between the anchor and the hard negative."",
  ""chiral_score"": 3,
  ""chiral_reason"": ""The actions 'removes from' and 'puts into' represent a clear and direct directional antonym pair."",
  ""verdict"": ""PASS""
}"
9564,ego4d,The **worker** puts the container on the table,The **worker** puts the container on the shelf,The **worker** takes the container off the table,3.0,"The subject, object, and the physical setting (the table) remain identical between the anchor and the hard negative.",3.0,The action 'takes off' is the precise directional and temporal antonym of 'puts on'.,PASS,,"{
  ""static_score"": 3,
  ""static_reason"": ""The subject, object, and the physical setting (the table) remain identical between the anchor and the hard negative."",
  ""chiral_score"": 3,
  ""chiral_reason"": ""The action 'takes off' is the precise directional and temporal antonym of 'puts on'."",
  ""verdict"": ""PASS""
}"
9565,ego4d,The man picks the phone from the ground with his right hand.,The woman Z picks a mobile phone with her right hand.,The man places the phone on the ground with his right hand.,3.0,"The subject, object, setting, and manner are identical between the anchor and the hard negative.",3.0,The action 'picks' is the direct directional antonym of 'places' within the context of the ground.,PASS,,"{
  ""static_score"": 3,
  ""static_reason"": ""The subject, object, setting, and manner are identical between the anchor and the hard negative."",
  ""chiral_score"": 3,
  ""chiral_reason"": ""The action 'picks' is the direct directional antonym of 'places' within the context of the ground."",
  ""verdict"": ""PASS""
}"
9566,ego4d,The man lifts his right hand towards his head.,The man lifts his hand,The man lowers his right hand from his head.,3.0,"The subject, object, and spatial reference points are identical, with no variation in the description of the entities involved.",3.0,The action 'lifts towards' is a precise directional and temporal antonym of 'lowers from'.,PASS,,"{
  ""static_score"": 3,
  ""static_reason"": ""The subject, object, and spatial reference points are identical, with no variation in the description of the entities involved."",
  ""chiral_score"": 3,
  ""chiral_reason"": ""The action 'lifts towards' is a precise directional and temporal antonym of 'lowers from'."",
  ""verdict"": ""PASS""
}"
9567,ego4d,The lady places her right hand on the piece of cloth on her laps.,The man T places his left hand on the basket on the ground.,The lady removes her right hand from the piece of cloth on her laps.,3.0,"The subject, objects, and setting are identical between the anchor and the hard negative.",3.0,'Places on' and 'removes from' are direct directional and temporal antonyms.,PASS,,"{
  ""static_score"": 3,
  ""static_reason"": ""The subject, objects, and setting are identical between the anchor and the hard negative."",
  ""chiral_score"": 3,
  ""chiral_reason"": ""'Places on' and 'removes from' are direct directional and temporal antonyms."",
  ""verdict"": ""PASS""
}"
9568,ego4d,The barista drops a cup on the tray with his right hand.,The barista drops the stainless measuring cup on the sink,The barista picks up the cup from the tray with his right hand.,3.0,"The subject, object, setting, and manual manner are perfectly preserved across both sentences.",3.0,Picking up and dropping are clear temporal and directional antonyms regarding the manipulation of an object.,PASS,,"```json
{
  ""static_score"": 3,
  ""static_reason"": ""The subject, object, setting, and manual manner are perfectly preserved across both sentences."",
  ""chiral_score"": 3,
  ""chiral_reason"": ""Picking up and dropping are clear temporal and directional antonyms regarding the manipulation of an object."",
  ""verdict"": ""PASS""
}
```"
9569,ego4d,The construction worker drops the head pan of mixed cement on the floor with both hands.,The construction worker drops pan.,The construction worker picks up the head pan of mixed cement from the floor with both hands.,3.0,"The subject, object, and manner are identical, and the setting remains the same location with only a logical prepositional change to accommodate the verb.",3.0,The actions 'drops' and 'picks up' are perfect directional and temporal antonyms describing the movement of the object relative to the floor.,PASS,,"{
  ""static_score"": 3,
  ""static_reason"": ""The subject, object, and manner are identical, and the setting remains the same location with only a logical prepositional change to accommodate the verb."",
  ""chiral_score"": 3,
  ""chiral_reason"": ""The actions 'drops' and 'picks up' are perfect directional and temporal antonyms describing the movement of the object relative to the floor."",
  ""verdict"": ""PASS""
}"
9570,ego4d,The mechanic tightens the bolt of the lawnmower,The mechanic tightens a bolt at the left of the lawn mower with the spanner with his left hand.,The mechanic loosens the bolt of the lawnmower,3.0,The subject and complex object are word-for-word identical across both sentences with no variance in setting or manner.,3.0,"The verb 'loosens' is the direct mechanical and directional inverse of 'tightens,' representing a perfect chiral action pair.",PASS,,"{
  ""static_score"": 3,
  ""static_reason"": ""The subject and complex object are word-for-word identical across both sentences with no variance in setting or manner."",
  ""chiral_score"": 3,
  ""chiral_reason"": ""The verb 'loosens' is the direct mechanical and directional inverse of 'tightens,' representing a perfect chiral action pair."",
  ""verdict"": ""PASS""
}"
9571,ego4d,The student removes the cap of the pencil with his left hand.,The student removes the pen cap,The student puts the cap of the pencil on with his left hand.,3.0,"The subject, object, and specific manner of action are verbatim identical between the anchor and the hard negative.",3.0,Removing and putting on a cap are precise directional and temporal antonyms that reverse the state of the object.,PASS,,"{
  ""static_score"": 3,
  ""static_reason"": ""The subject, object, and specific manner of action are verbatim identical between the anchor and the hard negative."",
  ""chiral_score"": 3,
  ""chiral_reason"": ""Removing and putting on a cap are precise directional and temporal antonyms that reverse the state of the object."",
  ""verdict"": ""PASS""
}"
9572,ego4d,The man opens the door with his left hand,The man opens the fridge door,The man closes the door with his left hand,3.0,"Every non-action element, including the subject, object, and the specific manner, is verbatim across both the anchor and the hard negative.",3.0,The action 'closes' is the exact temporal and directional antonym of the anchor's action 'opens'.,PASS,,"{
  ""static_score"": 3,
  ""static_reason"": ""Every non-action element, including the subject, object, and the specific manner, is verbatim across both the anchor and the hard negative."",
  ""chiral_score"": 3,
  ""chiral_reason"": ""The action 'closes' is the exact temporal and directional antonym of the anchor's action 'opens'."",
  ""verdict"": ""PASS""
}"
9573,ego4d,The cleaner puts down the sponge,The cleaner puts down a sponge,The cleaner picks up the sponge,3.0,The subject and object are verbatim identical between the anchor and the hard negative sentences.,3.0,The actions 'puts down' and 'picks up' represent a perfect directional and temporal antonym pair.,PASS,,"{
  ""static_score"": 3,
  ""static_reason"": ""The subject and object are verbatim identical between the anchor and the hard negative sentences."",
  ""chiral_score"": 3,
  ""chiral_reason"": ""The actions 'puts down' and 'picks up' represent a perfect directional and temporal antonym pair."",
  ""verdict"": ""PASS""
}"
9574,ego4d,The young lady puts the glass bottle on the table,The cleaning person puts the bottle in the trash can,The young lady takes the glass bottle off the table,3.0,"The subject, object, and setting are identical between the anchor and the hard negative, satisfying the static preservation condition perfectly.",3.0,The phrase 'takes... off' is the precise directional and temporal inverse of 'puts... on' in this context.,PASS,,"{
  ""static_score"": 3,
  ""static_reason"": ""The subject, object, and setting are identical between the anchor and the hard negative, satisfying the static preservation condition perfectly."",
  ""chiral_score"": 3,
  ""chiral_reason"": ""The phrase 'takes... off' is the precise directional and temporal inverse of 'puts... on' in this context."",
  ""verdict"": ""PASS""
}"
9575,ego4d,The nurse puts the cotton ball bag down,The nurse puts the cloth bag on the table,The nurse picks up the cotton ball bag,3.0,The subject 'The nurse' and the object 'the cotton ball bag' are identical between the anchor and the hard negative.,3.0,The actions 'puts down' and 'picks up' are classic directional/temporal antonyms as specified in the criteria.,PASS,,"```json
{
  ""static_score"": 3,
  ""static_reason"": ""The subject 'The nurse' and the object 'the cotton ball bag' are identical between the anchor and the hard negative."",
  ""chiral_score"": 3,
  ""chiral_reason"": ""The actions 'puts down' and 'picks up' are classic directional/temporal antonyms as specified in the criteria."",
  ""verdict"": ""PASS""
}
```"
9576,ego4d,The child drops the hand down,The woman E drops her left hand on the table.,The child raises the hand up,3.0,The subject and object are identical between the anchor and the hard negative with no extraneous changes.,3.0,'Drops down' and 'raises up' are perfect directional antonyms for a physical action.,PASS,,"```json
{
  ""static_score"": 3,
  ""static_reason"": ""The subject and object are identical between the anchor and the hard negative with no extraneous changes."",
  ""chiral_score"": 3,
  ""chiral_reason"": ""'Drops down' and 'raises up' are perfect directional antonyms for a physical action."",
  ""verdict"": ""PASS""
}
```"
9577,ego4d,The woman opens the drawer with right hand,The woman opens the drawer.,The woman closes the drawer with right hand,3.0,"The subject, object, and the specific manner 'with right hand' are perfectly identical in both sentences.",3.0,"The verb 'closes' is the direct temporal and directional antonym of 'opens', meeting the criteria perfectly.",PASS,,"{
  ""static_score"": 3,
  ""static_reason"": ""The subject, object, and the specific manner 'with right hand' are perfectly identical in both sentences."",
  ""chiral_score"": 3,
  ""chiral_reason"": ""The verb 'closes' is the direct temporal and directional antonym of 'opens', meeting the criteria perfectly."",
  ""verdict"": ""PASS""
}"
9578,ego4d,The cook lifts the bowl of ingredient and frying pan from the kitchen slab.,The cook lifts the bowl of fruits.,The cook places the bowl of ingredient and frying pan onto the kitchen slab.,3.0,"The subject, object, and setting are identical in both the anchor and the hard negative, preserving all non-action elements perfectly.",3.0,The pair 'lifts from' and 'places onto' represents a perfect directional and temporal reversal of the movement.,PASS,,"```json
{
  ""static_score"": 3,
  ""static_reason"": ""The subject, object, and setting are identical in both the anchor and the hard negative, preserving all non-action elements perfectly."",
  ""chiral_score"": 3,
  ""chiral_reason"": ""The pair 'lifts from' and 'places onto' represents a perfect directional and temporal reversal of the movement."",
  ""verdict"": ""PASS""
}
```"
9579,ego4d,The cleaner puts the cloth down,The cleaner puts cloth on a hanger,The cleaner picks up the cloth,3.0,"The subject and object are identical, and no additional setting or manner elements are introduced.",3.0,'Picks up' and 'puts down' constitute a perfect temporal and directional antonym pair for this context.,PASS,,"{
  ""static_score"": 3,
  ""static_reason"": ""The subject and object are identical, and no additional setting or manner elements are introduced."",
  ""chiral_score"": 3,
  ""chiral_reason"": ""'Picks up' and 'puts down' constitute a perfect temporal and directional antonym pair for this context."",
  ""verdict"": ""PASS""
}"
9580,ego4d,The hiker closes the water bottle,The hiker closes the bottle with his right hand.,The hiker opens the water bottle,3.0,The subject and object are identical across the anchor and hard negative with no extraneous elements.,3.0,The action 'opens' is a perfect temporal and directional antonym of 'closes'.,PASS,,"{
  ""static_score"": 3,
  ""static_reason"": ""The subject and object are identical across the anchor and hard negative with no extraneous elements."",
  ""chiral_score"": 3,
  ""chiral_reason"": ""The action 'opens' is a perfect temporal and directional antonym of 'closes'."",
  ""verdict"": ""PASS""
}"
9581,ego4d,The baker folds the bag of brown flour,The woman folds the bag with both hands.,The baker unfolds the bag of brown flour,3.0,The subject and object are perfectly identical between the anchor and the hard negative.,3.0,The verb 'unfolds' is the direct temporal and directional antonym of the verb 'folds'.,PASS,,"{
  ""static_score"": 3,
  ""static_reason"": ""The subject and object are perfectly identical between the anchor and the hard negative."",
  ""chiral_score"": 3,
  ""chiral_reason"": ""The verb 'unfolds' is the direct temporal and directional antonym of the verb 'folds'."",
  ""verdict"": ""PASS""
}"
9582,ego4d,The baker puts the butter in the bowl,The man puts butter on food,The baker takes the butter out of the bowl,3.0,"The subject (The baker), object (the butter), and setting (the bowl) are identical in both the anchor and the hard negative.",3.0,The actions 'puts in' and 'takes out of' are perfect directional and temporal antonyms of each other.,PASS,,"```json
{
  ""static_score"": 3,
  ""static_reason"": ""The subject (The baker), object (the butter), and setting (the bowl) are identical in both the anchor and the hard negative."",
  ""chiral_score"": 3,
  ""chiral_reason"": ""The actions 'puts in' and 'takes out of' are perfect directional and temporal antonyms of each other."",
  ""verdict"": ""PASS""
}
```"
9583,ego4d,The woman drops bottle in the trash bag,The woman drops soap bottle,The woman picks up bottle from the trash bag,3.0,"The subject (woman), object (bottle), and setting (trash bag) are perfectly consistent across the pair, with only the prepositional direction adjusted to suit the verb.",3.0,The actions 'drops' and 'picks up' are clear directional and temporal antonyms in the context of interacting with a container.,PASS,,"```json
{
  ""static_score"": 3,
  ""static_reason"": ""The subject (woman), object (bottle), and setting (trash bag) are perfectly consistent across the pair, with only the prepositional direction adjusted to suit the verb."",
  ""chiral_score"": 3,
  ""chiral_reason"": ""The actions 'drops' and 'picks up' are clear directional and temporal antonyms in the context of interacting with a container."",
  ""verdict"": ""PASS""
}
```"
9584,ego4d,The gardener removes his right hand from the hose.,The gardener removes the hand from the cloth,The gardener puts his right hand into the hose.,3.0,"The subject (gardener), object (right hand), and setting (hose) are identical between the anchor and the hard negative.",3.0,The action 'removes from' and its inverse 'puts into' represent a perfect directional/temporal antonym pair.,PASS,,"{
  ""static_score"": 3,
  ""static_reason"": ""The subject (gardener), object (right hand), and setting (hose) are identical between the anchor and the hard negative."",
  ""chiral_score"": 3,
  ""chiral_reason"": ""The action 'removes from' and its inverse 'puts into' represent a perfect directional/temporal antonym pair."",
  ""verdict"": ""PASS""
}"
9585,ego4d,The cleaner drops the cloth on the table,The cleaner drops the cloth on the table with his right hand,The cleaner picks up the cloth from the table,3.0,"The subject, object, and the setting (table) are identical between the anchor and the hard negative.",3.0,The actions 'drops' and 'picks up' represent a perfect directional and temporal reversal of the interaction with the object.,PASS,,"{
  ""static_score"": 3,
  ""static_reason"": ""The subject, object, and the setting (table) are identical between the anchor and the hard negative."",
  ""chiral_score"": 3,
  ""chiral_reason"": ""The actions 'drops' and 'picks up' represent a perfect directional and temporal reversal of the interaction with the object."",
  ""verdict"": ""PASS""
}"
9586,ego4d,The shopper picks the blistex box with his right hand on the self,The shopper picks up a rectangular box.,The shopper puts the blistex box down with his right hand on the self,3.0,"The subject, object, and the specific manner/setting phrase (including the typo 'self') are identical across both sentences.",3.0,The action 'picks' (interpreted as pick up) and 'puts down' represent a perfect temporal and directional antonym pair.,PASS,,"```json
{
  ""static_score"": 3,
  ""static_reason"": ""The subject, object, and the specific manner/setting phrase (including the typo 'self') are identical across both sentences."",
  ""chiral_score"": 3,
  ""chiral_reason"": ""The action 'picks' (interpreted as pick up) and 'puts down' represent a perfect temporal and directional antonym pair."",
  ""verdict"": ""PASS""
}
```"
9587,ego4d,The mechanic removes hand from the ruler,The mechanic removes his left hand from the car steering.,The mechanic places hand on the ruler,3.0,The subject 'The mechanic' and the objects 'hand' and 'the ruler' are perfectly preserved between the anchor and the hard negative.,3.0,The action 'places on' is the direct physical and directional antonym of 'removes from'.,PASS,,"{
  ""static_score"": 3,
  ""static_reason"": ""The subject 'The mechanic' and the objects 'hand' and 'the ruler' are perfectly preserved between the anchor and the hard negative."",
  ""chiral_score"": 3,
  ""chiral_reason"": ""The action 'places on' is the direct physical and directional antonym of 'removes from'."",
  ""verdict"": ""PASS""
}"
9588,ego4d,The host places the glass on the table,The host places the glass on the coaster,The host removes the glass from the table,3.0,"The subject, object, and setting are identical in both the anchor and the hard negative.",3.0,The actions 'places on' and 'removes from' represent a clear directional and temporal antonym pair.,PASS,,"{
  ""static_score"": 3,
  ""static_reason"": ""The subject, object, and setting are identical in both the anchor and the hard negative."",
  ""chiral_score"": 3,
  ""chiral_reason"": ""The actions 'places on' and 'removes from' represent a clear directional and temporal antonym pair."",
  ""verdict"": ""PASS""
}"
9589,ego4d,The baker picks bread,The woman H picks a bread from the bowl on the table with her right hand.,The baker puts bread down,3.0,The subject 'The baker' and object 'bread' are identical in both sentences with no conflicting external elements.,3.0,The action 'picks' (in the sense of picking up) is the direct directional antonym of 'puts down'.,PASS,,"```json
{
  ""static_score"": 3,
  ""static_reason"": ""The subject 'The baker' and object 'bread' are identical in both sentences with no conflicting external elements."",
  ""chiral_score"": 3,
  ""chiral_reason"": ""The action 'picks' (in the sense of picking up) is the direct directional antonym of 'puts down'."",
  ""verdict"": ""PASS""
}
```"
9590,ego4d,The man passes the phone from his left hand to his right hand.,The woman D passes the phone from her right hand to her left hand.,The man passes the phone from his right hand to his left hand.,3.0,"The subject, object, and verb structure are identical between the anchor and the hard negative.",3.0,"The spatial direction of the hand-to-hand transfer is perfectly reversed, representing a clear directional antonym.",PASS,,"{
  ""static_score"": 3,
  ""static_reason"": ""The subject, object, and verb structure are identical between the anchor and the hard negative."",
  ""chiral_score"": 3,
  ""chiral_reason"": ""The spatial direction of the hand-to-hand transfer is perfectly reversed, representing a clear directional antonym."",
  ""verdict"": ""PASS""
}"
9591,ego4d,The organizer opens the plastic bag,The organizer opens a polythene bag,The organizer closes the plastic bag,3.0,"The subject and object are identical across the anchor and hard negative, ensuring perfect preservation of the scene's context.",3.0,The action 'closes' is the precise temporal and directional antonym of 'opens'.,PASS,,"{
  ""static_score"": 3,
  ""static_reason"": ""The subject and object are identical across the anchor and hard negative, ensuring perfect preservation of the scene's context."",
  ""chiral_score"": 3,
  ""chiral_reason"": ""The action 'closes' is the precise temporal and directional antonym of 'opens'."",
  ""verdict"": ""PASS""
}"
9592,ego4d,The construction worker removes the left hand from the ground,The construction worker removes his right hand from the plank,The construction worker places the left hand on the ground,3.0,"The subject, object, and setting are identical in both the anchor and the hard negative sentences.",3.0,The verb 'places' is a precise directional and temporal antonym of 'removes' in this context.,PASS,,"{
  ""static_score"": 3,
  ""static_reason"": ""The subject, object, and setting are identical in both the anchor and the hard negative sentences."",
  ""chiral_score"": 3,
  ""chiral_reason"": ""The verb 'places' is a precise directional and temporal antonym of 'removes' in this context."",
  ""verdict"": ""PASS""
}"
9593,ego4d,The technician connects a cable to the laptop,The technician connects a cable,The technician disconnects a cable from the laptop,3.0,"The subject, object, and laptop setting are perfectly preserved, with the preposition adjustment being inherent to the action change.",3.0,The verb 'disconnects' is a perfect directional and temporal antonym of 'connects'.,PASS,,"{
  ""static_score"": 3,
  ""static_reason"": ""The subject, object, and laptop setting are perfectly preserved, with the preposition adjustment being inherent to the action change."",
  ""chiral_score"": 3,
  ""chiral_reason"": ""The verb 'disconnects' is a perfect directional and temporal antonym of 'connects'."",
  ""verdict"": ""PASS""
}"
9594,ego4d,The **cook** covers the pot on the gas cooker with the pot cover in his right hand.,The **cook** covers a pot with a lid,The **cook** removes the pot cover from the pot on the gas cooker with the pot cover in his right hand.,2.0,"The direct object shifts from 'the pot' to 'the pot cover', which slightly alters the syntactic structure despite keeping the same elements.",2.0,"'Removes' serves as a contextual directional antonym to 'covers', though 'uncovers' would be the more precise linguistic match.",PASS,,"```json
{
  ""static_score"": 2,
  ""static_reason"": ""The direct object shifts from 'the pot' to 'the pot cover', which slightly alters the syntactic structure despite keeping the same elements."",
  ""chiral_score"": 2,
  ""chiral_reason"": ""'Removes' serves as a contextual directional antonym to 'covers', though 'uncovers' would be the more precise linguistic match."",
  ""verdict"": ""PASS""
}
```"
9595,ego4d,The climber puts the hand on the wall,The climber puts hand on the left lap,The climber takes the hand off the wall,3.0,"The subject, object, and setting are identical between the anchor and the hard negative, with no variation in phrasing or terminology.",3.0,"'Takes off' is the perfect temporal and directional antonym of 'puts on', representing a reverse of the physical action.",PASS,,"{
  ""static_score"": 3,
  ""static_reason"": ""The subject, object, and setting are identical between the anchor and the hard negative, with no variation in phrasing or terminology."",
  ""chiral_score"": 3,
  ""chiral_reason"": ""'Takes off' is the perfect temporal and directional antonym of 'puts on', representing a reverse of the physical action."",
  ""verdict"": ""PASS""
}"
9596,ego4d,The dishwasher puts the bowl in the sink,The dishwasher puts down the bowl,The dishwasher takes the bowl out of the sink,3.0,"The subject, object, and setting are perfectly identical across the anchor and the hard negative.",3.0,The verb phrases 'puts in' and 'takes out' constitute a perfect directional and temporal antonym pair.,PASS,,"{
  ""static_score"": 3,
  ""static_reason"": ""The subject, object, and setting are perfectly identical across the anchor and the hard negative."",
  ""chiral_score"": 3,
  ""chiral_reason"": ""The verb phrases 'puts in' and 'takes out' constitute a perfect directional and temporal antonym pair."",
  ""verdict"": ""PASS""
}"
9597,ego4d,The musician places his left hand on the music manuscript,The musician places his right hand on a broken brick.,The musician removes his left hand from the music manuscript,3.0,"The subject, object, and setting entities are perfectly identical between the anchor and the hard negative.",3.0,The actions 'places on' and 'removes from' represent a perfect directional and temporal antonym pair.,PASS,,"{
  ""static_score"": 3,
  ""static_reason"": ""The subject, object, and setting entities are perfectly identical between the anchor and the hard negative."",
  ""chiral_score"": 3,
  ""chiral_reason"": ""The actions 'places on' and 'removes from' represent a perfect directional and temporal antonym pair."",
  ""verdict"": ""PASS""
}"
9598,ego4d,The painter puts the paint tray on the trolley,The painter puts a tray on a shelf,The painter takes the paint tray off the trolley,3.0,"The subject, object, and setting are identical between the anchor and the hard negative.",3.0,'Takes off' is a perfect directional and temporal antonym for 'puts on'.,PASS,,"{
  ""static_score"": 3,
  ""static_reason"": ""The subject, object, and setting are identical between the anchor and the hard negative."",
  ""chiral_score"": 3,
  ""chiral_reason"": ""'Takes off' is a perfect directional and temporal antonym for 'puts on'."",
  ""verdict"": ""PASS""
}"
9599,ego4d,The student picks the book with the right hand,The student picks the book from the table,The student places the book with the right hand,3.0,"The subject, object, and manner ('with the right hand') are word-for-word identical between the anchor and the hard negative.",3.0,The actions 'picks' and 'places' represent the primary directional antonyms for manual object manipulation.,PASS,,"```json
{
  ""static_score"": 3,
  ""static_reason"": ""The subject, object, and manner ('with the right hand') are word-for-word identical between the anchor and the hard negative."",
  ""chiral_score"": 3,
  ""chiral_reason"": ""The actions 'picks' and 'places' represent the primary directional antonyms for manual object manipulation."",
  ""verdict"": ""PASS""
}
```"
9600,ego4d,The woman Y drops the water bottle on the sofa with her left hand.,The woman Y drops the bottle on the kitchen counter with her right hand.,The woman Y picks up the water bottle from the sofa with her left hand.,3.0,"The subject, object, setting, and specific manner (left hand) are identical between the anchor and the hard negative.",3.0,The action 'picks up' is the direct directional and temporal antonym of 'drops' in this physical context.,PASS,,"{
  ""static_score"": 3,
  ""static_reason"": ""The subject, object, setting, and specific manner (left hand) are identical between the anchor and the hard negative."",
  ""chiral_score"": 3,
  ""chiral_reason"": ""The action 'picks up' is the direct directional and temporal antonym of 'drops' in this physical context."",
  ""verdict"": ""PASS""
}"
9601,ego4d,The seamstress puts the scissors on the table,The seamstress puts the scissors on the table of the sewing machine with her left hand.,The seamstress takes the scissors off the table,3.0,"The subject (seamstress), object (scissors), and setting (table) are identical between the anchor and the hard negative.",3.0,The actions 'puts on' and 'takes off' are perfect directional and temporal antonyms.,PASS,,"```json
{
  ""static_score"": 3,
  ""static_reason"": ""The subject (seamstress), object (scissors), and setting (table) are identical between the anchor and the hard negative."",
  ""chiral_score"": 3,
  ""chiral_reason"": ""The actions 'puts on' and 'takes off' are perfect directional and temporal antonyms."",
  ""verdict"": ""PASS""
}
```"
9602,ego4d,The gardener picks the bottle from the table with her left hand.,The gardener picks up a spray bottle from a box on the ground with her right hand.,The gardener puts the bottle on the table with her left hand.,3.0,"The subject, object, setting (the table), and manner (left hand) are perfectly identical between the anchor and the hard negative.",3.0,The actions 'picks' and 'puts' constitute a perfect directional and temporal antonym pair in this context.,PASS,,"```json
{
  ""static_score"": 3,
  ""static_reason"": ""The subject, object, setting (the table), and manner (left hand) are perfectly identical between the anchor and the hard negative."",
  ""chiral_score"": 3,
  ""chiral_reason"": ""The actions 'picks' and 'puts' constitute a perfect directional and temporal antonym pair in this context."",
  ""verdict"": ""PASS""
}
```"
9603,ego4d,The cook opens the spice container,The cook opens a stainless container,The cook closes the spice container,3.0,"The subject and object are identical across both sentences, ensuring all non-action elements are perfectly preserved.",3.0,The verbs 'opens' and 'closes' constitute a perfect directional and temporal antonym pair.,PASS,,"{
  ""static_score"": 3,
  ""static_reason"": ""The subject and object are identical across both sentences, ensuring all non-action elements are perfectly preserved."",
  ""chiral_score"": 3,
  ""chiral_reason"": ""The verbs 'opens' and 'closes' constitute a perfect directional and temporal antonym pair."",
  ""verdict"": ""PASS""
}"
9604,ego4d,The woman pushes a door open,The woman pushes the door with her left hand.,The woman pulls a door closed,3.0,The subject and object are identical between the anchor and the hard negative with no variation in modifiers.,3.0,The action pair 'pushes open' and 'pulls closed' represents a perfect directional and state-based inversion.,PASS,,"{
  ""static_score"": 3,
  ""static_reason"": ""The subject and object are identical between the anchor and the hard negative with no variation in modifiers."",
  ""chiral_score"": 3,
  ""chiral_reason"": ""The action pair 'pushes open' and 'pulls closed' represents a perfect directional and state-based inversion."",
  ""verdict"": ""PASS""
}"
9605,ego4d,The cleaner puts bowl in a sink,The cleaner puts the bowl lid on the ground,The cleaner takes bowl out of a sink,3.0,"The subject, object, and setting are identical across both sentences, maintaining perfect static preservation.",3.0,The action 'takes out of' is the precise directional and temporal antonym of 'puts in'.,PASS,,"{
  ""static_score"": 3,
  ""static_reason"": ""The subject, object, and setting are identical across both sentences, maintaining perfect static preservation."",
  ""chiral_score"": 3,
  ""chiral_reason"": ""The action 'takes out of' is the precise directional and temporal antonym of 'puts in'."",
  ""verdict"": ""PASS""
}"
9606,ego4d,The waiter puts the mug on the table.,The waiter puts the mug on the table.,The waiter takes the mug off the table.,3.0,"The subject, object, and physical location (waiter, mug, table) are identical across both sentences.",3.0,The action 'takes off' is the direct directional and temporal inverse of the action 'puts on'.,PASS,,"{
  ""static_score"": 3,
  ""static_reason"": ""The subject, object, and physical location (waiter, mug, table) are identical across both sentences."",
  ""chiral_score"": 3,
  ""chiral_reason"": ""The action 'takes off' is the direct directional and temporal inverse of the action 'puts on'."",
  ""verdict"": ""PASS""
}"
9607,ego4d,The mechanic closes the third tool drawer with his right hand,The mechanic closes the drawer,The mechanic opens the third tool drawer with his right hand,3.0,"The subject, object, and specific manner of the action are identical in both sentences.",3.0,'Opens' is a perfect temporal and directional antonym for 'closes' in this context.,PASS,,"{
  ""static_score"": 3,
  ""static_reason"": ""The subject, object, and specific manner of the action are identical in both sentences."",
  ""chiral_score"": 3,
  ""chiral_reason"": ""'Opens' is a perfect temporal and directional antonym for 'closes' in this context."",
  ""verdict"": ""PASS""
}"
9608,ego4d,The cleaner picks the dust pan from the window,The cleaner picks up a pan from the utensil rack,The cleaner puts the dust pan back into the window,3.0,"The subject, object, and setting are identical between the anchor and the hard negative.",3.0,The action 'picks from' and 'puts back into' are clear directional and temporal antonyms.,PASS,,"{
  ""static_score"": 3,
  ""static_reason"": ""The subject, object, and setting are identical between the anchor and the hard negative."",
  ""chiral_score"": 3,
  ""chiral_reason"": ""The action 'picks from' and 'puts back into' are clear directional and temporal antonyms."",
  ""verdict"": ""PASS""
}"
9609,ego4d,The woman opens the fridge.,The customer opens the fridge,The woman closes the fridge.,3.0,The subject and object are identical across both sentences with no variation in modifiers.,3.0,The verb 'closes' is the exact temporal and directional antonym of 'opens'.,PASS,,"{
  ""static_score"": 3,
  ""static_reason"": ""The subject and object are identical across both sentences with no variation in modifiers."",
  ""chiral_score"": 3,
  ""chiral_reason"": ""The verb 'closes' is the exact temporal and directional antonym of 'opens'."",
  ""verdict"": ""PASS""
}"
9610,ego4d,The woman puts iron box on the iron board hanger,The woman puts an iron box down,The woman takes iron box off the iron board hanger,3.0,"The subject, object, and setting are identical in both sentences, maintaining perfect preservation of all non-action elements.",3.0,The verb phrases 'puts on' and 'takes off' are perfect directional and temporal antonyms for the interaction with the object.,PASS,,"{
  ""static_score"": 3,
  ""static_reason"": ""The subject, object, and setting are identical in both sentences, maintaining perfect preservation of all non-action elements."",
  ""chiral_score"": 3,
  ""chiral_reason"": ""The verb phrases 'puts on' and 'takes off' are perfect directional and temporal antonyms for the interaction with the object."",
  ""verdict"": ""PASS""
}"
9611,ego4d,The baker puts the pot on the counter top,The baker puts cooking pot lid away,The baker takes the pot off the counter top,3.0,"The subject, object, and setting are identical across both sentences.",3.0,The actions 'puts on' and 'takes off' are clear directional and temporal antonyms.,PASS,,"{
  ""static_score"": 3,
  ""static_reason"": ""The subject, object, and setting are identical across both sentences."",
  ""chiral_score"": 3,
  ""chiral_reason"": ""The actions 'puts on' and 'takes off' are clear directional and temporal antonyms."",
  ""verdict"": ""PASS""
}"
9612,ego4d,The bartender puts the bottle down,The bartender puts bottle on sink top,The bartender picks up the bottle,3.0,"The subject and object are identical between the anchor and hard negative, with no conflicting setting information provided.",3.0,'Picks up' is the exact directional and temporal antonym of 'puts down'.,PASS,,"{
  ""static_score"": 3,
  ""static_reason"": ""The subject and object are identical between the anchor and hard negative, with no conflicting setting information provided."",
  ""chiral_score"": 3,
  ""chiral_reason"": ""'Picks up' is the exact directional and temporal antonym of 'puts down'."",
  ""verdict"": ""PASS""
}"
9613,ego4d,The woman drops plastic container.,The woman drops the container on the bed with her left hand.,The woman picks up plastic container.,3.0,"The subject and object are identical across both sentences, including the omission of the article 'the' before the object.",3.0,Dropping and picking up are clear directional and temporal antonyms regarding the movement and possession of the object.,PASS,,"{
  ""static_score"": 3,
  ""static_reason"": ""The subject and object are identical across both sentences, including the omission of the article 'the' before the object."",
  ""chiral_score"": 3,
  ""chiral_reason"": ""Dropping and picking up are clear directional and temporal antonyms regarding the movement and possession of the object."",
  ""verdict"": ""PASS""
}"
9614,ego4d,The baker puts the dough on a tray on the kneading table.,The baker puts the dough on the rolling board,The baker takes the dough off a tray on the kneading table.,3.0,"The subject, object, and the specific setting (a tray on the kneading table) are perfectly identical across both sentences.",3.0,The actions 'puts on' and 'takes off' represent a precise directional and temporal reversal of the same activity.,PASS,,"```json
{
  ""static_score"": 3,
  ""static_reason"": ""The subject, object, and the specific setting (a tray on the kneading table) are perfectly identical across both sentences."",
  ""chiral_score"": 3,
  ""chiral_reason"": ""The actions 'puts on' and 'takes off' represent a precise directional and temporal reversal of the same activity."",
  ""verdict"": ""PASS""
}
```"
9615,ego4d,The scuba diver removes right hand from the glass transparent tank.,The scuba diver removes his right hand from a table.,The scuba diver puts right hand into the glass transparent tank.,3.0,"The subject, object, and specific description of the setting are identical between the anchor and the hard negative.",3.0,The actions 'removes from' and 'puts into' represent a perfect directional and temporal antonym pair.,PASS,,"{
  ""static_score"": 3,
  ""static_reason"": ""The subject, object, and specific description of the setting are identical between the anchor and the hard negative."",
  ""chiral_score"": 3,
  ""chiral_reason"": ""The actions 'removes from' and 'puts into' represent a perfect directional and temporal antonym pair."",
  ""verdict"": ""PASS""
}"
9616,ego4d,The diner puts the chopsticks in the bowl,The diner puts the chopsticks on the bowl,The diner takes the chopsticks out of the bowl,3.0,"The subject, object, and the specific setting of the bowl are identical across both sentences.",3.0,The action of taking an object out of a container is the precise directional and temporal antonym of putting it in.,PASS,,"{
  ""static_score"": 3,
  ""static_reason"": ""The subject, object, and the specific setting of the bowl are identical across both sentences."",
  ""chiral_score"": 3,
  ""chiral_reason"": ""The action of taking an object out of a container is the precise directional and temporal antonym of putting it in."",
  ""verdict"": ""PASS""
}"
9617,ego4d,The assistant puts the box on the table,The assistant puts the foil box in the shelf,The assistant takes the box off the table,3.0,"The subject, object, and setting entities are identical across both sentences, with no added or removed descriptive modifiers.",3.0,'Puts on' and 'takes off' are perfect directional and temporal antonyms representing the inverse of the same action.,PASS,,"{
  ""static_score"": 3,
  ""static_reason"": ""The subject, object, and setting entities are identical across both sentences, with no added or removed descriptive modifiers."",
  ""chiral_score"": 3,
  ""chiral_reason"": ""'Puts on' and 'takes off' are perfect directional and temporal antonyms representing the inverse of the same action."",
  ""verdict"": ""PASS""
}"
9618,ego4d,The manicurist closes the nail polish bottle,The manicurist closes the fox fluid bottle with a top,The manicurist opens the nail polish bottle,3.0,The subject and object are identical in both the anchor and the hard negative without any extraneous changes.,3.0,The action 'opens' is the perfect temporal and directional antonym of 'closes'.,PASS,,"{
  ""static_score"": 3,
  ""static_reason"": ""The subject and object are identical in both the anchor and the hard negative without any extraneous changes."",
  ""chiral_score"": 3,
  ""chiral_reason"": ""The action 'opens' is the perfect temporal and directional antonym of 'closes'."",
  ""verdict"": ""PASS""
}"
9619,ego4d,The baker picks up the serving bowl from the sink,The baker picks the bowl from the shelf,The baker puts down the serving bowl in the sink,3.0,"The subject, object, and setting are identical, with the preposition change being a direct consequence of the action's direction.",3.0,'Puts down' is the precise temporal and directional antonym of 'picks up'.,PASS,,"{
  ""static_score"": 3,
  ""static_reason"": ""The subject, object, and setting are identical, with the preposition change being a direct consequence of the action's direction."",
  ""chiral_score"": 3,
  ""chiral_reason"": ""'Puts down' is the precise temporal and directional antonym of 'picks up'."",
  ""verdict"": ""PASS""
}"
9620,ego4d,The potter picks a half-done ceramic pot from the platform with his right hand.,The potter picks the clay cover pot,The potter places a half-done ceramic pot onto the platform with his right hand.,3.0,"The subject, object, setting, and manner are identical between the anchor and the hard negative.",3.0,The actions 'picks' and 'places' are perfect directional antonyms in this context.,PASS,,"{
  ""static_score"": 3,
  ""static_reason"": ""The subject, object, setting, and manner are identical between the anchor and the hard negative."",
  ""chiral_score"": 3,
  ""chiral_reason"": ""The actions 'picks' and 'places' are perfect directional antonyms in this context."",
  ""verdict"": ""PASS""
}"
9621,ego4d,The **man** picks up the spray bottle from the table with his right hand.,The **man** picks a bottle of drink from the table,The **man** puts down the spray bottle on the table with his right hand.,3.0,"The subject, object, manner, and setting are identical between the anchor and the hard negative.",3.0,'Picks up' and 'puts down' are classic temporal and directional antonyms representing the reverse action.,PASS,,"{
  ""static_score"": 3,
  ""static_reason"": ""The subject, object, manner, and setting are identical between the anchor and the hard negative."",
  ""chiral_score"": 3,
  ""chiral_reason"": ""'Picks up' and 'puts down' are classic temporal and directional antonyms representing the reverse action."",
  ""verdict"": ""PASS""
}"
9622,ego4d,The **man** picks a glass of milk with right hand,The **man** picks glass,The **man** puts a glass of milk down with right hand,3.0,"The subject, object, and manner of the action ('with right hand') are perfectly identical between the anchor and the hard negative.",3.0,The verbs 'picks' and 'puts down' function as direct directional and temporal antonyms in the context of manipulating an object.,PASS,,"{
  ""static_score"": 3,
  ""static_reason"": ""The subject, object, and manner of the action ('with right hand') are perfectly identical between the anchor and the hard negative."",
  ""chiral_score"": 3,
  ""chiral_reason"": ""The verbs 'picks' and 'puts down' function as direct directional and temporal antonyms in the context of manipulating an object."",
  ""verdict"": ""PASS""
}"
9623,ego4d,The **woman** puts down the kitchen towel with her left hand,The **woman** puts down the towel.,The **woman** picks up the kitchen towel with her left hand,3.0,"The subject, object, and specific manner of action are perfectly identical across both sentences.",3.0,The action 'picks up' is the direct temporal and directional antonym of 'puts down'.,PASS,,"{
  ""static_score"": 3,
  ""static_reason"": ""The subject, object, and specific manner of action are perfectly identical across both sentences."",
  ""chiral_score"": 3,
  ""chiral_reason"": ""The action 'picks up' is the direct temporal and directional antonym of 'puts down'."",
  ""verdict"": ""PASS""
}"
9624,ego4d,The technician picks the screw,The technician picks the screw from the table with his left hand.,The technician puts the screw down,3.0,"The subject and object are verbatim identical between the anchor and the hard negative, ensuring perfect static preservation.",3.0,Picking and putting down are fundamental directional antonyms representing the start and end of a physical manipulation task.,PASS,,"{
  ""static_score"": 3,
  ""static_reason"": ""The subject and object are verbatim identical between the anchor and the hard negative, ensuring perfect static preservation."",
  ""chiral_score"": 3,
  ""chiral_reason"": ""Picking and putting down are fundamental directional antonyms representing the start and end of a physical manipulation task."",
  ""verdict"": ""PASS""
}"
9625,ego4d,The woman places her left hand on the chair.,The woman places his right hand on the thread,The woman removes her left hand from the chair.,3.0,"The subject, object, and location are word-for-word identical, maintaining perfect static preservation.",3.0,The action 'removes' is a perfect directional and temporal antonym of 'places' in this context.,PASS,,"```json
{
  ""static_score"": 3,
  ""static_reason"": ""The subject, object, and location are word-for-word identical, maintaining perfect static preservation."",
  ""chiral_score"": 3,
  ""chiral_reason"": ""The action 'removes' is a perfect directional and temporal antonym of 'places' in this context."",
  ""verdict"": ""PASS""
}
```"
9626,ego4d,The waitress drops the cup,The waiter drops a glass cup on the table with his right hand.,The waitress picks up the cup,3.0,"The subject and object are identical between the anchor and the hard negative, with no additional setting or manner elements introduced.",2.0,"The actions 'drops' and 'picks up' are directional opposites (down vs. up), but they are not strict lexical antonyms like 'pick up' and 'put down'.",PASS,,"```json
{
  ""static_score"": 3,
  ""static_reason"": ""The subject and object are identical between the anchor and the hard negative, with no additional setting or manner elements introduced."",
  ""chiral_score"": 2,
  ""chiral_reason"": ""The actions 'drops' and 'picks up' are directional opposites (down vs. up), but they are not strict lexical antonyms like 'pick up' and 'put down'."",
  ""verdict"": ""PASS""
}
```"
9627,ego4d,The diner puts a spoon in the plate,The waiter puts a spoon in a bowl.,The diner takes a spoon out of the plate,3.0,"The subject, object, and setting are perfectly identical between the anchor and the hard negative.",3.0,The actions 'puts in' and 'takes out' represent a perfect directional and temporal chiral pair.,PASS,,"{
  ""static_score"": 3,
  ""static_reason"": ""The subject, object, and setting are perfectly identical between the anchor and the hard negative."",
  ""chiral_score"": 3,
  ""chiral_reason"": ""The actions 'puts in' and 'takes out' represent a perfect directional and temporal chiral pair."",
  ""verdict"": ""PASS""
}"
9628,ego4d,The sailor places his left hand on the front deck cover.,The sailor places her right hand under a sanitizer dispenser.,The sailor removes his left hand from the front deck cover.,3.0,"The subject, object, and setting are identical between the anchor and the hard negative.",3.0,The action 'removes from' is the direct directional and temporal antonym of 'places on'.,PASS,,"{
  ""static_score"": 3,
  ""static_reason"": ""The subject, object, and setting are identical between the anchor and the hard negative."",
  ""chiral_score"": 3,
  ""chiral_reason"": ""The action 'removes from' is the direct directional and temporal antonym of 'places on'."",
  ""verdict"": ""PASS""
}"
9629,ego4d,The diner picks up the fork in the plate with her right hand.,The diner picks up a fork on the table with her right hand.,The diner puts down the fork in the plate with her right hand.,3.0,"The subject, object, and all circumstantial phrases are perfectly identical between the anchor and the hard negative.",3.0,The actions 'picks up' and 'puts down' represent a perfect directional and temporal reversal of the same motion.,PASS,,"{
  ""static_score"": 3,
  ""static_reason"": ""The subject, object, and all circumstantial phrases are perfectly identical between the anchor and the hard negative."",
  ""chiral_score"": 3,
  ""chiral_reason"": ""The actions 'picks up' and 'puts down' represent a perfect directional and temporal reversal of the same motion."",
  ""verdict"": ""PASS""
}"
9630,ego4d,The scientist opens the door a little,The scientist opens a glass door of the lab freezer with her left gloved hand.,The scientist closes the door a little,3.0,"The subject, object, and manner are verbatim identical between the anchor and the hard negative.",3.0,The verb 'closes' is the exact directional antonym of the anchor's action 'opens'.,PASS,,"{
  ""static_score"": 3,
  ""static_reason"": ""The subject, object, and manner are verbatim identical between the anchor and the hard negative."",
  ""chiral_score"": 3,
  ""chiral_reason"": ""The verb 'closes' is the exact directional antonym of the anchor's action 'opens'."",
  ""verdict"": ""PASS""
}"
9631,ego4d,The thirsty man picks a cup of water from the table,The thirsty man picks a cup.,The thirsty man puts a cup of water on the table,3.0,"The subject, object, and the core setting (the table) are identical across both sentences.",3.0,The verbs 'picks' and 'puts' combined with their respective prepositions form a perfect directional antonym pair.,PASS,,"```json
{
  ""static_score"": 3,
  ""static_reason"": ""The subject, object, and the core setting (the table) are identical across both sentences."",
  ""chiral_score"": 3,
  ""chiral_reason"": ""The verbs 'picks' and 'puts' combined with their respective prepositions form a perfect directional antonym pair."",
  ""verdict"": ""PASS""
}
```"
9632,ego4d,The mechanic tightens a nut,The mechanic tightens the nut with the torque wrench,The mechanic loosens a nut,3.0,The subject and object are identical across both sentences with no extra modifiers or setting changes.,3.0,'Loosens' is the precise directional and temporal antonym of 'tightens'.,PASS,,"{
  ""static_score"": 3,
  ""static_reason"": ""The subject and object are identical across both sentences with no extra modifiers or setting changes."",
  ""chiral_score"": 3,
  ""chiral_reason"": ""'Loosens' is the precise directional and temporal antonym of 'tightens'."",
  ""verdict"": ""PASS""
}"
9633,ego4d,The student places the book on the table,The student places the book in his right hand on the book in his left hand.,The student takes the book off the table,3.0,"The subject (the student), object (the book), and setting (the table) are perfectly identical between the anchor and the hard negative.",3.0,'Places on' and 'takes off' represent a perfect directional and temporal reversal of the same action.,PASS,,"```json
{
  ""static_score"": 3,
  ""static_reason"": ""The subject (the student), object (the book), and setting (the table) are perfectly identical between the anchor and the hard negative."",
  ""chiral_score"": 3,
  ""chiral_reason"": ""'Places on' and 'takes off' represent a perfect directional and temporal reversal of the same action."",
  ""verdict"": ""PASS""
}
```"
9634,ego4d,The mechanic tightens the bolt on the windscreen with a screwdriver in his gloved right hand.,The mechanic tightens the bolt,The mechanic loosens the bolt on the windscreen with a screwdriver in his gloved right hand.,3.0,"The subject, object, setting, and detailed manner of the action are identical across both sentences.",3.0,The verb 'loosens' is the precise directional and temporal antonym of 'tightens.',PASS,,"{
  ""static_score"": 3,
  ""static_reason"": ""The subject, object, setting, and detailed manner of the action are identical across both sentences."",
  ""chiral_score"": 3,
  ""chiral_reason"": ""The verb 'loosens' is the precise directional and temporal antonym of 'tightens.'"",
  ""verdict"": ""PASS""
}"
9635,ego4d,The plumber turns off tap,The plumber turns off the sink tap,The plumber turns on tap,3.0,The subject and object are identical between the anchor and the hard negative.,3.0,The action 'turns on' is the perfect temporal antonym of 'turns off'.,PASS,,"{
  ""static_score"": 3,
  ""static_reason"": ""The subject and object are identical between the anchor and the hard negative."",
  ""chiral_score"": 3,
  ""chiral_reason"": ""The action 'turns on' is the perfect temporal antonym of 'turns off'."",
  ""verdict"": ""PASS""
}"
9636,ego4d,The artisan unfolds the paper in her left hand with her right hand.,The artisan unfolds the sand paper in her hands,The artisan folds the paper in her left hand with her right hand.,3.0,"The subject, object, and manner of the action are identical word-for-word between the anchor and the hard negative.",3.0,"The action 'folds' is the direct temporal and directional antonym of 'unfolds', satisfying the chiral requirement perfectly.",PASS,,"{
  ""static_score"": 3,
  ""static_reason"": ""The subject, object, and manner of the action are identical word-for-word between the anchor and the hard negative."",
  ""chiral_score"": 3,
  ""chiral_reason"": ""The action 'folds' is the direct temporal and directional antonym of 'unfolds', satisfying the chiral requirement perfectly."",
  ""verdict"": ""PASS""
}"
9637,ego4d,The gardener places his hand on the flower bed fence,The gardener places his right hand on a furniture,The gardener removes his hand from the flower bed fence,3.0,"The subject, object, and specific setting are identical across both sentences without any variation.",3.0,'Removes from' is the perfect temporal and directional antonym for 'places on' in this context.,PASS,,"{
  ""static_score"": 3,
  ""static_reason"": ""The subject, object, and specific setting are identical across both sentences without any variation."",
  ""chiral_score"": 3,
  ""chiral_reason"": ""'Removes from' is the perfect temporal and directional antonym for 'places on' in this context."",
  ""verdict"": ""PASS""
}"
9638,ego4d,The sailor places hand on the boat,The lady places her left hand on the shirt on the table.,The sailor removes hand from the boat,3.0,"The subject, object, and setting are identical between the anchor and the hard negative, maintaining perfect static preservation.",3.0,The actions 'places on' and 'removes from' are classic directional and temporal antonyms representing the reversal of the same physical process.,PASS,,"```json
{
  ""static_score"": 3,
  ""static_reason"": ""The subject, object, and setting are identical between the anchor and the hard negative, maintaining perfect static preservation."",
  ""chiral_score"": 3,
  ""chiral_reason"": ""The actions 'places on' and 'removes from' are classic directional and temporal antonyms representing the reversal of the same physical process."",
  ""verdict"": ""PASS""
}
```"
9639,ego4d,The barista puts down the coffee mug,The barista puts the mug on the cabinet.,The barista picks up the coffee mug,3.0,The subject and object are identical in both sentences with no additional modifiers or setting changes.,3.0,The action 'picks up' is the direct directional and temporal antonym of 'puts down'.,PASS,,"{
  ""static_score"": 3,
  ""static_reason"": ""The subject and object are identical in both sentences with no additional modifiers or setting changes."",
  ""chiral_score"": 3,
  ""chiral_reason"": ""The action 'picks up' is the direct directional and temporal antonym of 'puts down'."",
  ""verdict"": ""PASS""
}"
9640,ego4d,The carpenter removes hand from timber,The carpenter removes his right hand from the painting,The carpenter places hand on timber,3.0,"The subject, object, and setting are identical between the anchor and the hard negative, maintaining perfect static preservation.",3.0,The action 'places on' is the precise directional and temporal antonym of 'removes from' regarding physical contact with a surface.,PASS,,"```json
{
  ""static_score"": 3,
  ""static_reason"": ""The subject, object, and setting are identical between the anchor and the hard negative, maintaining perfect static preservation."",
  ""chiral_score"": 3,
  ""chiral_reason"": ""The action 'places on' is the precise directional and temporal antonym of 'removes from' regarding physical contact with a surface."",
  ""verdict"": ""PASS""
}
```"
9641,ego4d,The crafter puts the glue on the piece of cloth.,The crafter puts the glue can on the table,The crafter removes the glue from the piece of cloth.,3.0,"The subject, object, and setting noun phrases are perfectly identical between the anchor and the hard negative.",3.0,The action 'removes from' is a direct directional and temporal antonym of the action 'puts on'.,PASS,,"```json
{
  ""static_score"": 3,
  ""static_reason"": ""The subject, object, and setting noun phrases are perfectly identical between the anchor and the hard negative."",
  ""chiral_score"": 3,
  ""chiral_reason"": ""The action 'removes from' is a direct directional and temporal antonym of the action 'puts on'."",
  ""verdict"": ""PASS""
}
```"
9642,ego4d,The **waiter** picks the cup from the table with his right hand.,The **waiter** picks paper cup,The **waiter** puts the cup on the table with his right hand.,3.0,"The subject, object, manner, and the setting (the table) are perfectly preserved between the anchor and the hard negative.",3.0,The actions 'picks from' and 'puts on' are precise directional and temporal antonyms describing the removal and placement of an object.,PASS,,"{
  ""static_score"": 3,
  ""static_reason"": ""The subject, object, manner, and the setting (the table) are perfectly preserved between the anchor and the hard negative."",
  ""chiral_score"": 3,
  ""chiral_reason"": ""The actions 'picks from' and 'puts on' are precise directional and temporal antonyms describing the removal and placement of an object."",
  ""verdict"": ""PASS""
}"
9643,ego4d,The crafter puts glue on the table,The crafter puts glue on the carton,The crafter takes glue off the table,3.0,"The subject, object, and setting are identical between the anchor and the hard negative.",3.0,The verb phrases 'puts on' and 'takes off' constitute a perfect directional and temporal reversal of the action.,PASS,,"{
  ""static_score"": 3,
  ""static_reason"": ""The subject, object, and setting are identical between the anchor and the hard negative."",
  ""chiral_score"": 3,
  ""chiral_reason"": ""The verb phrases 'puts on' and 'takes off' constitute a perfect directional and temporal reversal of the action."",
  ""verdict"": ""PASS""
}"
9644,ego4d,The tailor pulls yarn with his left hand.,The tailor pulls the yarn inside the fabric with her left hand,The tailor lets go of the yarn with his left hand.,2.0,"The object is slightly modified from 'yarn' to 'the yarn', violating the requirement for identical phrasing.",3.0,The action 'lets go of' is a perfect temporal antonym for 'pulls' in the context of manual labor.,PASS,,"{
  ""static_score"": 2,
  ""static_reason"": ""The object is slightly modified from 'yarn' to 'the yarn', violating the requirement for identical phrasing."",
  ""chiral_score"": 3,
  ""chiral_reason"": ""The action 'lets go of' is a perfect temporal antonym for 'pulls' in the context of manual labor."",
  ""verdict"": ""PASS""
}"
9645,ego4d,The waitress drops the plate on a bowl on the table with her right hand.,The waitress drops a plate on the countertop,The waitress picks up the plate from a bowl on the table with her right hand.,2.0,"The core entities and setting are preserved, though the prepositional change from 'on' to 'from' is a minor deviation in the spatial description.",3.0,The actions 'drops' and 'picks up' are perfect directional and temporal antonyms in the context of object manipulation.,PASS,,"{
  ""static_score"": 2,
  ""static_reason"": ""The core entities and setting are preserved, though the prepositional change from 'on' to 'from' is a minor deviation in the spatial description."",
  ""chiral_score"": 3,
  ""chiral_reason"": ""The actions 'drops' and 'picks up' are perfect directional and temporal antonyms in the context of object manipulation."",
  ""verdict"": ""PASS""
}"
9646,ego4d,The gardener places his right hand on the chest,The gardener places his left hand on the hedge trimmer lid in his right hand.,The gardener removes his right hand from the chest,3.0,"The subject, target object, and the specific use of the 'right hand' are perfectly identical in both sentences.",3.0,The verbs 'places on' and 'removes from' constitute a perfect temporal and directional antonym pair.,PASS,,"{
  ""static_score"": 3,
  ""static_reason"": ""The subject, target object, and the specific use of the 'right hand' are perfectly identical in both sentences."",
  ""chiral_score"": 3,
  ""chiral_reason"": ""The verbs 'places on' and 'removes from' constitute a perfect temporal and directional antonym pair."",
  ""verdict"": ""PASS""
}"
9647,ego4d,The **laboratory assistant** picks a glass of specimen in the microwave,The **laboratory assistant** picks the aluminum glass on the table,The **laboratory assistant** places a glass of specimen in the microwave,3.0,"The subject, object, and setting are identical between the anchor and the hard negative.",3.0,The actions 'picks' and 'places' are clear directional antonyms representing the removal versus the insertion of an object.,PASS,,"```json
{
  ""static_score"": 3,
  ""static_reason"": ""The subject, object, and setting are identical between the anchor and the hard negative."",
  ""chiral_score"": 3,
  ""chiral_reason"": ""The actions 'picks' and 'places' are clear directional antonyms representing the removal versus the insertion of an object."",
  ""verdict"": ""PASS""
}
```"
9648,ego4d,The gardener ties the rope on the door knob,The gardener ties the rope on the fence,The gardener unties the rope from the door knob,3.0,"The subject, object, and setting are identical, with the prepositional shift being a grammatical requirement of the verb's directional reversal.",3.0,The verb 'unties' is the perfect temporal and directional antonym of 'ties'.,PASS,,"{
  ""static_score"": 3,
  ""static_reason"": ""The subject, object, and setting are identical, with the prepositional shift being a grammatical requirement of the verb's directional reversal."",
  ""chiral_score"": 3,
  ""chiral_reason"": ""The verb 'unties' is the perfect temporal and directional antonym of 'ties'."",
  ""verdict"": ""PASS""
}"
9649,ego4d,The construction worker places his left hand onto the stack of bricks.,The construction worker places his right hand on the furniture,The construction worker removes his left hand from the stack of bricks.,3.0,"The subject, object, and setting are identical between the anchor and the hard negative.",3.0,'Removes from' is the perfect temporal and directional antonym of 'places onto' in this context.,PASS,,"{
  ""static_score"": 3,
  ""static_reason"": ""The subject, object, and setting are identical between the anchor and the hard negative."",
  ""chiral_score"": 3,
  ""chiral_reason"": ""'Removes from' is the perfect temporal and directional antonym of 'places onto' in this context."",
  ""verdict"": ""PASS""
}"
9650,ego4d,The student removes left hand on the tablet,The student moves left hand from fabric,The student places left hand on the tablet,3.0,"All non-action elements including the subject, object, and setting are word-for-word identical between the anchor and the hard negative.",3.0,'Places' and 'removes' represent a perfect directional and temporal reversal of the same physical interaction with the tablet.,PASS,,"{
  ""static_score"": 3,
  ""static_reason"": ""All non-action elements including the subject, object, and setting are word-for-word identical between the anchor and the hard negative."",
  ""chiral_score"": 3,
  ""chiral_reason"": ""'Places' and 'removes' represent a perfect directional and temporal reversal of the same physical interaction with the tablet."",
  ""verdict"": ""PASS""
}"
9651,ego4d,The baker picks up a measuring cup from a rack on the kitchen sink,The baker picks a cup of tea,The baker puts down a measuring cup on a rack on the kitchen sink,3.0,"The subject, object, and setting are identical, with only the preposition 'from' changing to 'on' to accommodate the grammatical requirements of the action change.",3.0,The actions 'picks up' and 'puts down' are classic temporal and directional antonyms as specified in the criteria.,PASS,,"{
  ""static_score"": 3,
  ""static_reason"": ""The subject, object, and setting are identical, with only the preposition 'from' changing to 'on' to accommodate the grammatical requirements of the action change."",
  ""chiral_score"": 3,
  ""chiral_reason"": ""The actions 'picks up' and 'puts down' are classic temporal and directional antonyms as specified in the criteria."",
  ""verdict"": ""PASS""
}"
9652,ego4d,The cook puts cooking pan on the cooker,The cook puts the frying pan on the dish drier,The cook takes cooking pan off the cooker,3.0,"The subject, object, and setting are identical between the anchor and the hard negative.",3.0,The action 'takes off' is the perfect directional and temporal inverse of 'puts on'.,PASS,,"{
  ""static_score"": 3,
  ""static_reason"": ""The subject, object, and setting are identical between the anchor and the hard negative."",
  ""chiral_score"": 3,
  ""chiral_reason"": ""The action 'takes off' is the perfect directional and temporal inverse of 'puts on'."",
  ""verdict"": ""PASS""
}"
9653,ego4d,The **restaurant patron** closes the bottle,The **waiter** closes a bottle of water,The **restaurant patron** opens the bottle,3.0,The subject 'The restaurant patron' and object 'the bottle' are perfectly identical across both sentences.,3.0,The actions 'opens' and 'closes' represent a perfect chiral pair of temporal antonyms.,PASS,,"{
  ""static_score"": 3,
  ""static_reason"": ""The subject 'The restaurant patron' and object 'the bottle' are perfectly identical across both sentences."",
  ""chiral_score"": 3,
  ""chiral_reason"": ""The actions 'opens' and 'closes' represent a perfect chiral pair of temporal antonyms."",
  ""verdict"": ""PASS""
}"
9654,ego4d,The person removes the left hand from the water tap,The person removes hand from the paper,The person places the left hand on the water tap,3.0,"The subject, the specific limb used, and the setting/object involved are identical in both sentences.",3.0,The actions 'removes' and 'places' are perfect temporal and directional antonyms in this context.,PASS,,"{
  ""static_score"": 3,
  ""static_reason"": ""The subject, the specific limb used, and the setting/object involved are identical in both sentences."",
  ""chiral_score"": 3,
  ""chiral_reason"": ""The actions 'removes' and 'places' are perfect temporal and directional antonyms in this context."",
  ""verdict"": ""PASS""
}"
9655,ego4d,The waiter picks the glass of water,The woman picks the glass,The waiter puts the glass of water down,3.0,"The subject 'The waiter' and the object 'the glass of water' are identical in both sentences, satisfying all static preservation criteria.",2.0,"While 'picks' and 'puts down' are directional antonyms, 'picks' is slightly informal or incomplete compared to 'picks up', which would be the perfect chiral opposite.",PASS,,"```json
{
  ""static_score"": 3,
  ""static_reason"": ""The subject 'The waiter' and the object 'the glass of water' are identical in both sentences, satisfying all static preservation criteria."",
  ""chiral_score"": 2,
  ""chiral_reason"": ""While 'picks' and 'puts down' are directional antonyms, 'picks' is slightly informal or incomplete compared to 'picks up', which would be the perfect chiral opposite."",
  ""verdict"": ""PASS""
}
```"
9656,ego4d,The bartender places her left hand on the table.,The bartender places her left hand on a cover of the keg.,The bartender removes her left hand from the table.,3.0,"The subject, object, and setting are identical across both sentences with no additions or modifications.",3.0,'Removes' is a direct directional and temporal antonym of 'places' in the context of physical interaction with a surface.,PASS,,"{
  ""static_score"": 3,
  ""static_reason"": ""The subject, object, and setting are identical across both sentences with no additions or modifications."",
  ""chiral_score"": 3,
  ""chiral_reason"": ""'Removes' is a direct directional and temporal antonym of 'places' in the context of physical interaction with a surface."",
  ""verdict"": ""PASS""
}"
9657,ego4d,The diner takes food from the plate with the spoon in her right hand to another plate,The diner takes food with spoon,The diner takes food from the other plate with the spoon in her right hand to the original plate,3.0,"The subject, object, and manner are identical, while the setting is preserved through near-identical relational descriptors that maintain the identity of the two plates.",3.0,"The action path is completely reversed from 'Plate A to B' to 'Plate B to A', which perfectly satisfies the directional antonym requirement.",PASS,,"{
  ""static_score"": 3,
  ""static_reason"": ""The subject, object, and manner are identical, while the setting is preserved through near-identical relational descriptors that maintain the identity of the two plates."",
  ""chiral_score"": 3,
  ""chiral_reason"": ""The action path is completely reversed from 'Plate A to B' to 'Plate B to A', which perfectly satisfies the directional antonym requirement."",
  ""verdict"": ""PASS""
}"
9658,ego4d,The woman lifts a blue bowl from the red bowl with her right hand.,The woman lifts a plate bowl from the counter,The woman lowers a blue bowl into the red bowl with her right hand.,3.0,"The subject, objects, and manner are identical in both sentences, ensuring perfect static preservation.",3.0,'Lifts from' and 'lowers into' represent a perfect directional and temporal reversal of the action.,PASS,,"{
  ""static_score"": 3,
  ""static_reason"": ""The subject, objects, and manner are identical in both sentences, ensuring perfect static preservation."",
  ""chiral_score"": 3,
  ""chiral_reason"": ""'Lifts from' and 'lowers into' represent a perfect directional and temporal reversal of the action."",
  ""verdict"": ""PASS""
}"
9659,ego4d,The operator removes hand from the handle of lawn machine,The operator removes his right hand from the mouse,The operator places hand on the handle of lawn machine,3.0,"All non-action elements, including the operator, the hand, and the specific handle of the lawn machine, are identical in both sentences.",3.0,The pair 'removes from' and 'places on' constitutes a perfect directional and temporal antonym for the described interaction.,PASS,,"{
  ""static_score"": 3,
  ""static_reason"": ""All non-action elements, including the operator, the hand, and the specific handle of the lawn machine, are identical in both sentences."",
  ""chiral_score"": 3,
  ""chiral_reason"": ""The pair 'removes from' and 'places on' constitutes a perfect directional and temporal antonym for the described interaction."",
  ""verdict"": ""PASS""
}"
9660,ego4d,The barista drops the glass cup on the kitchen slab.,The barista drops the first cup lid into the sink,The barista picks up the glass cup from the kitchen slab.,3.0,"The subject, object, and setting are identical, with only the preposition changing to accommodate the direction of the action.",3.0,'Picks up' and 'drops' represent the classic directional and temporal inverse of object manipulation.,PASS,,"{
  ""static_score"": 3,
  ""static_reason"": ""The subject, object, and setting are identical, with only the preposition changing to accommodate the direction of the action."",
  ""chiral_score"": 3,
  ""chiral_reason"": ""'Picks up' and 'drops' represent the classic directional and temporal inverse of object manipulation."",
  ""verdict"": ""PASS""
}"
9661,ego4d,The student picks up a book,The student picks a book from the books stand,The student puts down a book,3.0,"The subject and object are verbatim identical, preserving all non-action elements perfectly.",3.0,"The verb phrase 'puts down' is the exact directional and temporal inverse of 'picks up', matching the provided examples.",PASS,,"{
  ""static_score"": 3,
  ""static_reason"": ""The subject and object are verbatim identical, preserving all non-action elements perfectly."",
  ""chiral_score"": 3,
  ""chiral_reason"": ""The verb phrase 'puts down' is the exact directional and temporal inverse of 'picks up', matching the provided examples."",
  ""verdict"": ""PASS""
}"
9662,ego4d,The photographer places her right hand on the camera on her head.,The photographer places his left hand on the piece of wood.,The photographer removes her right hand from the camera on her head.,3.0,"The subject, the specific limb used, the object, and the object's location are verbatim matches between the anchor and the hard negative.",3.0,The verb phrase 'removes from' is a perfect directional and temporal antonym of 'places on' in this physical context.,PASS,,"{
  ""static_score"": 3,
  ""static_reason"": ""The subject, the specific limb used, the object, and the object's location are verbatim matches between the anchor and the hard negative."",
  ""chiral_score"": 3,
  ""chiral_reason"": ""The verb phrase 'removes from' is a perfect directional and temporal antonym of 'places on' in this physical context."",
  ""verdict"": ""PASS""
}"
9663,ego4d,The student removes her left hand from the book on the table.,The woman removes her hand from the wool.,The student places her left hand on the book on the table.,3.0,"The subject, object, and setting are identical between the anchor and the hard negative.",3.0,The actions 'removes from' and 'places on' represent a perfect directional and temporal inversion.,PASS,,"{
  ""static_score"": 3,
  ""static_reason"": ""The subject, object, and setting are identical between the anchor and the hard negative."",
  ""chiral_score"": 3,
  ""chiral_reason"": ""The actions 'removes from' and 'places on' represent a perfect directional and temporal inversion."",
  ""verdict"": ""PASS""
}"
9664,ego4d,The student puts the pen lid on top of the cabinet,The student Puts down lid in a kitchen counter,The student takes the pen lid off top of the cabinet,3.0,"The subject, object, and setting are identical across both sentences, with all non-action entities perfectly preserved.",3.0,The action 'takes off' is the direct temporal and directional antonym of 'puts on' in this context.,PASS,,"{
  ""static_score"": 3,
  ""static_reason"": ""The subject, object, and setting are identical across both sentences, with all non-action entities perfectly preserved."",
  ""chiral_score"": 3,
  ""chiral_reason"": ""The action 'takes off' is the direct temporal and directional antonym of 'puts on' in this context."",
  ""verdict"": ""PASS""
}"
9665,ego4d,The woman places the cloth on the storybook.,The woman places the cloth in her left hand,The woman removes the cloth from the storybook.,3.0,"The subject, object, and setting are identical between the anchor and the hard negative.",3.0,Removing an object is the direct directional and temporal antonym of placing it.,PASS,,"{
  ""static_score"": 3,
  ""static_reason"": ""The subject, object, and setting are identical between the anchor and the hard negative."",
  ""chiral_score"": 3,
  ""chiral_reason"": ""Removing an object is the direct directional and temporal antonym of placing it."",
  ""verdict"": ""PASS""
}"
9666,ego4d,The person closes the drawer,The woman M closes the drawer with her left hand.,The person opens the drawer,3.0,The subject and object are word-for-word identical between the anchor and the hard negative with no added modifiers.,3.0,The actions 'closes' and 'opens' are perfect directional/temporal antonyms as explicitly cited in the guidelines.,PASS,,"{
  ""static_score"": 3,
  ""static_reason"": ""The subject and object are word-for-word identical between the anchor and the hard negative with no added modifiers."",
  ""chiral_score"": 3,
  ""chiral_reason"": ""The actions 'closes' and 'opens' are perfect directional/temporal antonyms as explicitly cited in the guidelines."",
  ""verdict"": ""PASS""
}"
9667,ego4d,The carpenter places his right hand on the wooden frame,The carpenter places right hand on top of the drawer,The carpenter removes his right hand from the wooden frame,3.0,"The subject, object, and setting are identical between the anchor and the hard negative.",3.0,'Places' and 'removes' represent a perfect temporal and directional antonym pair for this context.,PASS,,"{
  ""static_score"": 3,
  ""static_reason"": ""The subject, object, and setting are identical between the anchor and the hard negative."",
  ""chiral_score"": 3,
  ""chiral_reason"": ""'Places' and 'removes' represent a perfect temporal and directional antonym pair for this context."",
  ""verdict"": ""PASS""
}"
9668,ego4d,The shopper picks a bottle from the fridge,The shopper picks a bottle from a basket with his right hand.,The shopper puts a bottle into the fridge,3.0,"The subject, object, and setting are verbatim identical between the anchor and the hard negative.",3.0,The action 'picks from' is the direct directional and temporal antonym of 'puts into'.,PASS,,"{
  ""static_score"": 3,
  ""static_reason"": ""The subject, object, and setting are verbatim identical between the anchor and the hard negative."",
  ""chiral_score"": 3,
  ""chiral_reason"": ""The action 'picks from' is the direct directional and temporal antonym of 'puts into'."",
  ""verdict"": ""PASS""
}"
9669,ego4d,The student raises the hand,The student raises his right hand,The student lowers the hand,3.0,The subject and object are exactly identical between the anchor and the hard negative.,3.0,Raising and lowering are perfect directional antonyms for the specified action.,PASS,,"```json
{
  ""static_score"": 3,
  ""static_reason"": ""The subject and object are exactly identical between the anchor and the hard negative."",
  ""chiral_score"": 3,
  ""chiral_reason"": ""Raising and lowering are perfect directional antonyms for the specified action."",
  ""verdict"": ""PASS""
}
```"
9670,ego4d,The homeowner puts a kettle in the cabinet,The homeowner puts the electric kettle on it's base.,The homeowner takes a kettle out of the cabinet,3.0,"The subject, object, and setting are identical between the anchor and the hard negative.",3.0,The actions 'puts in' and 'takes out' represent a perfect directional and temporal reversal.,PASS,,"{
  ""static_score"": 3,
  ""static_reason"": ""The subject, object, and setting are identical between the anchor and the hard negative."",
  ""chiral_score"": 3,
  ""chiral_reason"": ""The actions 'puts in' and 'takes out' represent a perfect directional and temporal reversal."",
  ""verdict"": ""PASS""
}"
9671,ego4d,The woman opens fridge,The woman opens the fridge with the right hand,The woman closes fridge,3.0,"The subject and object are identical across both sentences, maintaining a perfect match for all non-action elements.",3.0,The verb 'closes' is the direct temporal and directional antonym of the anchor's verb 'opens'.,PASS,,"{
  ""static_score"": 3,
  ""static_reason"": ""The subject and object are identical across both sentences, maintaining a perfect match for all non-action elements."",
  ""chiral_score"": 3,
  ""chiral_reason"": ""The verb 'closes' is the direct temporal and directional antonym of the anchor's verb 'opens'."",
  ""verdict"": ""PASS""
}"
9672,ego4d,The gardener drops the cotton bag,The gardener drops a bag of mulch on the ground with his left hand,The gardener picks up the cotton bag,3.0,The subject and object are exactly identical between the anchor and hard negative with no extraneous modifiers or setting changes.,3.0,The actions 'drops' and 'picks up' are direct directional and state-change antonyms regarding object manipulation.,PASS,,"{
  ""static_score"": 3,
  ""static_reason"": ""The subject and object are exactly identical between the anchor and hard negative with no extraneous modifiers or setting changes."",
  ""chiral_score"": 3,
  ""chiral_reason"": ""The actions 'drops' and 'picks up' are direct directional and state-change antonyms regarding object manipulation."",
  ""verdict"": ""PASS""
}"
9673,ego4d,The woman puts glass down,The woman puts the glass of water on the table,The woman picks glass up,3.0,The subject 'The woman' and object 'glass' are identical in both sentences with no conflicting details.,3.0,The actions 'puts down' and 'picks up' represent a perfect directional and temporal antonym pair.,PASS,,"{
  ""static_score"": 3,
  ""static_reason"": ""The subject 'The woman' and object 'glass' are identical in both sentences with no conflicting details."",
  ""chiral_score"": 3,
  ""chiral_reason"": ""The actions 'puts down' and 'picks up' represent a perfect directional and temporal antonym pair."",
  ""verdict"": ""PASS""
}"
9674,ego4d,The knitter rolls the yarn on the knitting needle,The knitter rolls yarn around her finger,The knitter takes the yarn off the knitting needle,3.0,"The subject (knitter), object (yarn), and instrument (knitting needle) are identical in both sentences.",2.0,"While the prepositions 'on' and 'off' create directional opposition, 'takes' is a general verb that does not mirror the specific rotational manner of 'rolls'.",PASS,,"```json
{
  ""static_score"": 3,
  ""static_reason"": ""The subject (knitter), object (yarn), and instrument (knitting needle) are identical in both sentences."",
  ""chiral_score"": 2,
  ""chiral_reason"": ""While the prepositions 'on' and 'off' create directional opposition, 'takes' is a general verb that does not mirror the specific rotational manner of 'rolls'."",
  ""verdict"": ""PASS""
}
```"
9675,ego4d,The carpenter places his left hand on the plank of wood,The carpenter places his right hand on a wall.,The carpenter removes his left hand from the plank of wood,3.0,"The subject, specific hand used, and the object involved are identical across both sentences.",3.0,The action 'removes from' is the direct temporal and directional antonym of 'places on'.,PASS,,"{
  ""static_score"": 3,
  ""static_reason"": ""The subject, specific hand used, and the object involved are identical across both sentences."",
  ""chiral_score"": 3,
  ""chiral_reason"": ""The action 'removes from' is the direct temporal and directional antonym of 'places on'."",
  ""verdict"": ""PASS""
}"
9676,ego4d,The baker puts bowl on the countertop,The baker puts down a bowl on a pan,The baker takes bowl off the countertop,3.0,"The subject, object, and the location noun are identical between the anchor and the hard negative, maintaining perfect static consistency.",3.0,The action 'takes off' serves as the perfect directional and temporal antonym to the anchor's action 'puts on'.,PASS,,"```json
{
  ""static_score"": 3,
  ""static_reason"": ""The subject, object, and the location noun are identical between the anchor and the hard negative, maintaining perfect static consistency."",
  ""chiral_score"": 3,
  ""chiral_reason"": ""The action 'takes off' serves as the perfect directional and temporal antonym to the anchor's action 'puts on'."",
  ""verdict"": ""PASS""
}
```"
9677,ego4d,The technician removes his right hand from the tube in his left hand.,The technician removes his hand from the screen.,The technician puts his right hand into the tube in his left hand.,3.0,"The subject, primary object, and the complex secondary object (the tube in his left hand) are identical in both sentences.",3.0,'Removes from' and 'puts into' represent a perfect directional and temporal antonym pair for this physical action.,PASS,,"```json
{
  ""static_score"": 3,
  ""static_reason"": ""The subject, primary object, and the complex secondary object (the tube in his left hand) are identical in both sentences."",
  ""chiral_score"": 3,
  ""chiral_reason"": ""'Removes from' and 'puts into' represent a perfect directional and temporal antonym pair for this physical action."",
  ""verdict"": ""PASS""
}
```"
9678,ego4d,The spectator places her hand on the lap,The player places his hand beside the chess piece on the chessboard,The spectator removes her hand from the lap,3.0,"The subject, object, and setting are identical across both sentences, perfectly preserving the context.",3.0,The verbs 'places' and 'removes' are direct directional antonyms representing a complete reversal of the action.,PASS,,"{
  ""static_score"": 3,
  ""static_reason"": ""The subject, object, and setting are identical across both sentences, perfectly preserving the context."",
  ""chiral_score"": 3,
  ""chiral_reason"": ""The verbs 'places' and 'removes' are direct directional antonyms representing a complete reversal of the action."",
  ""verdict"": ""PASS""
}"
9679,ego4d,The tailor removes the hand on the fabric,The tailor removes the hand from the card,The tailor places the hand on the fabric,3.0,"The subject, object, and prepositional phrase are identical across both sentences, ensuring perfect static preservation.",3.0,'Removes' and 'places' serve as direct temporal and directional antonyms for the physical interaction described.,PASS,,"{
  ""static_score"": 3,
  ""static_reason"": ""The subject, object, and prepositional phrase are identical across both sentences, ensuring perfect static preservation."",
  ""chiral_score"": 3,
  ""chiral_reason"": ""'Removes' and 'places' serve as direct temporal and directional antonyms for the physical interaction described."",
  ""verdict"": ""PASS""
}"
9680,ego4d,The **waiter** picks the glass cup from the table with her left hand.,The **waiter** picks a cup from the dining table with his right hand.,The **waiter** places the glass cup on the table with her left hand.,3.0,"The subject, object, setting, and manner are identical across the anchor and hard negative.",3.0,The actions 'picks from' and 'places on' are perfect temporal and directional antonyms.,PASS,,"{
  ""static_score"": 3,
  ""static_reason"": ""The subject, object, setting, and manner are identical across the anchor and hard negative."",
  ""chiral_score"": 3,
  ""chiral_reason"": ""The actions 'picks from' and 'places on' are perfect temporal and directional antonyms."",
  ""verdict"": ""PASS""
}"
9681,ego4d,The waiter puts the cup on the table,The customer puts cup on table,The waiter takes the cup off the table,3.0,"The subject, object, and locative noun (waiter, cup, table) are perfectly preserved between the sentences.",3.0,'Takes off' is the precise directional and temporal inverse of the action 'puts on'.,PASS,,"{
  ""static_score"": 3,
  ""static_reason"": ""The subject, object, and locative noun (waiter, cup, table) are perfectly preserved between the sentences."",
  ""chiral_score"": 3,
  ""chiral_reason"": ""'Takes off' is the precise directional and temporal inverse of the action 'puts on'."",
  ""verdict"": ""PASS""
}"
9682,ego4d,The woman picks the scissors with her right hand,The woman picks a scissors on the table,The woman places the scissors with her right hand,3.0,"The subject, object, and manner (with her right hand) are identical across the anchor and the hard negative.",3.0,The verbs 'picks' and 'places' function as direct directional antonyms representing the inverse actions of taking and putting down.,PASS,,"```json
{
  ""static_score"": 3,
  ""static_reason"": ""The subject, object, and manner (with her right hand) are identical across the anchor and the hard negative."",
  ""chiral_score"": 3,
  ""chiral_reason"": ""The verbs 'picks' and 'places' function as direct directional antonyms representing the inverse actions of taking and putting down."",
  ""verdict"": ""PASS""
}
```"
9683,ego4d,The gardener drops the pot on a cooker using her right hand.,The gardener drops the plant pot,The gardener picks up the pot from the cooker using her right hand.,2.0,"The subject, object, and manner are identical, but the setting has minor discrepancies in the article and preposition ('on a cooker' vs 'from the cooker').",2.0,"'Picks up' serves as a directional and temporal antonym to 'drops', though 'put down' would be a more precise linguistic counterpart.",PASS,,"{
  ""static_score"": 2,
  ""static_reason"": ""The subject, object, and manner are identical, but the setting has minor discrepancies in the article and preposition ('on a cooker' vs 'from the cooker')."",
  ""chiral_score"": 2,
  ""chiral_reason"": ""'Picks up' serves as a directional and temporal antonym to 'drops', though 'put down' would be a more precise linguistic counterpart."",
  ""verdict"": ""PASS""
}"
9684,ego4d,The student puts the mobile phone on the staircase.,The student puts the phone on the arm chair,The student takes the mobile phone off the staircase.,3.0,"The subject, object, and setting elements are verbatim identical between the anchor and the hard negative.",3.0,'Takes off' is the direct directional and temporal antonym of 'puts on' within this context.,PASS,,"{
  ""static_score"": 3,
  ""static_reason"": ""The subject, object, and setting elements are verbatim identical between the anchor and the hard negative."",
  ""chiral_score"": 3,
  ""chiral_reason"": ""'Takes off' is the direct directional and temporal antonym of 'puts on' within this context."",
  ""verdict"": ""PASS""
}"
9685,ego4d,The hiker opens bottle,The hiker opens a water bottle.,The hiker closes bottle,3.0,The subject 'The hiker' and object 'bottle' are identical across both the anchor and the hard negative.,3.0,The verb 'closes' is the exact temporal and directional antonym of 'opens' as required.,PASS,,"```json
{
  ""static_score"": 3,
  ""static_reason"": ""The subject 'The hiker' and object 'bottle' are identical across both the anchor and the hard negative."",
  ""chiral_score"": 3,
  ""chiral_reason"": ""The verb 'closes' is the exact temporal and directional antonym of 'opens' as required."",
  ""verdict"": ""PASS""
}
```"
9686,ego4d,The grocer picks the egg tray on the shelf,The grocer picks a tray with egg trays,The grocer puts the egg tray on the shelf,3.0,"The subject, object, and setting are word-for-word identical between the anchor and the hard negative.",3.0,The verb 'puts' is the direct directional and temporal antonym of 'picks' in the context of shelf interaction.,PASS,,"{
  ""static_score"": 3,
  ""static_reason"": ""The subject, object, and setting are word-for-word identical between the anchor and the hard negative."",
  ""chiral_score"": 3,
  ""chiral_reason"": ""The verb 'puts' is the direct directional and temporal antonym of 'picks' in the context of shelf interaction."",
  ""verdict"": ""PASS""
}"
9687,ego4d,The mechanic opens the drawer,The mechanic opens a tool cabinet drawer with his left hand.,The mechanic closes the drawer,3.0,The subject and object are perfectly identical between the anchor and the hard negative without any extraneous modifiers.,3.0,The action 'closes' is the direct temporal and directional antonym of 'opens'.,PASS,,"{
  ""static_score"": 3,
  ""static_reason"": ""The subject and object are perfectly identical between the anchor and the hard negative without any extraneous modifiers."",
  ""chiral_score"": 3,
  ""chiral_reason"": ""The action 'closes' is the direct temporal and directional antonym of 'opens'."",
  ""verdict"": ""PASS""
}"
9688,ego4d,The mechanic puts oil in an oil tank,The woman X puts the hair oil on the table,The mechanic takes oil out of an oil tank,3.0,"The subject, object, and setting are identical between the anchor and the hard negative.",3.0,The actions 'puts in' and 'takes out' represent a perfect directional and temporal reversal.,PASS,,"```json
{
  ""static_score"": 3,
  ""static_reason"": ""The subject, object, and setting are identical between the anchor and the hard negative."",
  ""chiral_score"": 3,
  ""chiral_reason"": ""The actions 'puts in' and 'takes out' represent a perfect directional and temporal reversal."",
  ""verdict"": ""PASS""
}
```"
9689,ego4d,The magician lifts the cloth with the left hand,The magician lifts the cloth,The magician lowers the cloth with the left hand,3.0,"The subject, object, and manner of execution are identical across both sentences.",3.0,The verb 'lowers' is the precise directional antonym of 'lifts' in this context.,PASS,,"{
  ""static_score"": 3,
  ""static_reason"": ""The subject, object, and manner of execution are identical across both sentences."",
  ""chiral_score"": 3,
  ""chiral_reason"": ""The verb 'lowers' is the precise directional antonym of 'lifts' in this context."",
  ""verdict"": ""PASS""
}"
9690,ego4d,The patron picks a metallic cup on the table,The patron picks a cup from the countertop,The patron puts a metallic cup on the table,3.0,"The subject, object, and setting are identical across both the anchor and the hard negative.",3.0,The action 'puts' is the direct temporal and directional antonym of 'picks' in the context of object manipulation.,PASS,,"```json
{
  ""static_score"": 3,
  ""static_reason"": ""The subject, object, and setting are identical across both the anchor and the hard negative."",
  ""chiral_score"": 3,
  ""chiral_reason"": ""The action 'puts' is the direct temporal and directional antonym of 'picks' in the context of object manipulation."",
  ""verdict"": ""PASS""
}
```"
9691,ego4d,The server places the cup on the table,The woman places the cup of smoothie in her right hand on the table.,The server takes the cup off the table,3.0,"The subject, object, and setting are identical between the anchor and the hard negative.",3.0,The action 'takes off' is the direct directional and temporal antonym of 'places on'.,PASS,,"{
  ""static_score"": 3,
  ""static_reason"": ""The subject, object, and setting are identical between the anchor and the hard negative."",
  ""chiral_score"": 3,
  ""chiral_reason"": ""The action 'takes off' is the direct directional and temporal antonym of 'places on'."",
  ""verdict"": ""PASS""
}"
9692,ego4d,The student picks a black book from the floor with his left hand.,The student picks the book,The student places a black book on the floor with his left hand.,3.0,"The subject, object, setting, and manner are identical across both sentences, with only the action and its required preposition changing.",3.0,The actions 'picks' and 'places' function as direct directional antonyms within the context of moving an object relative to the floor.,PASS,,"{
  ""static_score"": 3,
  ""static_reason"": ""The subject, object, setting, and manner are identical across both sentences, with only the action and its required preposition changing."",
  ""chiral_score"": 3,
  ""chiral_reason"": ""The actions 'picks' and 'places' function as direct directional antonyms within the context of moving an object relative to the floor."",
  ""verdict"": ""PASS""
}"
9693,ego4d,The mechanic opens a tool box with right hand,The mechanic opens the box with his right hand.,The mechanic closes a tool box with right hand,3.0,"The subject, object, and manner of the action are verbatim identical between the anchor and the hard negative.",3.0,The verbs 'opens' and 'closes' are direct temporal and functional antonyms.,PASS,,"```json
{
  ""static_score"": 3,
  ""static_reason"": ""The subject, object, and manner of the action are verbatim identical between the anchor and the hard negative."",
  ""chiral_score"": 3,
  ""chiral_reason"": ""The verbs 'opens' and 'closes' are direct temporal and functional antonyms."",
  ""verdict"": ""PASS""
}
```"
9694,ego4d,The **woman** picks a knife on the table with her right hand.,The **woman** picks the cutter knife on the table,The **woman** puts a knife on the table with her right hand.,3.0,"The subject, object, setting, and manner are identical across both sentences, providing a perfect controlled environment for the action contrast.",3.0,The verbs 'picks' and 'puts' act as direct directional antonyms representing the beginning and end of the interaction with the object.,PASS,,"{
  ""static_score"": 3,
  ""static_reason"": ""The subject, object, setting, and manner are identical across both sentences, providing a perfect controlled environment for the action contrast."",
  ""chiral_score"": 3,
  ""chiral_reason"": ""The verbs 'picks' and 'puts' act as direct directional antonyms representing the beginning and end of the interaction with the object."",
  ""verdict"": ""PASS""
}"
9695,ego4d,The carpenter removes her left hand from the cloth on the table.,The carpenter removes his right hand from the plank of wood,The carpenter places her left hand on the cloth on the table.,3.0,"All non-action elements including the subject, the specific hand used, and the setting are identical between the anchor and the hard negative.",3.0,The actions 'removes from' and 'places on' are perfect temporal and directional antonyms in this context.,PASS,,"{
  ""static_score"": 3,
  ""static_reason"": ""All non-action elements including the subject, the specific hand used, and the setting are identical between the anchor and the hard negative."",
  ""chiral_score"": 3,
  ""chiral_reason"": ""The actions 'removes from' and 'places on' are perfect temporal and directional antonyms in this context."",
  ""verdict"": ""PASS""
}"
9696,ego4d,The man opens the pack of polythene on the table with his left hand,The man opens the pack of cards.,The man closes the pack of polythene on the table with his left hand,3.0,"The subject, object, setting, and manner are perfectly identical across both sentences.",3.0,The action 'closes' is a precise temporal and directional antonym of 'opens'.,PASS,,"{
  ""static_score"": 3,
  ""static_reason"": ""The subject, object, setting, and manner are perfectly identical across both sentences."",
  ""chiral_score"": 3,
  ""chiral_reason"": ""The action 'closes' is a precise temporal and directional antonym of 'opens'."",
  ""verdict"": ""PASS""
}"
9697,ego4d,The cyclist closes the bike's safe box with his gloved left hand.,The cyclist closes the tool box,The cyclist opens the bike's safe box with his gloved left hand.,3.0,"The subject, object, and specific manner of the action are perfectly identical in both sentences.",3.0,The verb 'opens' is the direct temporal and directional antonym of 'closes'.,PASS,,"{
  ""static_score"": 3,
  ""static_reason"": ""The subject, object, and specific manner of the action are perfectly identical in both sentences."",
  ""chiral_score"": 3,
  ""chiral_reason"": ""The verb 'opens' is the direct temporal and directional antonym of 'closes'."",
  ""verdict"": ""PASS""
}"
9698,ego4d,The cook puts the oil on the metal,The cook puts oil in the cooking pot,The cook takes the oil off the metal,3.0,"The subject, object, and setting are verbatim identical between the anchor and the hard negative.",3.0,The action 'takes off' is a perfect directional and temporal antonym of 'puts on'.,PASS,,"{
  ""static_score"": 3,
  ""static_reason"": ""The subject, object, and setting are verbatim identical between the anchor and the hard negative."",
  ""chiral_score"": 3,
  ""chiral_reason"": ""The action 'takes off' is a perfect directional and temporal antonym of 'puts on'."",
  ""verdict"": ""PASS""
}"
9699,ego4d,The man puts his right hand on the top of the drawer.,The man puts hand on the mouse,The man takes his right hand off the top of the drawer.,3.0,"The subject, object, and the specific prepositional location are identical between the anchor and the hard negative.",3.0,'Puts on' and 'takes off' are direct physical and directional antonyms representing the reversal of the same action.,PASS,,"{
  ""static_score"": 3,
  ""static_reason"": ""The subject, object, and the specific prepositional location are identical between the anchor and the hard negative."",
  ""chiral_score"": 3,
  ""chiral_reason"": ""'Puts on' and 'takes off' are direct physical and directional antonyms representing the reversal of the same action."",
  ""verdict"": ""PASS""
}"
9700,ego4d,The mechanic tightens the bolt screw on the metal box with the spanner,The mechanic tightens the screw,The mechanic loosens the bolt screw on the metal box with the spanner,3.0,"All non-action elements, including the subject, complex object, setting, and instrument, are perfectly identical between the anchor and the negative.",3.0,The verb 'loosens' is the precise directional and mechanical antonym of 'tightens' in this context.,PASS,,"{
  ""static_score"": 3,
  ""static_reason"": ""All non-action elements, including the subject, complex object, setting, and instrument, are perfectly identical between the anchor and the negative."",
  ""chiral_score"": 3,
  ""chiral_reason"": ""The verb 'loosens' is the precise directional and mechanical antonym of 'tightens' in this context."",
  ""verdict"": ""PASS""
}"
9701,ego4d,The baker puts the wood spoon down.,The baker puts down the spoon,The baker picks up the wood spoon.,3.0,"The subject and object are identical in both sentences, with no changes to the descriptive adjectives or entities.",3.0,The actions 'puts down' and 'picks up' are perfect directional and temporal antonyms.,PASS,,"```json
{
  ""static_score"": 3,
  ""static_reason"": ""The subject and object are identical in both sentences, with no changes to the descriptive adjectives or entities."",
  ""chiral_score"": 3,
  ""chiral_reason"": ""The actions 'puts down' and 'picks up' are perfect directional and temporal antonyms."",
  ""verdict"": ""PASS""
}
```"
9702,ego4d,The **woman** picks another bowl from the sink with her left hand,The **man** picks a sieve bowl from a tray with his right hand,The **woman** puts another bowl into the sink with her left hand,,,,,,Expecting value: line 3 column 20 (char 42),"```json
{
  ""static_score"": 3,
  ""static_reason"": The subject, object, setting, and manner are identical across both sentences, perfectly preserving the static context."",
  ""chiral_score"": 3,
  ""chiral_reason"": ""The actions 'picks from' and 'puts into' represent a perfect directional and temporal antonym pair."",
  ""verdict"": ""PASS""
}
```"
9703,ego4d,The construction worker puts tray on the scaffold,The construction worker puts the tray on the utensils rack,The construction worker takes tray off the scaffold,3.0,"The subject, object, and setting are identical across both sentences, perfectly preserving the static context.",3.0,The action 'takes off' is a perfect directional and temporal antonym to the anchor's action 'puts on'.,PASS,,"{
  ""static_score"": 3,
  ""static_reason"": ""The subject, object, and setting are identical across both sentences, perfectly preserving the static context."",
  ""chiral_score"": 3,
  ""chiral_reason"": ""The action 'takes off' is a perfect directional and temporal antonym to the anchor's action 'puts on'."",
  ""verdict"": ""PASS""
}"
9704,ego4d,The **plumber** turns-off the tap in the sink.,The **plumber** turns on the tap,The **plumber** turns-on the tap in the sink.,3.0,"The subject, object, and setting are perfectly identical between the anchor and the hard negative.",3.0,The actions 'turns-off' and 'turns-on' are direct functional antonyms representing a state change.,PASS,,"{
  ""static_score"": 3,
  ""static_reason"": ""The subject, object, and setting are perfectly identical between the anchor and the hard negative."",
  ""chiral_score"": 3,
  ""chiral_reason"": ""The actions 'turns-off' and 'turns-on' are direct functional antonyms representing a state change."",
  ""verdict"": ""PASS""
}"
9705,ego4d,The woman drops a bottle on a stool,The woman drops the bottle of oil on the table with her left hand,The woman picks up a bottle from a stool,3.0,"The subject, object, and setting (stool) are identical, with the prepositional change correctly reflecting the reversed direction of the action.",3.0,The actions 'drops' and 'picks up' are clear directional and temporal antonyms in this context.,PASS,,"{
  ""static_score"": 3,
  ""static_reason"": ""The subject, object, and setting (stool) are identical, with the prepositional change correctly reflecting the reversed direction of the action."",
  ""chiral_score"": 3,
  ""chiral_reason"": ""The actions 'drops' and 'picks up' are clear directional and temporal antonyms in this context."",
  ""verdict"": ""PASS""
}"
9706,ego4d,The housekeeper picks a sponge,The housekeeper picks the washing sponge on the sink,The housekeeper drops a sponge,3.0,"The subject and object are identical between the anchor and the hard negative, with no change in setting or manner.",3.0,The actions 'picks' and 'drops' constitute a direct directional and temporal antonym pair for physical manipulation.,PASS,,"{
  ""static_score"": 3,
  ""static_reason"": ""The subject and object are identical between the anchor and the hard negative, with no change in setting or manner."",
  ""chiral_score"": 3,
  ""chiral_reason"": ""The actions 'picks' and 'drops' constitute a direct directional and temporal antonym pair for physical manipulation."",
  ""verdict"": ""PASS""
}"
9707,ego4d,The gardener picks the flower pot in the kitchen sink.,The gardener picks up a flower pot,The gardener places the flower pot in the kitchen sink.,3.0,"The subject, object, and setting are verbatim identical between the anchor and the hard negative.",2.0,"The verb 'picks' serves as a directional antonym to 'places', though it is slightly unidiomatic without the particle 'up'.",PASS,,"```json
{
  ""static_score"": 3,
  ""static_reason"": ""The subject, object, and setting are verbatim identical between the anchor and the hard negative."",
  ""chiral_score"": 2,
  ""chiral_reason"": ""The verb 'picks' serves as a directional antonym to 'places', though it is slightly unidiomatic without the particle 'up'."",
  ""verdict"": ""PASS""
}
```"
9708,ego4d,The man puts his right hand in his pocket.,The man puts his right hand on the ground.,The man takes his right hand out of his pocket.,3.0,"The subject, object, and location are identical across both sentences, ensuring perfect preservation of non-action elements.",3.0,The action 'takes out' is the precise directional and temporal antonym of 'puts in'.,PASS,,"{
  ""static_score"": 3,
  ""static_reason"": ""The subject, object, and location are identical across both sentences, ensuring perfect preservation of non-action elements."",
  ""chiral_score"": 3,
  ""chiral_reason"": ""The action 'takes out' is the precise directional and temporal antonym of 'puts in'."",
  ""verdict"": ""PASS""
}"
9709,ego4d,The student picks up the book,The student picks another book from the table with his left hand.,The student puts down the book,3.0,"The subject and object are identical between the anchor and the hard negative, satisfying the preservation of non-action elements.",3.0,The action 'puts down' is the exact directional and temporal antonym of 'picks up' as specified in the criteria.,PASS,,"{
  ""static_score"": 3,
  ""static_reason"": ""The subject and object are identical between the anchor and the hard negative, satisfying the preservation of non-action elements."",
  ""chiral_score"": 3,
  ""chiral_reason"": ""The action 'puts down' is the exact directional and temporal antonym of 'picks up' as specified in the criteria."",
  ""verdict"": ""PASS""
}"
9710,ego4d,The homeowner closes the fridge,The homeowner closes the fridge with his left hand.,The homeowner opens the fridge,3.0,The subject and object are identical across the anchor and hard negative with no extraneous details.,3.0,The action 'opens' is the direct temporal and directional antonym of 'closes'.,PASS,,"{
  ""static_score"": 3,
  ""static_reason"": ""The subject and object are identical across the anchor and hard negative with no extraneous details."",
  ""chiral_score"": 3,
  ""chiral_reason"": ""The action 'opens' is the direct temporal and directional antonym of 'closes'."",
  ""verdict"": ""PASS""
}"
9711,ego4d,The homeowner pushes the cabinet drawer by leg,The homeowner pushes the utensils drawer,The homeowner pulls the cabinet drawer by leg,3.0,"The subject, object, and manner ('by leg') are verbatim identical across both sentences.",3.0,'Pushes' and 'pulls' are perfect directional antonyms that represent the exact temporal/directional opposite action.,PASS,,"{
  ""static_score"": 3,
  ""static_reason"": ""The subject, object, and manner ('by leg') are verbatim identical across both sentences."",
  ""chiral_score"": 3,
  ""chiral_reason"": ""'Pushes' and 'pulls' are perfect directional antonyms that represent the exact temporal/directional opposite action."",
  ""verdict"": ""PASS""
}"
9712,ego4d,The woman closes the fridge.,The woman closes fridge.,The woman opens the fridge.,3.0,"The subject and object are identical between the anchor and the hard negative, preserving all non-action elements perfectly.",3.0,"The action 'opens' is the direct directional and temporal antonym of 'closes', satisfying the chiral requirement perfectly.",PASS,,"{
  ""static_score"": 3,
  ""static_reason"": ""The subject and object are identical between the anchor and the hard negative, preserving all non-action elements perfectly."",
  ""chiral_score"": 3,
  ""chiral_reason"": ""The action 'opens' is the direct directional and temporal antonym of 'closes', satisfying the chiral requirement perfectly."",
  ""verdict"": ""PASS""
}"
9713,ego4d,The cook picks the spice bottle on the kitchen slab with her left hand.,She picks the bottle of a drink from the fridge,The cook puts the spice bottle on the kitchen slab with her left hand.,3.0,"The subject, object, setting, and manner are word-for-word identical between the anchor and the hard negative.",3.0,The actions 'picks' and 'puts' represent the primary temporal/directional antonym pair for interacting with an object on a surface.,PASS,,"{
  ""static_score"": 3,
  ""static_reason"": ""The subject, object, setting, and manner are word-for-word identical between the anchor and the hard negative."",
  ""chiral_score"": 3,
  ""chiral_reason"": ""The actions 'picks' and 'puts' represent the primary temporal/directional antonym pair for interacting with an object on a surface."",
  ""verdict"": ""PASS""
}"
9714,ego4d,The housekeeper places the cloth on the surface,The housekeeper places the cloth on a washing machine,The housekeeper removes the cloth from the surface,3.0,"The subject, object, and setting are identical in both the anchor and the hard negative.",3.0,The verbs 'places' and 'removes' represent a perfect directional and temporal antonym pair regarding the object's relationship to the surface.,PASS,,"{
  ""static_score"": 3,
  ""static_reason"": ""The subject, object, and setting are identical in both the anchor and the hard negative."",
  ""chiral_score"": 3,
  ""chiral_reason"": ""The verbs 'places' and 'removes' represent a perfect directional and temporal antonym pair regarding the object's relationship to the surface."",
  ""verdict"": ""PASS""
}"
9715,ego4d,The student picks the phone,The student picks up the phone,The student puts the phone down,3.0,"The subject and object are identical in both sentences, ensuring that the non-action elements are perfectly preserved.",2.0,"The verb 'picks' is an ambiguous or incomplete action that lacks the particle 'up,' making the chiral relationship with 'puts down' less precise.",PASS,,"{
  ""static_score"": 3,
  ""static_reason"": ""The subject and object are identical in both sentences, ensuring that the non-action elements are perfectly preserved."",
  ""chiral_score"": 2,
  ""chiral_reason"": ""The verb 'picks' is an ambiguous or incomplete action that lacks the particle 'up,' making the chiral relationship with 'puts down' less precise."",
  ""verdict"": ""PASS""
}"
9716,ego4d,The cook takes food from the cooking pan with the cooking spoon,The cook takes out the food with the spoon from a plate on the cabinet,The cook puts food into the cooking pan with the cooking spoon,3.0,"The subject, object, setting, and specific tools used are identical between the anchor and the hard negative.",3.0,The actions 'takes from' and 'puts into' constitute a perfect directional reversal of the interaction with the container.,PASS,,"{
  ""static_score"": 3,
  ""static_reason"": ""The subject, object, setting, and specific tools used are identical between the anchor and the hard negative."",
  ""chiral_score"": 3,
  ""chiral_reason"": ""The actions 'takes from' and 'puts into' constitute a perfect directional reversal of the interaction with the container."",
  ""verdict"": ""PASS""
}"
9717,ego4d,The woman passes the cup of ice cream from her left hand to her right hand.,The man passes the cup of white powder from his right hand to his left hand.,The woman passes the cup of ice cream from her right hand to her left hand.,3.0,The subject and object are identical in both the anchor and the hard negative sentences.,3.0,"The movement direction is perfectly reversed from left-to-right to right-to-left, representing a precise directional antonym.",PASS,,"{
  ""static_score"": 3,
  ""static_reason"": ""The subject and object are identical in both the anchor and the hard negative sentences."",
  ""chiral_score"": 3,
  ""chiral_reason"": ""The movement direction is perfectly reversed from left-to-right to right-to-left, representing a precise directional antonym."",
  ""verdict"": ""PASS""
}"
9718,ego4d,The tailor puts the double sided needle down,The tailor puts down the needle on the other side,The tailor picks up the double sided needle,3.0,The subject and object are identical across the anchor and hard negative sentences.,3.0,The actions 'puts down' and 'picks up' represent a perfect temporal and directional antonym pair.,PASS,,"{
  ""static_score"": 3,
  ""static_reason"": ""The subject and object are identical across the anchor and hard negative sentences."",
  ""chiral_score"": 3,
  ""chiral_reason"": ""The actions 'puts down' and 'picks up' represent a perfect temporal and directional antonym pair."",
  ""verdict"": ""PASS""
}"
9719,ego4d,The mechanic picks the screw,The mechanic picks the screw from the box,The mechanic puts the screw down,3.0,"The subject and object are identical, and there are no extraneous elements introduced in the hard negative.",2.0,"The action 'puts down' is a clear temporal antonym to 'picks [up]', though the anchor verb 'picks' is slightly underspecified compared to the phrasal verb.",PASS,,"{
  ""static_score"": 3,
  ""static_reason"": ""The subject and object are identical, and there are no extraneous elements introduced in the hard negative."",
  ""chiral_score"": 2,
  ""chiral_reason"": ""The action 'puts down' is a clear temporal antonym to 'picks [up]', though the anchor verb 'picks' is slightly underspecified compared to the phrasal verb."",
  ""verdict"": ""PASS""
}"
9720,ego4d,The server puts the plate on the counter,The server puts plate in rack with right hand,The server takes the plate off the counter,3.0,"The subject, object, and setting are identical between the anchor and the hard negative.",3.0,The actions 'puts on' and 'takes off' represent a perfect directional and temporal reversal.,PASS,,"{
  ""static_score"": 3,
  ""static_reason"": ""The subject, object, and setting are identical between the anchor and the hard negative."",
  ""chiral_score"": 3,
  ""chiral_reason"": ""The actions 'puts on' and 'takes off' represent a perfect directional and temporal reversal."",
  ""verdict"": ""PASS""
}"
9721,ego4d,The student puts the box on the bed,The student puts iron box on the table,The student takes the box off the bed,3.0,"The subject, object, and the setting of the bed are perfectly identical between the anchor and the hard negative.",3.0,The action 'takes off' is a direct directional and temporal antonym of 'puts on' in this context.,PASS,,"{
  ""static_score"": 3,
  ""static_reason"": ""The subject, object, and the setting of the bed are perfectly identical between the anchor and the hard negative."",
  ""chiral_score"": 3,
  ""chiral_reason"": ""The action 'takes off' is a direct directional and temporal antonym of 'puts on' in this context."",
  ""verdict"": ""PASS""
}"
9722,ego4d,The knitter pulls out the yarn,The knitter pulls the yarn towards herself.,The knitter pushes in the yarn,3.0,The subject and object are identical across both sentences with no additional modifiers or setting changes.,3.0,'Pushes in' serves as a precise directional and functional antonym to 'pulls out' in this context.,PASS,,"{
  ""static_score"": 3,
  ""static_reason"": ""The subject and object are identical across both sentences with no additional modifiers or setting changes."",
  ""chiral_score"": 3,
  ""chiral_reason"": ""'Pushes in' serves as a precise directional and functional antonym to 'pulls out' in this context."",
  ""verdict"": ""PASS""
}"
9723,ego4d,The customer puts hand on the table.,The customer puts hand in the wardrobe,The customer takes hand off the table.,3.0,"The subject, object, and setting are identical between the anchor and the hard negative.",3.0,The action 'takes off' is the perfect directional and temporal antonym of 'puts on'.,PASS,,"{
  ""static_score"": 3,
  ""static_reason"": ""The subject, object, and setting are identical between the anchor and the hard negative."",
  ""chiral_score"": 3,
  ""chiral_reason"": ""The action 'takes off' is the perfect directional and temporal antonym of 'puts on'."",
  ""verdict"": ""PASS""
}"
9724,ego4d,The housekeeper puts a cloth in a basket,The housekeeper puts a cloth in a storage container,The housekeeper takes a cloth out of a basket,3.0,"The subject, object, and setting are perfectly identical between the anchor and the hard negative.",3.0,The action 'takes out' is the exact directional and temporal antonym of 'puts in'.,PASS,,"{
  ""static_score"": 3,
  ""static_reason"": ""The subject, object, and setting are perfectly identical between the anchor and the hard negative."",
  ""chiral_score"": 3,
  ""chiral_reason"": ""The action 'takes out' is the exact directional and temporal antonym of 'puts in'."",
  ""verdict"": ""PASS""
}"
9725,ego4d,The baker opens the cling film paper,The baker opens a nylon paper,The baker closes the cling film paper,3.0,"The subject and object are identical between the anchor and the hard negative, satisfying the static preservation requirement perfectly.",3.0,The verb 'closes' is the direct and ideal directional antonym of 'opens' in this context.,PASS,,"```json
{
  ""static_score"": 3,
  ""static_reason"": ""The subject and object are identical between the anchor and the hard negative, satisfying the static preservation requirement perfectly."",
  ""chiral_score"": 3,
  ""chiral_reason"": ""The verb 'closes' is the direct and ideal directional antonym of 'opens' in this context."",
  ""verdict"": ""PASS""
}
```"
9726,ego4d,The athlete lifts up the hand,The athlete lifts his right hand from his right leg,The athlete lowers the hand,3.0,The subject and object are identical between the anchor and the hard negative with no additional modifying elements.,3.0,The verb 'lowers' is a perfect directional antonym to the action 'lifts up'.,PASS,,"{
  ""static_score"": 3,
  ""static_reason"": ""The subject and object are identical between the anchor and the hard negative with no additional modifying elements."",
  ""chiral_score"": 3,
  ""chiral_reason"": ""The verb 'lowers' is a perfect directional antonym to the action 'lifts up'."",
  ""verdict"": ""PASS""
}"
9727,ego4d,The **baker** opens the drawer in the cabinet.,The **baker** opens a drawer.,The **baker** closes the drawer in the cabinet.,3.0,"All non-action elements, including the subject, object, and prepositional phrase, are identical between the anchor and the negative.",3.0,The verb 'closes' is a perfect temporal and directional antonym for the action 'opens' in the context of a drawer.,PASS,,"{
  ""static_score"": 3,
  ""static_reason"": ""All non-action elements, including the subject, object, and prepositional phrase, are identical between the anchor and the negative."",
  ""chiral_score"": 3,
  ""chiral_reason"": ""The verb 'closes' is a perfect temporal and directional antonym for the action 'opens' in the context of a drawer."",
  ""verdict"": ""PASS""
}"
9728,ego4d,The bartender picks a lid,The bartender picks the lid of the glass,The bartender puts a lid down,3.0,The subject 'the bartender' and object 'a lid' are perfectly identical across both sentences.,3.0,"The action 'puts down' is the direct directional antonym of 'picks' (up), following the provided examples of chiral pairs.",PASS,,"```json
{
  ""static_score"": 3,
  ""static_reason"": ""The subject 'the bartender' and object 'a lid' are perfectly identical across both sentences."",
  ""chiral_score"": 3,
  ""chiral_reason"": ""The action 'puts down' is the direct directional antonym of 'picks' (up), following the provided examples of chiral pairs."",
  ""verdict"": ""PASS""
}
```"
9729,ego4d,The woman opens the bag with hands,The woman opens bag,The woman closes the bag with hands,3.0,"The subject, object, and manner are perfectly identical across both sentences.",3.0,The verb 'closes' is the direct temporal and directional antonym of 'opens'.,PASS,,"{
  ""static_score"": 3,
  ""static_reason"": ""The subject, object, and manner are perfectly identical across both sentences."",
  ""chiral_score"": 3,
  ""chiral_reason"": ""The verb 'closes' is the direct temporal and directional antonym of 'opens'."",
  ""verdict"": ""PASS""
}"
9730,ego4d,The **dishwasher** picks up the serving bowl from the sink,The **dishwasher** picks a bowl from the table,The **dishwasher** puts down the serving bowl in the sink,3.0,"The subject, object, and setting are identical; the minor preposition change is required by the action but the entities remain the same.",3.0,'Puts down' is the exact directional and temporal antonym of 'picks up' in this context.,PASS,,"```json
{
  ""static_score"": 3,
  ""static_reason"": ""The subject, object, and setting are identical; the minor preposition change is required by the action but the entities remain the same."",
  ""chiral_score"": 3,
  ""chiral_reason"": ""'Puts down' is the exact directional and temporal antonym of 'picks up' in this context."",
  ""verdict"": ""PASS""
}
```"
9731,ego4d,The customer picks shoes,The customer picks up shoes,The customer puts shoes down,3.0,The subject 'customer' and object 'shoes' are identical between the anchor and the hard negative.,1.0,"The verb 'picks' denotes selection or choosing, whereas 'puts down' denotes physical placement, meaning they are not true temporal or directional antonyms.",FAIL,,"```json
{
  ""static_score"": 3,
  ""static_reason"": ""The subject 'customer' and object 'shoes' are identical between the anchor and the hard negative."",
  ""chiral_score"": 1,
  ""chiral_reason"": ""The verb 'picks' denotes selection or choosing, whereas 'puts down' denotes physical placement, meaning they are not true temporal or directional antonyms."",
  ""verdict"": ""FAIL""
}
```"
9732,ego4d,The mechanic opens the workshop door,The mechanic opens a locker door with her right hand.,The mechanic closes the workshop door,3.0,The subject and specific object are perfectly identical between the anchor and the hard negative with no other modifications.,3.0,The action 'closes' is the precise temporal and directional antonym of 'opens'.,PASS,,"{
  ""static_score"": 3,
  ""static_reason"": ""The subject and specific object are perfectly identical between the anchor and the hard negative with no other modifications."",
  ""chiral_score"": 3,
  ""chiral_reason"": ""The action 'closes' is the precise temporal and directional antonym of 'opens'."",
  ""verdict"": ""PASS""
}"
9733,ego4d,The technician lifts the plate of the motherboard with his both hands.,The technician lifts up the plate of food with his right hand,The technician lowers the plate of the motherboard with his both hands.,3.0,"The subject, object, and specific manner of the action are identical across both sentences.",3.0,'Lifts' and 'lowers' are precise directional antonyms for the movement of an object.,PASS,,"{
  ""static_score"": 3,
  ""static_reason"": ""The subject, object, and specific manner of the action are identical across both sentences."",
  ""chiral_score"": 3,
  ""chiral_reason"": ""'Lifts' and 'lowers' are precise directional antonyms for the movement of an object."",
  ""verdict"": ""PASS""
}"
9734,ego4d,The student picks a book from the table with his left hand.,The student picks the book with the right hand,The student places a book on the table with his left hand.,2.0,"The setting is modified by changing the preposition from 'from' to 'on', which creates a minor discrepancy in the spatial context.",3.0,The verbs 'picks' and 'places' constitute a perfect directional and temporal antonym pair for object manipulation.,PASS,,"{
  ""static_score"": 2,
  ""static_reason"": ""The setting is modified by changing the preposition from 'from' to 'on', which creates a minor discrepancy in the spatial context."",
  ""chiral_score"": 3,
  ""chiral_reason"": ""The verbs 'picks' and 'places' constitute a perfect directional and temporal antonym pair for object manipulation."",
  ""verdict"": ""PASS""
}"
9735,ego4d,The baker picks dough with her right hand,The baker picks the dough,The baker drops dough from her right hand,3.0,"The subject, object, and specific instrument (right hand) are identical, with only the prepositional role shifting to accommodate the verb.",3.0,The verbs 'pick' and 'drop' represent the clear chiral opposition of manual acquisition versus release of an object.,PASS,,"{
  ""static_score"": 3,
  ""static_reason"": ""The subject, object, and specific instrument (right hand) are identical, with only the prepositional role shifting to accommodate the verb."",
  ""chiral_score"": 3,
  ""chiral_reason"": ""The verbs 'pick' and 'drop' represent the clear chiral opposition of manual acquisition versus release of an object."",
  ""verdict"": ""PASS""
}"
9736,ego4d,The cook covers the pot with the pot cover in her left hand,The cook covers a pot with a lid,The cook removes the pot cover from the pot with her left hand,3.0,"The subject, objects, and the specific mention of the left hand are identical between the anchor and the negative.",3.0,Covering a pot and removing the cover are perfect temporal and directional antonyms.,PASS,,"{
  ""static_score"": 3,
  ""static_reason"": ""The subject, objects, and the specific mention of the left hand are identical between the anchor and the negative."",
  ""chiral_score"": 3,
  ""chiral_reason"": ""Covering a pot and removing the cover are perfect temporal and directional antonyms."",
  ""verdict"": ""PASS""
}"
9737,ego4d,The **waiter** picks up the spoon,The **waiter** Picks up a spoon from a kitchen counter,The **waiter** puts down the spoon,3.0,The subject 'The waiter' and object 'the spoon' are perfectly identical between the anchor and the hard negative.,3.0,'Puts down' is a perfect directional and temporal antonym for 'picks up' as explicitly cited in the criteria.,PASS,,"{
  ""static_score"": 3,
  ""static_reason"": ""The subject 'The waiter' and object 'the spoon' are perfectly identical between the anchor and the hard negative."",
  ""chiral_score"": 3,
  ""chiral_reason"": ""'Puts down' is a perfect directional and temporal antonym for 'picks up' as explicitly cited in the criteria."",
  ""verdict"": ""PASS""
}"
9738,ego4d,The carpenter moves left hand away from wood,The carpenter withdraws left hand from the mobile phone,The carpenter moves left hand toward wood,3.0,"The subject, object, and setting are word-for-word identical between the anchor and the hard negative.",3.0,The prepositional phrases 'away from' and 'toward' constitute a perfect directional antonym for the action.,PASS,,"{
  ""static_score"": 3,
  ""static_reason"": ""The subject, object, and setting are word-for-word identical between the anchor and the hard negative."",
  ""chiral_score"": 3,
  ""chiral_reason"": ""The prepositional phrases 'away from' and 'toward' constitute a perfect directional antonym for the action."",
  ""verdict"": ""PASS""
}"
9739,ego4d,The cleaner puts down the iron box,The cleaner puts the back box down.,The cleaner picks up the iron box,3.0,The subject and object are perfectly preserved between the anchor and the hard negative with no extraneous elements.,3.0,"The action 'picks up' is the direct directional and temporal antonym of 'puts down', as specified in the criteria.",PASS,,"{
  ""static_score"": 3,
  ""static_reason"": ""The subject and object are perfectly preserved between the anchor and the hard negative with no extraneous elements."",
  ""chiral_score"": 3,
  ""chiral_reason"": ""The action 'picks up' is the direct directional and temporal antonym of 'puts down', as specified in the criteria."",
  ""verdict"": ""PASS""
}"
9740,ego4d,The mechanic puts his left hand in the motorcycle,The mechanic puts her hand on the book,The mechanic takes his left hand out of the motorcycle,3.0,"The subject, direct object, and setting are perfectly identical between the anchor and the hard negative.",3.0,The action 'takes out of' is the exact directional and temporal inverse of 'puts in'.,PASS,,"{
  ""static_score"": 3,
  ""static_reason"": ""The subject, direct object, and setting are perfectly identical between the anchor and the hard negative."",
  ""chiral_score"": 3,
  ""chiral_reason"": ""The action 'takes out of' is the exact directional and temporal inverse of 'puts in'."",
  ""verdict"": ""PASS""
}"
9741,ego4d,The mechanic opens the pack of air filter with his right hand.,The mechanic opens the pack with her hand,The mechanic closes the pack of air filter with his right hand.,3.0,"All non-action elements, including the subject, object, and specific manner of the action, are identical between the anchor and the hard negative.",3.0,"The actions 'opens' and 'closes' are perfect temporal and directional antonyms, satisfying the chiral requirement exactly.",PASS,,"```json
{
  ""static_score"": 3,
  ""static_reason"": ""All non-action elements, including the subject, object, and specific manner of the action, are identical between the anchor and the hard negative."",
  ""chiral_score"": 3,
  ""chiral_reason"": ""The actions 'opens' and 'closes' are perfect temporal and directional antonyms, satisfying the chiral requirement exactly."",
  ""verdict"": ""PASS""
}
```"
9742,ego4d,The woman picks a shoe in the locker with her right hand.,The woman picks a shoe,The woman puts a shoe in the locker with her right hand.,3.0,"The subject, object, setting, and manner are identical between the anchor and the hard negative.",3.0,The actions 'picks' and 'puts' serve as direct directional antonyms within the context of the locker.,PASS,,"{
  ""static_score"": 3,
  ""static_reason"": ""The subject, object, setting, and manner are identical between the anchor and the hard negative."",
  ""chiral_score"": 3,
  ""chiral_reason"": ""The actions 'picks' and 'puts' serve as direct directional antonyms within the context of the locker."",
  ""verdict"": ""PASS""
}"
9743,ego4d,The artist drops a deep green paint bottle with his left hand.,The artist drops the bottle of ingredient,The artist picks up a deep green paint bottle with his left hand.,3.0,"The subject, object, and manner (left hand) are perfectly identical between the anchor and the hard negative.",3.0,'Picks up' is the direct temporal and directional antonym of 'drops' in the context of object manipulation.,PASS,,"{
  ""static_score"": 3,
  ""static_reason"": ""The subject, object, and manner (left hand) are perfectly identical between the anchor and the hard negative."",
  ""chiral_score"": 3,
  ""chiral_reason"": ""'Picks up' is the direct temporal and directional antonym of 'drops' in the context of object manipulation."",
  ""verdict"": ""PASS""
}"
9744,ego4d,The chef drops the spoon in the sauce dish with her right hand.,The woman A drops the spoon in the bowl with her right hand.,The chef picks up the spoon from the sauce dish with her right hand.,3.0,"The subject, object, setting, and manner are identical between the anchor and the hard negative, with only necessary grammatical preposition changes.",3.0,The actions 'drops' and 'picks up' represent a clear directional and temporal inversion of the interaction with the object.,PASS,,"{
  ""static_score"": 3,
  ""static_reason"": ""The subject, object, setting, and manner are identical between the anchor and the hard negative, with only necessary grammatical preposition changes."",
  ""chiral_score"": 3,
  ""chiral_reason"": ""The actions 'drops' and 'picks up' represent a clear directional and temporal inversion of the interaction with the object."",
  ""verdict"": ""PASS""
}"
9745,ego4d,The zookeeper places his left hand on the metal cage.,The zookeeper places his left hand on the lawnmower.,The zookeeper removes his left hand from the metal cage.,3.0,"The subject, object, and setting are perfectly identical between the anchor and the hard negative.",3.0,The actions 'places' and 'removes' represent a precise directional and temporal antonym pair.,PASS,,"```json
{
  ""static_score"": 3,
  ""static_reason"": ""The subject, object, and setting are perfectly identical between the anchor and the hard negative."",
  ""chiral_score"": 3,
  ""chiral_reason"": ""The actions 'places' and 'removes' represent a precise directional and temporal antonym pair."",
  ""verdict"": ""PASS""
}
```"
9746,ego4d,The mechanic closes the water bottle,The mechanic closes engine oil bottle with a lid,The mechanic opens the water bottle,3.0,The subject and object are identical across the anchor and the hard negative.,3.0,The action 'opens' is the perfect temporal and directional antonym of 'closes'.,PASS,,"```json
{
  ""static_score"": 3,
  ""static_reason"": ""The subject and object are identical across the anchor and the hard negative."",
  ""chiral_score"": 3,
  ""chiral_reason"": ""The action 'opens' is the perfect temporal and directional antonym of 'closes'."",
  ""verdict"": ""PASS""
}
```"
9747,ego4d,The gardener uproots weeds using right hand,The gardener uproots the weeds on the ground,The gardener plants weeds using right hand,3.0,"All non-action elements including the subject, object, and specific manner are identical between the anchor and the hard negative.",3.0,The verbs uproot and plant are direct temporal and directional antonyms describing opposite interactions with the soil.,PASS,,"```json
{
  ""static_score"": 3,
  ""static_reason"": ""All non-action elements including the subject, object, and specific manner are identical between the anchor and the hard negative."",
  ""chiral_score"": 3,
  ""chiral_reason"": ""The verbs uproot and plant are direct temporal and directional antonyms describing opposite interactions with the soil."",
  ""verdict"": ""PASS""
}
```"
9748,ego4d,The knitter pulls out the yarn with her hand,The knitter pulls a yarn out of the cloth,The knitter pulls the yarn into her hand,2.0,The phrase 'with her hand' functions as an instrument in the anchor but is repurposed as a destination ('into her hand') in the negative.,3.0,The directional particles 'out' and 'into' are direct antonyms that reverse the vector of the pulling action.,PASS,,"```json
{
  ""static_score"": 2,
  ""static_reason"": ""The phrase 'with her hand' functions as an instrument in the anchor but is repurposed as a destination ('into her hand') in the negative."",
  ""chiral_score"": 3,
  ""chiral_reason"": ""The directional particles 'out' and 'into' are direct antonyms that reverse the vector of the pulling action."",
  ""verdict"": ""PASS""
}
```"
9749,ego4d,The **lady** drops the bottle on the table.,**She** drops the plastic bottle and container on the floor with her hands,The **lady** picks up the bottle from the table.,3.0,"The subject, object, and setting are identical, with the minor prepositional change being a necessary linguistic consequence of the action reversal.",3.0,The action 'picks up' is the direct directional and temporal antonym of 'drops' within this physical context.,PASS,,"{
  ""static_score"": 3,
  ""static_reason"": ""The subject, object, and setting are identical, with the minor prepositional change being a necessary linguistic consequence of the action reversal."",
  ""chiral_score"": 3,
  ""chiral_reason"": ""The action 'picks up' is the direct directional and temporal antonym of 'drops' within this physical context."",
  ""verdict"": ""PASS""
}"
9750,ego4d,The baker places left hand on a rolling pin,The baker a woman stretches left hand,The baker removes left hand from a rolling pin,3.0,"All non-action elements, including the subject and the specific object, are identical across both sentences.",3.0,The action 'removes from' is a perfect directional and temporal antonym of 'places on'.,PASS,,"{
  ""static_score"": 3,
  ""static_reason"": ""All non-action elements, including the subject and the specific object, are identical across both sentences."",
  ""chiral_score"": 3,
  ""chiral_reason"": ""The action 'removes from' is a perfect directional and temporal antonym of 'places on'."",
  ""verdict"": ""PASS""
}"
9751,ego4d,The cook puts the knife at the knife rack,The cook puts knife down,The cook takes the knife from the knife rack,3.0,"The subject, object, and setting are identical, with only the preposition changing to accommodate the direction of the action.",3.0,The actions 'puts' and 'takes' are perfect directional antonyms for the movement of an object relative to a container or surface.,PASS,,"{
  ""static_score"": 3,
  ""static_reason"": ""The subject, object, and setting are identical, with only the preposition changing to accommodate the direction of the action."",
  ""chiral_score"": 3,
  ""chiral_reason"": ""The actions 'puts' and 'takes' are perfect directional antonyms for the movement of an object relative to a container or surface."",
  ""verdict"": ""PASS""
}"
9752,ego4d,The diner picks the fork on the plate on the table with her right hand.,The diner picks a fork from a plate on the table with her right hand.,The diner places the fork on the plate on the table with her right hand.,3.0,"The subject, object, setting, and manner components are verbatim identical between the anchor and the hard negative.",3.0,The actions 'picks' and 'places' function as precise directional antonyms representing the acquisition versus the deposition of the object.,PASS,,"{
  ""static_score"": 3,
  ""static_reason"": ""The subject, object, setting, and manner components are verbatim identical between the anchor and the hard negative."",
  ""chiral_score"": 3,
  ""chiral_reason"": ""The actions 'picks' and 'places' function as precise directional antonyms representing the acquisition versus the deposition of the object."",
  ""verdict"": ""PASS""
}"
9753,ego4d,The homeowner puts container on the table.,The homeowner puts the small container inside the upper cabinet,The homeowner takes container off the table.,3.0,"The subject (homeowner), object (container), and setting (table) are identical between the anchor and the hard negative.",3.0,The action 'takes off' is the precise directional and temporal antonym of 'puts on'.,PASS,,"```json
{
  ""static_score"": 3,
  ""static_reason"": ""The subject (homeowner), object (container), and setting (table) are identical between the anchor and the hard negative."",
  ""chiral_score"": 3,
  ""chiral_reason"": ""The action 'takes off' is the precise directional and temporal antonym of 'puts on'."",
  ""verdict"": ""PASS""
}
```"
9754,ego4d,The tourist puts hand forward,The tourist puts his left hand on the railing.,The tourist takes hand backward,3.0,The subject and object are identical between the anchor and the hard negative.,2.0,"While the directions forward and backward are antonyms, the verb 'takes' is a linguistically weak antonym for 'puts' in the context of hand movement.",PASS,,"```json
{
  ""static_score"": 3,
  ""static_reason"": ""The subject and object are identical between the anchor and the hard negative."",
  ""chiral_score"": 2,
  ""chiral_reason"": ""While the directions forward and backward are antonyms, the verb 'takes' is a linguistically weak antonym for 'puts' in the context of hand movement."",
  ""verdict"": ""PASS""
}
```"
9755,ego4d,The boy picks a shoe from the floor with his left hand.,The boy picks the shoe,The boy puts a shoe on the floor with his left hand.,3.0,"The subject, object, setting, and manner are identical between the anchor and the negative, with the prepositional change being a logical requirement of the action's direction.",3.0,The actions 'picks from' and 'puts on' are perfect physical and directional antonyms in the context of moving an object relative to a surface.,PASS,,"{
  ""static_score"": 3,
  ""static_reason"": ""The subject, object, setting, and manner are identical between the anchor and the negative, with the prepositional change being a logical requirement of the action's direction."",
  ""chiral_score"": 3,
  ""chiral_reason"": ""The actions 'picks from' and 'puts on' are perfect physical and directional antonyms in the context of moving an object relative to a surface."",
  ""verdict"": ""PASS""
}"
9756,ego4d,The bartender drops the spoon in his left hand in the cocktail cup.,The waitress drops the spoon in her right hand in the plate.,The bartender picks up the spoon from the cocktail cup in his left hand.,3.0,"The subject, object, and setting elements are identical, with prepositions correctly adjusted only to maintain the spatial logic of the reversed action.",3.0,'Picks up' is a precise directional and temporal antonym of 'drops' in the context of transferring an object between a hand and a container.,PASS,,"{
  ""static_score"": 3,
  ""static_reason"": ""The subject, object, and setting elements are identical, with prepositions correctly adjusted only to maintain the spatial logic of the reversed action."",
  ""chiral_score"": 3,
  ""chiral_reason"": ""'Picks up' is a precise directional and temporal antonym of 'drops' in the context of transferring an object between a hand and a container."",
  ""verdict"": ""PASS""
}"
9757,ego4d,The reader puts his left hand in the midst of the book.,The man puts hand on his thigh,The reader takes his left hand out of the midst of the book.,3.0,"The subject, object, and specific book setting are perfectly identical between the anchor and the hard negative.",3.0,The action 'takes out' is the precise directional and temporal antonym of 'puts in'.,PASS,,"{
  ""static_score"": 3,
  ""static_reason"": ""The subject, object, and specific book setting are perfectly identical between the anchor and the hard negative."",
  ""chiral_score"": 3,
  ""chiral_reason"": ""The action 'takes out' is the precise directional and temporal antonym of 'puts in'."",
  ""verdict"": ""PASS""
}"
9758,ego4d,The collector picks the long red box from the cabinet with his right hand.,The collector picks the card box on the table with his right hand.,The collector puts the long red box into the cabinet with his right hand.,3.0,"The subject, object, setting, and manner of the action are identical between the anchor and the hard negative.",3.0,The action 'picks from' is a direct directional and temporal antonym of 'puts into' regarding the cabinet.,PASS,,"```json
{
  ""static_score"": 3,
  ""static_reason"": ""The subject, object, setting, and manner of the action are identical between the anchor and the hard negative."",
  ""chiral_score"": 3,
  ""chiral_reason"": ""The action 'picks from' is a direct directional and temporal antonym of 'puts into' regarding the cabinet."",
  ""verdict"": ""PASS""
}
```"
9759,ego4d,The student picks a book from the floor.,The student picks up a book,The student puts a book on the floor.,3.0,"The subject, object, and setting are identical in both sentences.",3.0,Picking from the floor and putting on the floor are direct directional and temporal antonyms.,PASS,,"{
  ""static_score"": 3,
  ""static_reason"": ""The subject, object, and setting are identical in both sentences."",
  ""chiral_score"": 3,
  ""chiral_reason"": ""Picking from the floor and putting on the floor are direct directional and temporal antonyms."",
  ""verdict"": ""PASS""
}"
9760,ego4d,The woman closes the tap with her right hand.,The woman closes water tap.,The woman opens the tap with her right hand.,3.0,"The subject, object, and the specific manner of using the right hand are word-for-word identical.",3.0,The verbs 'closes' and 'opens' represent a perfect temporal and directional antonym pair for this context.,PASS,,"{
  ""static_score"": 3,
  ""static_reason"": ""The subject, object, and the specific manner of using the right hand are word-for-word identical."",
  ""chiral_score"": 3,
  ""chiral_reason"": ""The verbs 'closes' and 'opens' represent a perfect temporal and directional antonym pair for this context."",
  ""verdict"": ""PASS""
}"
9761,ego4d,The student closes a drawer with his right hand.,The student closes the other drawer with his right hand,The student opens a drawer with his right hand.,3.0,"The subject, object, and manner are identical across both the anchor and the hard negative.",3.0,The action 'opens' is the precise directional and temporal antonym of 'closes'.,PASS,,"{
  ""static_score"": 3,
  ""static_reason"": ""The subject, object, and manner are identical across both the anchor and the hard negative."",
  ""chiral_score"": 3,
  ""chiral_reason"": ""The action 'opens' is the precise directional and temporal antonym of 'closes'."",
  ""verdict"": ""PASS""
}"
9762,ego4d,The person picks cup from the counter top,The man A picks the cup of juice on the table with his right hand.,The person puts cup on the counter top,3.0,"The subject, object, and setting elements are word-for-word identical between the anchor and the hard negative.",3.0,The actions 'picks from' and 'puts on' represent a perfect directional and temporal reversal of the same interaction.,PASS,,"{
  ""static_score"": 3,
  ""static_reason"": ""The subject, object, and setting elements are word-for-word identical between the anchor and the hard negative."",
  ""chiral_score"": 3,
  ""chiral_reason"": ""The actions 'picks from' and 'puts on' represent a perfect directional and temporal reversal of the same interaction."",
  ""verdict"": ""PASS""
}"
9763,ego4d,The janitor picks a broom with his right hand.,The janitor picks the broom with his right hand,The janitor puts down the broom with his right hand.,2.0,"The subject and manner are identical, but there is a minor article change from 'a broom' to 'the broom' between the anchor and the hard negative.",2.0,"The verb 'picks' is slightly ambiguous and could imply selection rather than the physical act of lifting, making 'puts down' a functional but imprecise antonym.",PASS,,"```json
{
  ""static_score"": 2,
  ""static_reason"": ""The subject and manner are identical, but there is a minor article change from 'a broom' to 'the broom' between the anchor and the hard negative."",
  ""chiral_score"": 2,
  ""chiral_reason"": ""The verb 'picks' is slightly ambiguous and could imply selection rather than the physical act of lifting, making 'puts down' a functional but imprecise antonym."",
  ""verdict"": ""PASS""
}
```"
9764,ego4d,The student picks another book from the bookshelf,The boy picks the book from the armrest of the cushion with his left hand.,The student puts another book back on the bookshelf,3.0,"The subject, object, and setting are verbatim identical between the anchor and the hard negative.",3.0,The action 'puts back on' is a perfect directional and temporal antonym of 'picks from'.,PASS,,"{
  ""static_score"": 3,
  ""static_reason"": ""The subject, object, and setting are verbatim identical between the anchor and the hard negative."",
  ""chiral_score"": 3,
  ""chiral_reason"": ""The action 'puts back on' is a perfect directional and temporal antonym of 'picks from'."",
  ""verdict"": ""PASS""
}"
9765,ego4d,The person picks a bowl from kitchen counter with right hand,The person picks a bowl from the floor with both hands.,The person puts a bowl on kitchen counter with right hand,3.0,"Subject, object, location, and the specific manner of using the right hand are identical between the sentences.",3.0,The actions 'picks' and 'puts' are direct temporal and directional antonyms in the context of object manipulation.,PASS,,"{
  ""static_score"": 3,
  ""static_reason"": ""Subject, object, location, and the specific manner of using the right hand are identical between the sentences."",
  ""chiral_score"": 3,
  ""chiral_reason"": ""The actions 'picks' and 'puts' are direct temporal and directional antonyms in the context of object manipulation."",
  ""verdict"": ""PASS""
}"
9766,ego4d,The weightlifter puts the hand on the pole.,The weightlifter puts right hand on the card,The weightlifter takes the hand off the pole.,3.0,"The subject, object, and location are identical across both sentences.",3.0,'Takes off' is the direct temporal and directional antonym of 'puts on'.,PASS,,"```json
{
  ""static_score"": 3,
  ""static_reason"": ""The subject, object, and location are identical across both sentences."",
  ""chiral_score"": 3,
  ""chiral_reason"": ""'Takes off' is the direct temporal and directional antonym of 'puts on'."",
  ""verdict"": ""PASS""
}
```"
9767,ego4d,The woman closes the cabinet with her hands,The woman closes a kitchen cabinet,The woman opens the cabinet with her hands,3.0,"All non-action elements including the subject, object, and manner of the action are word-for-word identical.",3.0,The verb 'opens' is the direct temporal and directional antonym of 'closes'.,PASS,,"{
  ""static_score"": 3,
  ""static_reason"": ""All non-action elements including the subject, object, and manner of the action are word-for-word identical."",
  ""chiral_score"": 3,
  ""chiral_reason"": ""The verb 'opens' is the direct temporal and directional antonym of 'closes'."",
  ""verdict"": ""PASS""
}"
9768,ego4d,The hiker picks the water bottle on the bench with her right hand.,The hiker picks up the bottle from the countertop with her right hand,The hiker puts the water bottle on the bench with her right hand.,3.0,"All non-action elements, including the subject, object, setting, and manner, are word-for-word identical between the anchor and the hard negative.",3.0,The actions 'picks' and 'puts' represent a clear directional and temporal antonym pair regarding the displacement of the object.,PASS,,"{
  ""static_score"": 3,
  ""static_reason"": ""All non-action elements, including the subject, object, setting, and manner, are word-for-word identical between the anchor and the hard negative."",
  ""chiral_score"": 3,
  ""chiral_reason"": ""The actions 'picks' and 'puts' represent a clear directional and temporal antonym pair regarding the displacement of the object."",
  ""verdict"": ""PASS""
}"
9769,ego4d,The older man T opens the fridge,The cook opens the fridge,The older man T closes the fridge,3.0,The subject 'The older man T' and the object 'the fridge' are perfectly preserved between the anchor and the negative.,3.0,'Closes' is the direct temporal and directional antonym of 'opens' for this object.,PASS,,"{
  ""static_score"": 3,
  ""static_reason"": ""The subject 'The older man T' and the object 'the fridge' are perfectly preserved between the anchor and the negative."",
  ""chiral_score"": 3,
  ""chiral_reason"": ""'Closes' is the direct temporal and directional antonym of 'opens' for this object."",
  ""verdict"": ""PASS""
}"
9770,ego4d,The scientist closes the container,The scientist closes the tube container in her right hand with the cover in her left hand.,The scientist opens the container,3.0,The subject and object are identical across the anchor and hard negative with no added or omitted modifiers.,3.0,"The verb 'opens' is the direct temporal and directional antonym of 'closes', satisfying the requirement perfectly.",PASS,,"```json
{
  ""static_score"": 3,
  ""static_reason"": ""The subject and object are identical across the anchor and hard negative with no added or omitted modifiers."",
  ""chiral_score"": 3,
  ""chiral_reason"": ""The verb 'opens' is the direct temporal and directional antonym of 'closes', satisfying the requirement perfectly."",
  ""verdict"": ""PASS""
}
```"
9771,ego4d,The artist puts the finger on the drawing,The artist puts her finger on the book,The artist removes the finger from the drawing,3.0,"The subject, object, and setting are perfectly identical between the anchor and the hard negative.",3.0,The actions 'puts on' and 'removes from' constitute a precise directional and temporal antonym pair.,PASS,,"```json
{
  ""static_score"": 3,
  ""static_reason"": ""The subject, object, and setting are perfectly identical between the anchor and the hard negative."",
  ""chiral_score"": 3,
  ""chiral_reason"": ""The actions 'puts on' and 'removes from' constitute a precise directional and temporal antonym pair."",
  ""verdict"": ""PASS""
}
```"
9772,ego4d,The carpenter removes the right hand from the keyboard,The carpenter removes his right hand from the try square on the wood.,The carpenter places the right hand on the keyboard,3.0,"The subject, object, and setting are identical between the anchor and the hard negative, maintaining perfect static preservation.",3.0,The actions 'removes from' and 'places on' constitute a perfect temporal and directional antonym pair.,PASS,,"{
  ""static_score"": 3,
  ""static_reason"": ""The subject, object, and setting are identical between the anchor and the hard negative, maintaining perfect static preservation."",
  ""chiral_score"": 3,
  ""chiral_reason"": ""The actions 'removes from' and 'places on' constitute a perfect temporal and directional antonym pair."",
  ""verdict"": ""PASS""
}"
9773,ego4d,The waiter picks a glass of juice on the table,The customer picks a glass of water from the waiter,The waiter puts a glass of juice on the table,3.0,"The subject, object, and setting are perfectly identical across both sentences.",3.0,The actions 'picks' and 'puts' represent the exact directional antonyms required for the pick-up/put-down relationship.,PASS,,"{
  ""static_score"": 3,
  ""static_reason"": ""The subject, object, and setting are perfectly identical across both sentences."",
  ""chiral_score"": 3,
  ""chiral_reason"": ""The actions 'picks' and 'puts' represent the exact directional antonyms required for the pick-up/put-down relationship."",
  ""verdict"": ""PASS""
}"
9774,ego4d,The shopper picks a nylon bag from the basket on the counter with her right hand.,She picks up the bag,The shopper puts a nylon bag into the basket on the counter with her right hand.,3.0,"The subject, object, setting, and manner are word-for-word identical between the anchor and the hard negative.",3.0,The action 'picks from' and its inverse 'puts into' represent a perfect directional and temporal antonym pair.,PASS,,"```json
{
  ""static_score"": 3,
  ""static_reason"": ""The subject, object, setting, and manner are word-for-word identical between the anchor and the hard negative."",
  ""chiral_score"": 3,
  ""chiral_reason"": ""The action 'picks from' and its inverse 'puts into' represent a perfect directional and temporal antonym pair."",
  ""verdict"": ""PASS""
}
```"
9775,ego4d,The tailor pulls up the needle,The tailor pulls the needle and thread,The tailor pushes down the needle,3.0,"The subject and object are identical across both sentences, perfectly preserving the non-action elements.",3.0,The phrase 'pushes down' is the direct mechanical and directional antonym of 'pulls up'.,PASS,,"{
  ""static_score"": 3,
  ""static_reason"": ""The subject and object are identical across both sentences, perfectly preserving the non-action elements."",
  ""chiral_score"": 3,
  ""chiral_reason"": ""The phrase 'pushes down' is the direct mechanical and directional antonym of 'pulls up'."",
  ""verdict"": ""PASS""
}"
9776,ego4d,The person opens the sink tap,The person opens the water tap,The person closes the sink tap,3.0,The subject and object are perfectly identical in both the anchor and the hard negative.,3.0,The actions 'opens' and 'closes' are direct temporal and directional antonyms.,PASS,,"{
  ""static_score"": 3,
  ""static_reason"": ""The subject and object are perfectly identical in both the anchor and the hard negative."",
  ""chiral_score"": 3,
  ""chiral_reason"": ""The actions 'opens' and 'closes' are direct temporal and directional antonyms."",
  ""verdict"": ""PASS""
}"
9777,ego4d,The baker picks the dough from the plate with right hand,The baker picks a dough from a table,The baker places the dough onto the plate with right hand,3.0,"The subject, object, setting, and manner are verbatim identical between the anchor and the hard negative.",3.0,The action 'places onto' is a perfect directional and temporal antonym of 'picks from'.,PASS,,"{
  ""static_score"": 3,
  ""static_reason"": ""The subject, object, setting, and manner are verbatim identical between the anchor and the hard negative."",
  ""chiral_score"": 3,
  ""chiral_reason"": ""The action 'places onto' is a perfect directional and temporal antonym of 'picks from'."",
  ""verdict"": ""PASS""
}"
9778,ego4d,The worker puts the container down.,The worker puts down the container,The worker picks up the container.,3.0,"The subject and object are identical in both sentences, preserving all static elements perfectly.",3.0,The action 'picks up' is the precise directional and temporal antonym of 'puts down'.,PASS,,"{
  ""static_score"": 3,
  ""static_reason"": ""The subject and object are identical in both sentences, preserving all static elements perfectly."",
  ""chiral_score"": 3,
  ""chiral_reason"": ""The action 'picks up' is the precise directional and temporal antonym of 'puts down'."",
  ""verdict"": ""PASS""
}"
9779,ego4d,The bartender puts the bottle up,The bartender puts down the bottle,The bartender takes the bottle down,3.0,"The subject and object are identical, and the grammatical structure is perfectly preserved between the anchor and the hard negative.",3.0,'Put up' and 'take down' represent a perfect directional and procedural reversal of the same action (placement vs. removal).,PASS,,"```json
{
  ""static_score"": 3,
  ""static_reason"": ""The subject and object are identical, and the grammatical structure is perfectly preserved between the anchor and the hard negative."",
  ""chiral_score"": 3,
  ""chiral_reason"": ""'Put up' and 'take down' represent a perfect directional and procedural reversal of the same action (placement vs. removal)."",
  ""verdict"": ""PASS""
}
```"
9780,ego4d,The observer woman A lifts the cloth up,The cleaner lifts the cloth,The observer woman A lowers the cloth down,3.0,"The subject, object, and sentence structure are identical between the anchor and the hard negative.",3.0,The action 'lowers down' is the direct directional antonym of the anchor's action 'lifts up'.,PASS,,"{
  ""static_score"": 3,
  ""static_reason"": ""The subject, object, and sentence structure are identical between the anchor and the hard negative."",
  ""chiral_score"": 3,
  ""chiral_reason"": ""The action 'lowers down' is the direct directional antonym of the anchor's action 'lifts up'."",
  ""verdict"": ""PASS""
}"
9781,ego4d,The cleaner picks the broom up.,The cleaner picks a broom,The cleaner puts the broom down.,3.0,The subject and object are identical and the sentence structure is perfectly preserved between the anchor and negative.,3.0,'Picks up' and 'puts down' represent a perfect directional and temporal inverse pair.,PASS,,"{
  ""static_score"": 3,
  ""static_reason"": ""The subject and object are identical and the sentence structure is perfectly preserved between the anchor and negative."",
  ""chiral_score"": 3,
  ""chiral_reason"": ""'Picks up' and 'puts down' represent a perfect directional and temporal inverse pair."",
  ""verdict"": ""PASS""
}"
9782,ego4d,The cook picks the frying pan in the sink with his left hand.,The cook picks up a pan from the floor with his left hand.,The cook puts the frying pan in the sink with his left hand.,3.0,"The subject, object, setting, and manner are verbatim identical between the anchor and the hard negative.",3.0,The verbs 'picks' and 'puts' serve as direct temporal and directional antonyms for the manipulation of the object.,PASS,,"```json
{
  ""static_score"": 3,
  ""static_reason"": ""The subject, object, setting, and manner are verbatim identical between the anchor and the hard negative."",
  ""chiral_score"": 3,
  ""chiral_reason"": ""The verbs 'picks' and 'puts' serve as direct temporal and directional antonyms for the manipulation of the object."",
  ""verdict"": ""PASS""
}
```"
9783,ego4d,The carpenter picks the foldable measuring tape from the table saw with his left hand.,The carpenter picks white tape from the table.,The carpenter places the foldable measuring tape onto the table saw with his left hand.,3.0,"The subject, object, setting, and manner are perfectly preserved and identical between the anchor and the hard negative.",3.0,The actions 'picks from' and 'places onto' represent a precise directional and temporal antonym pair.,PASS,,"{
  ""static_score"": 3,
  ""static_reason"": ""The subject, object, setting, and manner are perfectly preserved and identical between the anchor and the hard negative."",
  ""chiral_score"": 3,
  ""chiral_reason"": ""The actions 'picks from' and 'places onto' represent a precise directional and temporal antonym pair."",
  ""verdict"": ""PASS""
}"
9784,ego4d,The person picks up the cup on top of the cabinet,The person picks a glass cup from the upper kitchen cabinet with his right hand.,The person puts down the cup on top of the cabinet,3.0,"The subject, object, and setting are identical in both the anchor and the hard negative.",3.0,The verbs 'picks up' and 'puts down' are perfect temporal and directional antonyms.,PASS,,"{
  ""static_score"": 3,
  ""static_reason"": ""The subject, object, and setting are identical in both the anchor and the hard negative."",
  ""chiral_score"": 3,
  ""chiral_reason"": ""The verbs 'picks up' and 'puts down' are perfect temporal and directional antonyms."",
  ""verdict"": ""PASS""
}"
9785,ego4d,The mechanic drops the screw on the workbench.,The mechanic drops a screw on the lawn mower.,The mechanic picks up the screw from the workbench.,3.0,"The subject, object, and setting are identical across both sentences, with the prepositional change being a necessary consequence of the verb change.",3.0,The actions 'drops' and 'picks up' constitute a perfect directional and temporal reversal of the interaction between the mechanic and the screw.,PASS,,"{
  ""static_score"": 3,
  ""static_reason"": ""The subject, object, and setting are identical across both sentences, with the prepositional change being a necessary consequence of the verb change."",
  ""chiral_score"": 3,
  ""chiral_reason"": ""The actions 'drops' and 'picks up' constitute a perfect directional and temporal reversal of the interaction between the mechanic and the screw."",
  ""verdict"": ""PASS""
}"
9786,ego4d,The cleaner pushes the drawer back,The cleaner pushes the refrigerator drawer back inside.,The cleaner pulls the drawer forward,3.0,The subject 'The cleaner' and object 'the drawer' are identical in both the anchor and the hard negative.,3.0,The action 'pulls forward' is the direct physical and directional antonym of 'pushes back'.,PASS,,"```json
{
  ""static_score"": 3,
  ""static_reason"": ""The subject 'The cleaner' and object 'the drawer' are identical in both the anchor and the hard negative."",
  ""chiral_score"": 3,
  ""chiral_reason"": ""The action 'pulls forward' is the direct physical and directional antonym of 'pushes back'."",
  ""verdict"": ""PASS""
}
```"
9787,ego4d,The housekeeper places the pot on a box,The housekeeper places the tea pot on a stove,The housekeeper removes the pot from a box,3.0,"The subject, object, and the setting entity are identical across both sentences.",3.0,The verbs 'places' and 'removes' represent a clear directional and temporal antonym pair.,PASS,,"```json
{
  ""static_score"": 3,
  ""static_reason"": ""The subject, object, and the setting entity are identical across both sentences."",
  ""chiral_score"": 3,
  ""chiral_reason"": ""The verbs 'places' and 'removes' represent a clear directional and temporal antonym pair."",
  ""verdict"": ""PASS""
}
```"
9788,ego4d,The student places her left hand on the textbook.,The student places right hand on the lawn mower.,The student removes her left hand from the textbook.,3.0,"The subject, object, and target entities are identical across the anchor and hard negative sentences.",3.0,The actions 'places on' and 'removes from' represent a perfect directional and temporal antonym pair.,PASS,,"```json
{
  ""static_score"": 3,
  ""static_reason"": ""The subject, object, and target entities are identical across the anchor and hard negative sentences."",
  ""chiral_score"": 3,
  ""chiral_reason"": ""The actions 'places on' and 'removes from' represent a perfect directional and temporal antonym pair."",
  ""verdict"": ""PASS""
}
```"
9789,ego4d,The cook puts the tomato on a chopping board,The cook puts the tomato in a bowl,The cook takes the tomato off a chopping board,3.0,"The subject, object, and setting are identical in both the anchor and the hard negative.",3.0,The action 'takes off' is the precise directional and temporal inverse of 'puts on'.,PASS,,"{
  ""static_score"": 3,
  ""static_reason"": ""The subject, object, and setting are identical in both the anchor and the hard negative."",
  ""chiral_score"": 3,
  ""chiral_reason"": ""The action 'takes off' is the precise directional and temporal inverse of 'puts on'."",
  ""verdict"": ""PASS""
}"
9790,ego4d,The cook picks up a spoon from a kitchen counter,The cook picks the spoon with his right hand.,The cook puts down a spoon on a kitchen counter,3.0,"The subject, object, and setting are perfectly identical across the anchor and hard negative sentences.",3.0,'Picks up' and 'puts down' represent a perfect directional and temporal antonym pair.,PASS,,"{
  ""static_score"": 3,
  ""static_reason"": ""The subject, object, and setting are perfectly identical across the anchor and hard negative sentences."",
  ""chiral_score"": 3,
  ""chiral_reason"": ""'Picks up' and 'puts down' represent a perfect directional and temporal antonym pair."",
  ""verdict"": ""PASS""
}"
9791,ego4d,The cook picks a bottle of salt,The cook picks up a medicine bottle,The cook puts down a bottle of salt,3.0,The subject and object are word-for-word identical across both sentences.,3.0,The actions 'picks' and 'puts down' constitute a clear directional and temporal antonym pair.,PASS,,"```json
{
  ""static_score"": 3,
  ""static_reason"": ""The subject and object are word-for-word identical across both sentences."",
  ""chiral_score"": 3,
  ""chiral_reason"": ""The actions 'picks' and 'puts down' constitute a clear directional and temporal antonym pair."",
  ""verdict"": ""PASS""
}
```"
9792,ego4d,The surgeon picks a knife from the table with his right hand.,The surgeon picks a knife,The surgeon places a knife on the table with his right hand.,3.0,"The subject, object, setting, and manner are identical between the anchor and the hard negative.",3.0,Picking from and placing on a surface represent a clear directional and temporal reversal of the same action type.,PASS,,"{
  ""static_score"": 3,
  ""static_reason"": ""The subject, object, setting, and manner are identical between the anchor and the hard negative."",
  ""chiral_score"": 3,
  ""chiral_reason"": ""Picking from and placing on a surface represent a clear directional and temporal reversal of the same action type."",
  ""verdict"": ""PASS""
}"
9793,ego4d,The lady picks a knife from the table with her right hand.,The lady picks a knife on the kitchen table with her right hand.,The lady puts a knife on the table with her right hand.,3.0,"The subject, object, and manner are identical, and the setting noun remains the same across both sentences.",3.0,The verbs 'picks' and 'puts' are direct temporal and directional antonyms in the context of manipulating an object.,PASS,,"{
  ""static_score"": 3,
  ""static_reason"": ""The subject, object, and manner are identical, and the setting noun remains the same across both sentences."",
  ""chiral_score"": 3,
  ""chiral_reason"": ""The verbs 'picks' and 'puts' are direct temporal and directional antonyms in the context of manipulating an object."",
  ""verdict"": ""PASS""
}"
9794,ego4d,The construction worker places his left hand on the boom lift,The construction worker places his left hand on the wall.,The construction worker removes his left hand from the boom lift,3.0,"The subject, primary object, and target location are identical across both sentences.",3.0,The action 'removes from' is a perfect directional and temporal antonym of 'places on'.,PASS,,"{
  ""static_score"": 3,
  ""static_reason"": ""The subject, primary object, and target location are identical across both sentences."",
  ""chiral_score"": 3,
  ""chiral_reason"": ""The action 'removes from' is a perfect directional and temporal antonym of 'places on'."",
  ""verdict"": ""PASS""
}"
9795,ego4d,The lady puts the hand down,The lady puts a hand on table,The lady lifts the hand up,3.0,"The subject and object are identical in both sentences, and no conflicting settings or manners are introduced.",3.0,The actions 'puts down' and 'lifts up' represent a perfect directional antonym pair.,PASS,,"{
  ""static_score"": 3,
  ""static_reason"": ""The subject and object are identical in both sentences, and no conflicting settings or manners are introduced."",
  ""chiral_score"": 3,
  ""chiral_reason"": ""The actions 'puts down' and 'lifts up' represent a perfect directional antonym pair."",
  ""verdict"": ""PASS""
}"
9796,ego4d,The carpenter places his hand on the wood,The carpenter places his right hand on the mouse,The carpenter removes his hand from the wood,3.0,"The subject, object, and setting are identical between the anchor and the hard negative.",3.0,'Places' and 'removes' are perfect directional and temporal antonyms in the context of the action.,PASS,,"```json
{
  ""static_score"": 3,
  ""static_reason"": ""The subject, object, and setting are identical between the anchor and the hard negative."",
  ""chiral_score"": 3,
  ""chiral_reason"": ""'Places' and 'removes' are perfect directional and temporal antonyms in the context of the action."",
  ""verdict"": ""PASS""
}
```"
9797,ego4d,The carpenter removes hand from the wood,The carpenter removes hand from the keyboard,The carpenter places hand on the wood,3.0,"The subject, object, and setting are identical between the anchor and the hard negative.",3.0,The actions 'removes from' and 'places on' represent a perfect directional and temporal inverse.,PASS,,"{
  ""static_score"": 3,
  ""static_reason"": ""The subject, object, and setting are identical between the anchor and the hard negative."",
  ""chiral_score"": 3,
  ""chiral_reason"": ""The actions 'removes from' and 'places on' represent a perfect directional and temporal inverse."",
  ""verdict"": ""PASS""
}"
9798,ego4d,The mechanic places his right hand on the floor.,The mechanic places his left hand on the motorcycle.,The mechanic removes his right hand from the floor.,3.0,"The subject, object, and setting are identical, with only the preposition changing to accommodate the verb.",3.0,The actions 'places' and 'removes' are direct temporal and directional antonyms in this context.,PASS,,"{
  ""static_score"": 3,
  ""static_reason"": ""The subject, object, and setting are identical, with only the preposition changing to accommodate the verb."",
  ""chiral_score"": 3,
  ""chiral_reason"": ""The actions 'places' and 'removes' are direct temporal and directional antonyms in this context."",
  ""verdict"": ""PASS""
}"
9799,ego4d,The driver closes the car door,The driver closes the driver's door of the black car with her left hand.,The driver opens the car door,3.0,The subject and object are identical between the anchor and the hard negative with no added or missing modifiers.,3.0,'Opens' is the precise temporal and directional antonym of 'closes' for this object.,PASS,,"{
  ""static_score"": 3,
  ""static_reason"": ""The subject and object are identical between the anchor and the hard negative with no added or missing modifiers."",
  ""chiral_score"": 3,
  ""chiral_reason"": ""'Opens' is the precise temporal and directional antonym of 'closes' for this object."",
  ""verdict"": ""PASS""
}"
9800,ego4d,The student places her left hand on a book,The student places his left hand on his left thigh.,The student removes her left hand from a book,3.0,"The subject, the specific body part, and the object involved are identical between the anchor and the hard negative.",3.0,The verbs 'places' and 'removes' constitute a perfect temporal and directional antonym pair for this context.,PASS,,"{
  ""static_score"": 3,
  ""static_reason"": ""The subject, the specific body part, and the object involved are identical between the anchor and the hard negative."",
  ""chiral_score"": 3,
  ""chiral_reason"": ""The verbs 'places' and 'removes' constitute a perfect temporal and directional antonym pair for this context."",
  ""verdict"": ""PASS""
}"
9801,ego4d,The gardener removes hand from the wheelbarrow handle,The gardener removes hand from the canvas,The gardener places hand on the wheelbarrow handle,3.0,"The subject, object, and setting entities are perfectly identical between the anchor and the hard negative.",3.0,The actions 'removes' and 'places' represent a clear directional and physical antonym pair in this context.,PASS,,"{
  ""static_score"": 3,
  ""static_reason"": ""The subject, object, and setting entities are perfectly identical between the anchor and the hard negative."",
  ""chiral_score"": 3,
  ""chiral_reason"": ""The actions 'removes' and 'places' represent a clear directional and physical antonym pair in this context."",
  ""verdict"": ""PASS""
}"
9802,ego4d,The mechanic removes hand from car chassis,The player removes hand from tennis racket,The mechanic puts hand into car chassis,3.0,"The subject, object, and setting are identical between the anchor and the hard negative.",3.0,The actions 'removes from' and 'puts into' represent a perfect directional and temporal antonym pair.,PASS,,"```json
{
  ""static_score"": 3,
  ""static_reason"": ""The subject, object, and setting are identical between the anchor and the hard negative."",
  ""chiral_score"": 3,
  ""chiral_reason"": ""The actions 'removes from' and 'puts into' represent a perfect directional and temporal antonym pair."",
  ""verdict"": ""PASS""
}
```"
9803,ego4d,The woman removes her left hand from the cloth on the table.,The man removes his hand from his face.,The woman places her left hand on the cloth on the table.,3.0,"The subject, object, and specific environmental context are identical between the anchor and the negative.",3.0,'Places on' is the precise directional and temporal antonym of 'removes from' in this context.,PASS,,"{
  ""static_score"": 3,
  ""static_reason"": ""The subject, object, and specific environmental context are identical between the anchor and the negative."",
  ""chiral_score"": 3,
  ""chiral_reason"": ""'Places on' is the precise directional and temporal antonym of 'removes from' in this context."",
  ""verdict"": ""PASS""
}"
9804,ego4d,The man picks cup from the table.,The man picks the cup of juice from the table with his right hand.,The man puts cup on the table.,3.0,"The subject (The man), object (cup), and setting (table) are identical in both the anchor and the hard negative.",3.0,The action 'puts on' is the precise directional and temporal antonym of 'picks from' in this context.,PASS,,"```json
{
  ""static_score"": 3,
  ""static_reason"": ""The subject (The man), object (cup), and setting (table) are identical in both the anchor and the hard negative."",
  ""chiral_score"": 3,
  ""chiral_reason"": ""The action 'puts on' is the precise directional and temporal antonym of 'picks from' in this context."",
  ""verdict"": ""PASS""
}
```"
9805,ego4d,The technician drops the battery in his left hand into the tech case on the bench.,The technician drops the battery on the purse on the table with his left hand.,The technician takes the battery from the tech case on the bench and places it in his left hand.,3.0,"The subject, object, setting, and the specific use of the left hand are perfectly preserved across both sentences.",3.0,"The action is a precise directional reversal, moving the battery from the case to the hand instead of from the hand into the case.",PASS,,"{
  ""static_score"": 3,
  ""static_reason"": ""The subject, object, setting, and the specific use of the left hand are perfectly preserved across both sentences."",
  ""chiral_score"": 3,
  ""chiral_reason"": ""The action is a precise directional reversal, moving the battery from the case to the hand instead of from the hand into the case."",
  ""verdict"": ""PASS""
}"
9806,ego4d,The orderly pushes the baby trolley,The orderly pushes the egg crate carrier trolley,The orderly pulls the baby trolley,3.0,The subject and object are identical between the anchor and the hard negative with no extraneous variations.,3.0,The actions 'pushes' and 'pulls' represent a perfect directional antonym pair.,PASS,,"{
  ""static_score"": 3,
  ""static_reason"": ""The subject and object are identical between the anchor and the hard negative with no extraneous variations."",
  ""chiral_score"": 3,
  ""chiral_reason"": ""The actions 'pushes' and 'pulls' represent a perfect directional antonym pair."",
  ""verdict"": ""PASS""
}"
9807,ego4d,The person turns off the tap,The person turns off the tap with her right hand,The person turns on the tap,3.0,"The subject and object are perfectly identical, ensuring all non-action elements are preserved.",3.0,'Turns off' and 'turns on' are perfect functional and directional antonyms for the specified action.,PASS,,"{
  ""static_score"": 3,
  ""static_reason"": ""The subject and object are perfectly identical, ensuring all non-action elements are preserved."",
  ""chiral_score"": 3,
  ""chiral_reason"": ""'Turns off' and 'turns on' are perfect functional and directional antonyms for the specified action."",
  ""verdict"": ""PASS""
}"
9808,ego4d,The cook removes her hand from the lid while stirring the stew.,The cook removes hand from the envelope,The cook places her hand on the lid while stirring the stew.,3.0,"The subject, object, and the specific setting are word-for-word identical between the anchor and the hard negative.",3.0,The action 'places on' is a perfect directional and physical antonym of 'removes from'.,PASS,,"{
  ""static_score"": 3,
  ""static_reason"": ""The subject, object, and the specific setting are word-for-word identical between the anchor and the hard negative."",
  ""chiral_score"": 3,
  ""chiral_reason"": ""The action 'places on' is a perfect directional and physical antonym of 'removes from'."",
  ""verdict"": ""PASS""
}"
9809,ego4d,The seamstress folds the piece of cloth her hands,The seamstress folds the piece of clothe with his both hands,The seamstress unfolds the piece of cloth her hands,3.0,"The subject, object, and manner are identical in both sentences, maintaining perfect consistency in non-action elements.",3.0,The verb 'unfolds' is the direct temporal and directional antonym of 'folds'.,PASS,,"{
  ""static_score"": 3,
  ""static_reason"": ""The subject, object, and manner are identical in both sentences, maintaining perfect consistency in non-action elements."",
  ""chiral_score"": 3,
  ""chiral_reason"": ""The verb 'unfolds' is the direct temporal and directional antonym of 'folds'."",
  ""verdict"": ""PASS""
}"
9810,ego4d,The technician pulls the cable with his right hand.,The technician pulls the electric cable from the socket,The technician pushes the cable with his right hand.,3.0,"The subject, object, and manner phrase are verbatim identical between the anchor and the hard negative.",3.0,Push and pull are direct physical antonyms representing opposite directions of force.,PASS,,"{
  ""static_score"": 3,
  ""static_reason"": ""The subject, object, and manner phrase are verbatim identical between the anchor and the hard negative."",
  ""chiral_score"": 3,
  ""chiral_reason"": ""Push and pull are direct physical antonyms representing opposite directions of force."",
  ""verdict"": ""PASS""
}"
9811,ego4d,The **child** closes the drawer with both hands.,The **child** closes the drawer.,The **child** opens the drawer with both hands.,3.0,"The subject, object, and manner 'with both hands' are perfectly identical across both sentences.",3.0,The verbs 'closes' and 'opens' are direct temporal and directional antonyms representing a perfect chiral pair.,PASS,,"{
  ""static_score"": 3,
  ""static_reason"": ""The subject, object, and manner 'with both hands' are perfectly identical across both sentences."",
  ""chiral_score"": 3,
  ""chiral_reason"": ""The verbs 'closes' and 'opens' are direct temporal and directional antonyms representing a perfect chiral pair."",
  ""verdict"": ""PASS""
}"
9812,ego4d,The chemist opens the bottle of solution,The man B opens a bottle on the table with the wine opener with his right hand.,The chemist closes the bottle of solution,3.0,The subject and object are perfectly identical between the anchor and the hard negative.,3.0,The action 'closes' is the exact temporal and directional antonym of 'opens'.,PASS,,"{
  ""static_score"": 3,
  ""static_reason"": ""The subject and object are perfectly identical between the anchor and the hard negative."",
  ""chiral_score"": 3,
  ""chiral_reason"": ""The action 'closes' is the exact temporal and directional antonym of 'opens'."",
  ""verdict"": ""PASS""
}"
9813,ego4d,The cook picks knife from the table,The cook picks knife from the counter top,The cook places knife on the table,3.0,"The subject, object, and setting are identical between the anchor and the hard negative.",3.0,The actions 'picks' and 'places' are perfect directional and temporal antonyms in the context of interacting with an object and a surface.,PASS,,"{
  ""static_score"": 3,
  ""static_reason"": ""The subject, object, and setting are identical between the anchor and the hard negative."",
  ""chiral_score"": 3,
  ""chiral_reason"": ""The actions 'picks' and 'places' are perfect directional and temporal antonyms in the context of interacting with an object and a surface."",
  ""verdict"": ""PASS""
}"
9814,ego4d,The baker removes hand from the button,The baker removes hand from the millstone,The baker places hand on the button,3.0,"The subject, object, and specific setting are identical across the anchor and hard negative.",3.0,The actions 'removes from' and 'places on' are perfect directional and temporal antonyms.,PASS,,"{
  ""static_score"": 3,
  ""static_reason"": ""The subject, object, and specific setting are identical across the anchor and hard negative."",
  ""chiral_score"": 3,
  ""chiral_reason"": ""The actions 'removes from' and 'places on' are perfect directional and temporal antonyms."",
  ""verdict"": ""PASS""
}"
9815,ego4d,The mechanic opens a tool cabinet drawer with his right hand.,The mechanic opens drawer,The mechanic closes a tool cabinet drawer with his right hand.,3.0,"The subject, object, and specific manner of the action are verbatim identical between the anchor and the hard negative.",3.0,The verb 'closes' is the perfect temporal and directional antonym of 'opens' in this context.,PASS,,"{
  ""static_score"": 3,
  ""static_reason"": ""The subject, object, and specific manner of the action are verbatim identical between the anchor and the hard negative."",
  ""chiral_score"": 3,
  ""chiral_reason"": ""The verb 'closes' is the perfect temporal and directional antonym of 'opens' in this context."",
  ""verdict"": ""PASS""
}"
9816,ego4d,The carpenter opens another drawer,The carpenter opens a drawer with his left hand,The carpenter closes another drawer,3.0,The subject and object are identical between the anchor and the hard negative.,3.0,The action 'closes' is the precise temporal antonym of the anchor's action 'opens'.,PASS,,"```json
{
  ""static_score"": 3,
  ""static_reason"": ""The subject and object are identical between the anchor and the hard negative."",
  ""chiral_score"": 3,
  ""chiral_reason"": ""The action 'closes' is the precise temporal antonym of the anchor's action 'opens'."",
  ""verdict"": ""PASS""
}
```"
9817,ego4d,The pianist raises his left hand from the music notebook.,The pianist raises his left hand up.,The pianist lowers his left hand into the music notebook.,3.0,"The subject, object, and setting entities are identical, with only the preposition shifting to accommodate the direction of movement.",3.0,The actions 'raises' and 'lowers' are perfect directional antonyms.,PASS,,"{
  ""static_score"": 3,
  ""static_reason"": ""The subject, object, and setting entities are identical, with only the preposition shifting to accommodate the direction of movement."",
  ""chiral_score"": 3,
  ""chiral_reason"": ""The actions 'raises' and 'lowers' are perfect directional antonyms."",
  ""verdict"": ""PASS""
}"
9818,ego4d,The student picks a book.,The student picks up the book,The student puts down the book.,2.0,"The object transitions from indefinite ('a book') to definite ('the book'), which is a minor variation in static elements.",2.0,"The verb 'picks' in the anchor is slightly ambiguous as it can mean 'selects', whereas 'puts down' specifically refers to a physical placement action.",PASS,,"{
  ""static_score"": 2,
  ""static_reason"": ""The object transitions from indefinite ('a book') to definite ('the book'), which is a minor variation in static elements."",
  ""chiral_score"": 2,
  ""chiral_reason"": ""The verb 'picks' in the anchor is slightly ambiguous as it can mean 'selects', whereas 'puts down' specifically refers to a physical placement action."",
  ""verdict"": ""PASS""
}"
9819,ego4d,The artist removes his right hand from the canvas.,The woman A removes her left hand from the table.,The artist places his right hand on the canvas.,3.0,"The subject, object, and setting are perfectly identical across both sentences with no added or removed details.",3.0,The actions 'removes from' and 'places on' represent a clear and direct temporal and directional reversal.,PASS,,"```json
{
  ""static_score"": 3,
  ""static_reason"": ""The subject, object, and setting are perfectly identical across both sentences with no added or removed details."",
  ""chiral_score"": 3,
  ""chiral_reason"": ""The actions 'removes from' and 'places on' represent a clear and direct temporal and directional reversal."",
  ""verdict"": ""PASS""
}
```"
9820,ego4d,**The person** drops the cup in his right hand in the tray in the dishwasher.,**The man** drops the cup on the table with his left hand.,**The person** picks up the cup from the tray in the dishwasher with his right hand.,3.0,"The subject, object, setting, and hand used are identical, with only necessary prepositional adjustments made to accommodate the change in action.",3.0,The actions 'drops' and 'picks up' represent a clear temporal and directional antonym pair in the context of the setting.,PASS,,"{
  ""static_score"": 3,
  ""static_reason"": ""The subject, object, setting, and hand used are identical, with only necessary prepositional adjustments made to accommodate the change in action."",
  ""chiral_score"": 3,
  ""chiral_reason"": ""The actions 'drops' and 'picks up' represent a clear temporal and directional antonym pair in the context of the setting."",
  ""verdict"": ""PASS""
}"
9821,ego4d,The diner puts food in the mouth,The diner puts the food in the plate.,The diner takes food out of the mouth,3.0,"The subject (diner), object (food), and setting (mouth) are identical across both sentences.",3.0,The actions 'puts in' and 'takes out' represent a perfect directional and temporal inversion.,PASS,,"```json
{
  ""static_score"": 3,
  ""static_reason"": ""The subject (diner), object (food), and setting (mouth) are identical across both sentences."",
  ""chiral_score"": 3,
  ""chiral_reason"": ""The actions 'puts in' and 'takes out' represent a perfect directional and temporal inversion."",
  ""verdict"": ""PASS""
}
```"
9822,ego4d,The delivery man put the box down,The delivery man puts carton box down,The delivery man picked up the box,3.0,The subject and object are verbatim identical across both sentences with no additional descriptors or modifiers.,3.0,"The action 'picked up' is the direct directional and temporal antonym of 'put down', as explicitly cited in the prompt examples.",PASS,,"```json
{
  ""static_score"": 3,
  ""static_reason"": ""The subject and object are verbatim identical across both sentences with no additional descriptors or modifiers."",
  ""chiral_score"": 3,
  ""chiral_reason"": ""The action 'picked up' is the direct directional and temporal antonym of 'put down', as explicitly cited in the prompt examples."",
  ""verdict"": ""PASS""
}
```"
9823,ego4d,The homeowner opens the door,The homeowner opens a fridge door,The homeowner closes the door,3.0,"The subject and object are identical across both sentences, ensuring perfect preservation of static elements.",3.0,The action 'closes' is the direct and perfect chiral antonym of 'opens'.,PASS,,"{
  ""static_score"": 3,
  ""static_reason"": ""The subject and object are identical across both sentences, ensuring perfect preservation of static elements."",
  ""chiral_score"": 3,
  ""chiral_reason"": ""The action 'closes' is the direct and perfect chiral antonym of 'opens'."",
  ""verdict"": ""PASS""
}"
9824,ego4d,The electronics technician folds the silicon storage bag,The electronics technician folds the plastic bag,The electronics technician unfolds the silicon storage bag,3.0,The subject and object are identical between the anchor and the hard negative.,3.0,The verbs fold and unfold are perfect chiral antonyms representing state reversal.,PASS,,"{
  ""static_score"": 3,
  ""static_reason"": ""The subject and object are identical between the anchor and the hard negative."",
  ""chiral_score"": 3,
  ""chiral_reason"": ""The verbs fold and unfold are perfect chiral antonyms representing state reversal."",
  ""verdict"": ""PASS""
}"
9825,ego4d,The baker puts the dough ball on the flour,The baker puts the dough on the flour,The baker takes the dough ball off the flour,3.0,"The subject, object, and setting are perfectly identical across both sentences.",3.0,The action 'takes off' is a textbook directional and temporal antonym of 'puts on'.,PASS,,"{
  ""static_score"": 3,
  ""static_reason"": ""The subject, object, and setting are perfectly identical across both sentences."",
  ""chiral_score"": 3,
  ""chiral_reason"": ""The action 'takes off' is a textbook directional and temporal antonym of 'puts on'."",
  ""verdict"": ""PASS""
}"
9826,ego4d,The mechanic drops the bottle on the kitchen to,The mechanic drops a bottle of engine oil on the floor with his left hand.,The mechanic picks up the bottle from the kitchen to,2.0,"The subject, object, and setting are preserved, but the preposition change ('on' to 'from') and the awkward truncated fragment 'to' prevent a perfect score.",3.0,The action 'picks up' is the perfect temporal and directional inverse of the action 'drops'.,PASS,,"{
  ""static_score"": 2,
  ""static_reason"": ""The subject, object, and setting are preserved, but the preposition change ('on' to 'from') and the awkward truncated fragment 'to' prevent a perfect score."",
  ""chiral_score"": 3,
  ""chiral_reason"": ""The action 'picks up' is the perfect temporal and directional inverse of the action 'drops'."",
  ""verdict"": ""PASS""
}"
9827,ego4d,The woman Z picks a paper bag from the table with her left hand.,The man picks up a small bag and a portable fan from a blanket with his right hand,The woman Z puts a paper bag on the table with her left hand.,3.0,"The subject, object, setting, and manner are identical across both sentences.",3.0,The actions 'picks from' and 'puts on' represent a clear directional and temporal antonym pair.,PASS,,"```json
{
  ""static_score"": 3,
  ""static_reason"": ""The subject, object, setting, and manner are identical across both sentences."",
  ""chiral_score"": 3,
  ""chiral_reason"": ""The actions 'picks from' and 'puts on' represent a clear directional and temporal antonym pair."",
  ""verdict"": ""PASS""
}
```"
9828,ego4d,The baker puts the dough in flour,The baker puts the veggie dough inside the dough pastry,The baker takes the dough out of flour,3.0,"The subject, object, and the medium (flour) are perfectly identical between the anchor and the hard negative.",3.0,'Takes out' is the direct directional and temporal antonym of 'puts in'.,PASS,,"{
  ""static_score"": 3,
  ""static_reason"": ""The subject, object, and the medium (flour) are perfectly identical between the anchor and the hard negative."",
  ""chiral_score"": 3,
  ""chiral_reason"": ""'Takes out' is the direct directional and temporal antonym of 'puts in'."",
  ""verdict"": ""PASS""
}"
9829,ego4d,The carpenter removes glue from the wood with a blade,The carpenter removes dried glue from her right hand with her left hand.,The carpenter applies glue to the wood with a blade,3.0,"The subject, object, setting, and manner are identical, with only the preposition shifting to accommodate the verb's directionality.",3.0,The actions 'removes' and 'applies' are perfect directional antonyms in the context of surface treatment.,PASS,,"{
  ""static_score"": 3,
  ""static_reason"": ""The subject, object, setting, and manner are identical, with only the preposition shifting to accommodate the verb's directionality."",
  ""chiral_score"": 3,
  ""chiral_reason"": ""The actions 'removes' and 'applies' are perfect directional antonyms in the context of surface treatment."",
  ""verdict"": ""PASS""
}"
9830,ego4d,The baker picks up bread from a plate,The baker picks a flat bread,The baker puts down bread on a plate,3.0,"The subject, object, and setting entity are identical, with the prepositional change being a direct consequence of the action's direction.",3.0,'Puts down' is the exact directional and temporal antonym of 'picks up' in this context.,PASS,,"{
  ""static_score"": 3,
  ""static_reason"": ""The subject, object, and setting entity are identical, with the prepositional change being a direct consequence of the action's direction."",
  ""chiral_score"": 3,
  ""chiral_reason"": ""'Puts down' is the exact directional and temporal antonym of 'picks up' in this context."",
  ""verdict"": ""PASS""
}"
9831,ego4d,The baker picks an egg tray on the floor with the right hand,The baker picks the tray with the napkin.,The baker puts an egg tray on the floor with the right hand,3.0,"All non-action elements including the subject, object, setting, and manner are word-for-word identical between the anchor and the hard negative.",3.0,The verbs 'picks' and 'puts' constitute a clear temporal/directional antonym pair for the action of object manipulation.,PASS,,"```json
{
  ""static_score"": 3,
  ""static_reason"": ""All non-action elements including the subject, object, setting, and manner are word-for-word identical between the anchor and the hard negative."",
  ""chiral_score"": 3,
  ""chiral_reason"": ""The verbs 'picks' and 'puts' constitute a clear temporal/directional antonym pair for the action of object manipulation."",
  ""verdict"": ""PASS""
}
```"
9832,ego4d,The student puts the book on the shelf,The student puts the book on the shelf with his left hand.,The student takes the book off the shelf,3.0,"The subject (the student), object (the book), and setting (the shelf) are identical between the anchor and the hard negative.",3.0,The actions 'puts on' and 'takes off' represent a perfect directional and temporal reversal of the same interaction.,PASS,,"```json
{
  ""static_score"": 3,
  ""static_reason"": ""The subject (the student), object (the book), and setting (the shelf) are identical between the anchor and the hard negative."",
  ""chiral_score"": 3,
  ""chiral_reason"": ""The actions 'puts on' and 'takes off' represent a perfect directional and temporal reversal of the same interaction."",
  ""verdict"": ""PASS""
}
```"
9833,ego4d,The waiter picks two plates on the table,The waiter picks the plates,The waiter puts two plates on the table,3.0,"The subject, object, and setting are verbatim identical between the anchor and the hard negative.",2.0,The verb 'picks' is a slightly ambiguous and imprecise directional antonym for 'puts' compared to the more standard 'picks up'.,PASS,,"{
  ""static_score"": 3,
  ""static_reason"": ""The subject, object, and setting are verbatim identical between the anchor and the hard negative."",
  ""chiral_score"": 2,
  ""chiral_reason"": ""The verb 'picks' is a slightly ambiguous and imprecise directional antonym for 'puts' compared to the more standard 'picks up'."",
  ""verdict"": ""PASS""
}"
9834,ego4d,The student places her left hand on the book on her thighs,The student places her left hand on the book.,The student removes her left hand from the book on her thighs,3.0,"The subject, object, and specific locational modifier regarding the thighs are identical in both sentences.",3.0,The action 'removes from' is the precise directional and temporal inverse of 'places on'.,PASS,,"{
  ""static_score"": 3,
  ""static_reason"": ""The subject, object, and specific locational modifier regarding the thighs are identical in both sentences."",
  ""chiral_score"": 3,
  ""chiral_reason"": ""The action 'removes from' is the precise directional and temporal inverse of 'places on'."",
  ""verdict"": ""PASS""
}"
9835,ego4d,The cook puts the sauce in the fridge,The cashier puts pasta sauce in the paper bag,The cook takes the sauce out of the fridge,3.0,"The subject, object, and physical setting are identical between the anchor and the hard negative.",3.0,'Takes out' functions as the perfect directional and temporal antonym to 'puts in'.,PASS,,"{
  ""static_score"": 3,
  ""static_reason"": ""The subject, object, and physical setting are identical between the anchor and the hard negative."",
  ""chiral_score"": 3,
  ""chiral_reason"": ""'Takes out' functions as the perfect directional and temporal antonym to 'puts in'."",
  ""verdict"": ""PASS""
}"
9836,ego4d,The **person** puts the cream on the shelf,The **woman** puts the ice cream into her mouth with the spoon in her right hand,The **person** takes the cream off the shelf,3.0,"The subject, object, and setting are perfectly identical across both the anchor and the hard negative.",3.0,The action 'puts on' is the exact directional and temporal antonym of 'takes off'.,PASS,,"{
  ""static_score"": 3,
  ""static_reason"": ""The subject, object, and setting are perfectly identical across both the anchor and the hard negative."",
  ""chiral_score"": 3,
  ""chiral_reason"": ""The action 'puts on' is the exact directional and temporal antonym of 'takes off'."",
  ""verdict"": ""PASS""
}"
9837,ego4d,The cook opens the pot lid,The cook opens the cooking pot,The cook closes the pot lid,3.0,The subject and object are word-for-word identical between the anchor and the hard negative.,3.0,The verbs 'opens' and 'closes' are perfect directional and temporal antonyms.,PASS,,"{
  ""static_score"": 3,
  ""static_reason"": ""The subject and object are word-for-word identical between the anchor and the hard negative."",
  ""chiral_score"": 3,
  ""chiral_reason"": ""The verbs 'opens' and 'closes' are perfect directional and temporal antonyms."",
  ""verdict"": ""PASS""
}"
9838,ego4d,The artist closes the bottle.,The artist closes a paint bottle with her hands,The artist opens the bottle.,3.0,"The subject and object are identical in both sentences, ensuring complete static preservation.",3.0,The action 'opens' is the direct temporal and directional antonym of the anchor's action 'closes'.,PASS,,"{
  ""static_score"": 3,
  ""static_reason"": ""The subject and object are identical in both sentences, ensuring complete static preservation."",
  ""chiral_score"": 3,
  ""chiral_reason"": ""The action 'opens' is the direct temporal and directional antonym of the anchor's action 'closes'."",
  ""verdict"": ""PASS""
}"
9839,ego4d,The customer picks the glass cup from the table with his right hand.,The customer picks the cup of smoothies from the table with his right hand.,The customer puts the glass cup on the table with his right hand.,3.0,"The subject, object, setting, and specific manner (right hand) are perfectly identical between the anchor and the hard negative.",3.0,The actions 'picks from' and 'puts on' are classic directional antonyms representing the exact reversal of the physical movement.,PASS,,"{
  ""static_score"": 3,
  ""static_reason"": ""The subject, object, setting, and specific manner (right hand) are perfectly identical between the anchor and the hard negative."",
  ""chiral_score"": 3,
  ""chiral_reason"": ""The actions 'picks from' and 'puts on' are classic directional antonyms representing the exact reversal of the physical movement."",
  ""verdict"": ""PASS""
}"
9840,ego4d,The woman picks the bag on the chair with her left hand.,She picks bag,The woman puts the bag on the chair with her left hand.,3.0,"The subject, object, setting, and manner are verbatim identical across both the anchor and the hard negative.",2.0,"The verbs 'picks' and 'puts' effectively function as directional antonyms in this context, although 'picks up' would be a more precise counterpart to 'puts'.",PASS,,"```json
{
  ""static_score"": 3,
  ""static_reason"": ""The subject, object, setting, and manner are verbatim identical across both the anchor and the hard negative."",
  ""chiral_score"": 2,
  ""chiral_reason"": ""The verbs 'picks' and 'puts' effectively function as directional antonyms in this context, although 'picks up' would be a more precise counterpart to 'puts'."",
  ""verdict"": ""PASS""
}
```"
9841,ego4d,The student picks a phone on a table,The student picks a phone on a fridge with his right hand.,The student puts a phone on a table,3.0,"The subject (The student), object (a phone), and setting (on a table) are verbatim identical between the anchor and the hard negative.",3.0,The actions 'picks' and 'puts' represent the core directional/temporal inverse pair for interacting with an object on a surface.,PASS,,"```json
{
  ""static_score"": 3,
  ""static_reason"": ""The subject (The student), object (a phone), and setting (on a table) are verbatim identical between the anchor and the hard negative."",
  ""chiral_score"": 3,
  ""chiral_reason"": ""The actions 'picks' and 'puts' represent the core directional/temporal inverse pair for interacting with an object on a surface."",
  ""verdict"": ""PASS""
}
```"
9842,ego4d,The student puts a book on the table,The student puts the book on the bookshelf,The student takes a book off the table,3.0,"The subject, object, and setting are identical between the anchor and the hard negative.",3.0,The action 'takes off' is the precise directional and temporal antonym of 'puts on'.,PASS,,"{
  ""static_score"": 3,
  ""static_reason"": ""The subject, object, and setting are identical between the anchor and the hard negative."",
  ""chiral_score"": 3,
  ""chiral_reason"": ""The action 'takes off' is the precise directional and temporal antonym of 'puts on'."",
  ""verdict"": ""PASS""
}"
9843,ego4d,The tailor folds the piece of cloth,The woman folds the piece with her hands,The tailor unfolds the piece of cloth,3.0,"The subject and object are identical across both sentences, perfectly preserving the static context.",3.0,The verb 'unfold' is a precise directional and temporal antonym of 'fold' as required.,PASS,,"{
  ""static_score"": 3,
  ""static_reason"": ""The subject and object are identical across both sentences, perfectly preserving the static context."",
  ""chiral_score"": 3,
  ""chiral_reason"": ""The verb 'unfold' is a precise directional and temporal antonym of 'fold' as required."",
  ""verdict"": ""PASS""
}"
9844,ego4d,The climber places his right hand under his left hand on the table.,The climber places his right hand on a climbing hold.,The climber removes his right hand from under his left hand on the table.,3.0,"The subject, object, and the specific spatial arrangement of the hands and table are perfectly preserved.",3.0,'Removes' is the precise temporal and directional antonym of 'places' within this specific context.,PASS,,"{
  ""static_score"": 3,
  ""static_reason"": ""The subject, object, and the specific spatial arrangement of the hands and table are perfectly preserved."",
  ""chiral_score"": 3,
  ""chiral_reason"": ""'Removes' is the precise temporal and directional antonym of 'places' within this specific context."",
  ""verdict"": ""PASS""
}"
9845,ego4d,The person puts the bottle in the trash can,The woman T puts the bottle of water on the table with her left hand.,The person takes the bottle out of the trash can,3.0,"The subject, object, and setting are identical word-for-word between the anchor and the hard negative.",3.0,The action 'takes out' is the direct directional and temporal antonym of 'puts in'.,PASS,,"```json
{
  ""static_score"": 3,
  ""static_reason"": ""The subject, object, and setting are identical word-for-word between the anchor and the hard negative."",
  ""chiral_score"": 3,
  ""chiral_reason"": ""The action 'takes out' is the direct directional and temporal antonym of 'puts in'."",
  ""verdict"": ""PASS""
}
```"
9846,ego4d,The lady picks a napkin on the cabinet with her right hand.,The lady picks a napkin on the floor with her right hand.,The lady puts a napkin on the cabinet with her right hand.,3.0,"All non-action elements including the subject, object, specific location, and the hand used are identical between the anchor and the hard negative.",3.0,The actions 'picks' and 'puts' represent a clear temporal and directional antonym pair for object manipulation.,PASS,,"{
  ""static_score"": 3,
  ""static_reason"": ""All non-action elements including the subject, object, specific location, and the hand used are identical between the anchor and the hard negative."",
  ""chiral_score"": 3,
  ""chiral_reason"": ""The actions 'picks' and 'puts' represent a clear temporal and directional antonym pair for object manipulation."",
  ""verdict"": ""PASS""
}"
9847,ego4d,The barista picks the cup from the table with his right hand.,The barista picks a cup of tea,The barista puts the cup on the table with his right hand.,3.0,"The subject, object, setting, and manner are identical between the anchor and the hard negative.",3.0,The actions 'picks from' and 'puts on' are clear directional and temporal antonyms.,PASS,,"{
  ""static_score"": 3,
  ""static_reason"": ""The subject, object, setting, and manner are identical between the anchor and the hard negative."",
  ""chiral_score"": 3,
  ""chiral_reason"": ""The actions 'picks from' and 'puts on' are clear directional and temporal antonyms."",
  ""verdict"": ""PASS""
}"
9848,ego4d,The **sales assistant** puts the bottle and lid on the table,The **sales assistant** puts bottle in the polythene bag,The **sales assistant** takes the bottle and lid off the table,3.0,"The subject, object, and setting (table) are identical in both sentences.",3.0,'Puts on' and 'takes off' are perfect directional and temporal antonyms describing the inverse action.,PASS,,"```json
{
  ""static_score"": 3,
  ""static_reason"": ""The subject, object, and setting (table) are identical in both sentences."",
  ""chiral_score"": 3,
  ""chiral_reason"": ""'Puts on' and 'takes off' are perfect directional and temporal antonyms describing the inverse action."",
  ""verdict"": ""PASS""
}
```"
9849,ego4d,The seamstress drops the scissors on the table.,The seamstress drops the scissors on a table with her right hand,The seamstress picks up the scissors from the table.,3.0,"The subject, object, and setting are identical across both sentences, perfectly preserving all non-action elements.",3.0,The actions 'drops' and 'picks up' are clear directional antonyms representing the release and retrieval of an object.,PASS,,"{
  ""static_score"": 3,
  ""static_reason"": ""The subject, object, and setting are identical across both sentences, perfectly preserving all non-action elements."",
  ""chiral_score"": 3,
  ""chiral_reason"": ""The actions 'drops' and 'picks up' are clear directional antonyms representing the release and retrieval of an object."",
  ""verdict"": ""PASS""
}"
9850,ego4d,The diner drops the spoon in the bowl.,The diner drops the spoon on the plate rack.,The diner picks up the spoon from the bowl.,3.0,"The subject, object, and setting are identical across both sentences, with the prepositional change being a direct consequence of the action's direction.",3.0,Picking up and dropping are direct directional and temporal antonyms regarding the manipulation of an object relative to a container.,PASS,,"{
  ""static_score"": 3,
  ""static_reason"": ""The subject, object, and setting are identical across both sentences, with the prepositional change being a direct consequence of the action's direction."",
  ""chiral_score"": 3,
  ""chiral_reason"": ""Picking up and dropping are direct directional and temporal antonyms regarding the manipulation of an object relative to a container."",
  ""verdict"": ""PASS""
}"
9851,ego4d,The security guard opens the door,The security guard opens the door with his gloved right hand on the door knob.,The security guard closes the door,3.0,The subject and object are identical between the anchor and the hard negative.,3.0,The verb 'closes' is the direct directional and temporal antonym of 'opens'.,PASS,,"{
  ""static_score"": 3,
  ""static_reason"": ""The subject and object are identical between the anchor and the hard negative."",
  ""chiral_score"": 3,
  ""chiral_reason"": ""The verb 'closes' is the direct directional and temporal antonym of 'opens'."",
  ""verdict"": ""PASS""
}"
9852,ego4d,The child puts his hand in his mouth,The child puts the left hand on the book,The child takes his hand out of his mouth,3.0,"The subject, object, and location elements are identical across the anchor and the hard negative.",3.0,The action 'takes out' is the precise directional and temporal inverse of 'puts in'.,PASS,,"{
  ""static_score"": 3,
  ""static_reason"": ""The subject, object, and location elements are identical across the anchor and the hard negative."",
  ""chiral_score"": 3,
  ""chiral_reason"": ""The action 'takes out' is the precise directional and temporal inverse of 'puts in'."",
  ""verdict"": ""PASS""
}"
9853,ego4d,The carpenter removes his right hand from the bamboo strip.,The carpenter removes his right hand from the miter saw.,The carpenter places his right hand on the bamboo strip.,3.0,"The subject, object, and implicit setting are identical across both sentences.",3.0,'Removes from' and 'places on' are clear directional and temporal antonyms regarding physical contact.,PASS,,"{
  ""static_score"": 3,
  ""static_reason"": ""The subject, object, and implicit setting are identical across both sentences."",
  ""chiral_score"": 3,
  ""chiral_reason"": ""'Removes from' and 'places on' are clear directional and temporal antonyms regarding physical contact."",
  ""verdict"": ""PASS""
}"
9854,ego4d,The shopper picks the bag,The woman picks up a plastic bag on the container on the table with both of her hands.,The shopper puts the bag down,3.0,The subject and object are identical between the anchor and the hard negative with no additional descriptors added.,3.0,The action 'puts down' is the direct temporal and directional antonym of 'picks' in this context.,PASS,,"{
  ""static_score"": 3,
  ""static_reason"": ""The subject and object are identical between the anchor and the hard negative with no additional descriptors added."",
  ""chiral_score"": 3,
  ""chiral_reason"": ""The action 'puts down' is the direct temporal and directional antonym of 'picks' in this context."",
  ""verdict"": ""PASS""
}"
9855,ego4d,The tailor places his right hand on the sewing machine.,The tailor places his right hand on the wood on the workbench.,The tailor removes his right hand from the sewing machine.,3.0,"The subject, object, and location are identical in both sentences, preserving the static elements perfectly.",3.0,'Removes from' is the precise directional and temporal antonym of 'places on'.,PASS,,"{
  ""static_score"": 3,
  ""static_reason"": ""The subject, object, and location are identical in both sentences, preserving the static elements perfectly."",
  ""chiral_score"": 3,
  ""chiral_reason"": ""'Removes from' is the precise directional and temporal antonym of 'places on'."",
  ""verdict"": ""PASS""
}"
9856,ego4d,The homeowner places the bowl in the dishwasher,The homeowner places the bowl on the table.,The homeowner removes the bowl from the dishwasher,3.0,"The subject, object, and dishwasher setting are identical, with the only changes being prepositions required by the verb change.",3.0,The action 'removes from' is a perfect directional and temporal antonym of 'places in' for this context.,PASS,,"{
  ""static_score"": 3,
  ""static_reason"": ""The subject, object, and dishwasher setting are identical, with the only changes being prepositions required by the verb change."",
  ""chiral_score"": 3,
  ""chiral_reason"": ""The action 'removes from' is a perfect directional and temporal antonym of 'places in' for this context."",
  ""verdict"": ""PASS""
}"
9857,ego4d,The traveler puts down snack box,The traveler puts down the iron box,The traveler picks up snack box,3.0,"The subject and object are identical across the anchor and hard negative, maintaining perfect static preservation.",3.0,'Picks up' is the direct directional and temporal antonym of 'puts down'.,PASS,,"{
  ""static_score"": 3,
  ""static_reason"": ""The subject and object are identical across the anchor and hard negative, maintaining perfect static preservation."",
  ""chiral_score"": 3,
  ""chiral_reason"": ""'Picks up' is the direct directional and temporal antonym of 'puts down'."",
  ""verdict"": ""PASS""
}"
9858,ego4d,The **parent** closes the door,The **parent** closes the cabinet door,The **parent** opens the door,3.0,The subject 'parent' and object 'door' are perfectly identical across both sentences with no setting variations.,3.0,The action 'opens' is the exact directional and temporal antonym of 'closes'.,PASS,,"{
  ""static_score"": 3,
  ""static_reason"": ""The subject 'parent' and object 'door' are perfectly identical across both sentences with no setting variations."",
  ""chiral_score"": 3,
  ""chiral_reason"": ""The action 'opens' is the exact directional and temporal antonym of 'closes'."",
  ""verdict"": ""PASS""
}"
9859,ego4d,The shopper lifts the bag up,The lady lifts up her bag,The shopper lowers the bag down,3.0,"The subject ('The shopper') and object ('the bag') are identical, and the syntactic structure is perfectly preserved.",3.0,The verb phrase 'lifts ... up' and its directional antonym 'lowers ... down' form a perfect chiral pair.,PASS,,"{
  ""static_score"": 3,
  ""static_reason"": ""The subject ('The shopper') and object ('the bag') are identical, and the syntactic structure is perfectly preserved."",
  ""chiral_score"": 3,
  ""chiral_reason"": ""The verb phrase 'lifts ... up' and its directional antonym 'lowers ... down' form a perfect chiral pair."",
  ""verdict"": ""PASS""
}"
9860,ego4d,The waitress picks a cup from the countertop,The waitress picks the cup on the table with her right hand.,The waitress puts a cup on the countertop,3.0,"The subject, object, and setting are identical across both sentences, with only the prepositional trajectory changing to accommodate the action.",3.0,'Picks' and 'puts' constitute a perfect directional and temporal antonym pair for manual object manipulation.,PASS,,"{
  ""static_score"": 3,
  ""static_reason"": ""The subject, object, and setting are identical across both sentences, with only the prepositional trajectory changing to accommodate the action."",
  ""chiral_score"": 3,
  ""chiral_reason"": ""'Picks' and 'puts' constitute a perfect directional and temporal antonym pair for manual object manipulation."",
  ""verdict"": ""PASS""
}"
9861,ego4d,The dancer lifts her left hand,The dancer lifts her hand up,The dancer lowers her left hand,3.0,The subject and object are perfectly identical across both sentences with no extraneous changes.,3.0,Lifts and lowers are direct directional antonyms representing the exact inverse action.,PASS,,"{
  ""static_score"": 3,
  ""static_reason"": ""The subject and object are perfectly identical across both sentences with no extraneous changes."",
  ""chiral_score"": 3,
  ""chiral_reason"": ""Lifts and lowers are direct directional antonyms representing the exact inverse action."",
  ""verdict"": ""PASS""
}"
9862,ego4d,The librarian puts a book inside the book cover,The librarian puts the book on the shelf.,The librarian takes a book out of the book cover,3.0,"The subject (the librarian), object (a book), and the specific setting (the book cover) are perfectly identical across both sentences.",3.0,The actions 'puts inside' and 'takes out of' constitute a perfect directional and temporal reversal of the same activity.,PASS,,"```json
{
  ""static_score"": 3,
  ""static_reason"": ""The subject (the librarian), object (a book), and the specific setting (the book cover) are perfectly identical across both sentences."",
  ""chiral_score"": 3,
  ""chiral_reason"": ""The actions 'puts inside' and 'takes out of' constitute a perfect directional and temporal reversal of the same activity."",
  ""verdict"": ""PASS""
}
```"
9863,ego4d,The technician picks up his phone from the workbench,The technician picks phone,The technician puts down his phone on the workbench,3.0,"The subject, object, and setting are identical, with the preposition change being a mandatory grammatical adjustment for the action's direction.",3.0,The verb phrase 'puts down' is the perfect temporal and directional antonym of 'picks up'.,PASS,,"{
  ""static_score"": 3,
  ""static_reason"": ""The subject, object, and setting are identical, with the preposition change being a mandatory grammatical adjustment for the action's direction."",
  ""chiral_score"": 3,
  ""chiral_reason"": ""The verb phrase 'puts down' is the perfect temporal and directional antonym of 'picks up'."",
  ""verdict"": ""PASS""
}"
9864,ego4d,The cook picks a plate from the pot with both hands.,The cook picks the plate from the table,The cook puts a plate into the pot with both hands.,3.0,"The subject, object, setting, and manner are identical between the anchor and the hard negative.",3.0,The action 'picks from' is the precise directional and temporal antonym of 'puts into'.,PASS,,"```json
{
  ""static_score"": 3,
  ""static_reason"": ""The subject, object, setting, and manner are identical between the anchor and the hard negative."",
  ""chiral_score"": 3,
  ""chiral_reason"": ""The action 'picks from' is the precise directional and temporal antonym of 'puts into'."",
  ""verdict"": ""PASS""
}
```"
9865,ego4d,The sailor pulls the rope with his left hand.,The sailor pulls the rope from the basket on the ground with his left hand.,The sailor releases the rope from his left hand.,3.0,"The subject, object, and the specific detail of the left hand are perfectly preserved, maintaining identical non-action elements.",2.0,"Releasing is a valid functional and temporal inverse of pulling, although pushing would be the more direct directional antonym.",PASS,,"{
  ""static_score"": 3,
  ""static_reason"": ""The subject, object, and the specific detail of the left hand are perfectly preserved, maintaining identical non-action elements."",
  ""chiral_score"": 2,
  ""chiral_reason"": ""Releasing is a valid functional and temporal inverse of pulling, although pushing would be the more direct directional antonym."",
  ""verdict"": ""PASS""
}"
9866,ego4d,The mechanic puts his right hand on the base stand of the engine,The man A puts hand on the cards,The mechanic takes his right hand off the base stand of the engine,3.0,"The subject, object, and environmental setting are identical between the anchor and the hard negative.",3.0,The action 'takes off' is the perfect directional and temporal antonym of 'puts on'.,PASS,,"{
  ""static_score"": 3,
  ""static_reason"": ""The subject, object, and environmental setting are identical between the anchor and the hard negative."",
  ""chiral_score"": 3,
  ""chiral_reason"": ""The action 'takes off' is the perfect directional and temporal antonym of 'puts on'."",
  ""verdict"": ""PASS""
}"
9867,ego4d,The woman picks a bowl by the side of the table with her right hand.,The woman picks a bowl of spaghetti from the refrigerator with her left hand.,The woman puts a bowl by the side of the table with her right hand.,3.0,"The subject, object, setting, and manner are identical in both the anchor and the hard negative.",3.0,The verb 'puts' functions as the direct directional antonym to 'picks' in the context of physical manipulation.,PASS,,"{
  ""static_score"": 3,
  ""static_reason"": ""The subject, object, setting, and manner are identical in both the anchor and the hard negative."",
  ""chiral_score"": 3,
  ""chiral_reason"": ""The verb 'puts' functions as the direct directional antonym to 'picks' in the context of physical manipulation."",
  ""verdict"": ""PASS""
}"
9868,ego4d,The carpenter places her left hand on the plank.,The carpenter places his hand on the table,The carpenter removes her left hand from the plank.,3.0,"The subject, object, and setting are verbatim identical between the anchor and the hard negative, preserving all non-action details perfectly.",3.0,The action 'removes' is a direct temporal and directional antonym of 'places' in the context of physical interaction with an object.,PASS,,"{
  ""static_score"": 3,
  ""static_reason"": ""The subject, object, and setting are verbatim identical between the anchor and the hard negative, preserving all non-action details perfectly."",
  ""chiral_score"": 3,
  ""chiral_reason"": ""The action 'removes' is a direct temporal and directional antonym of 'places' in the context of physical interaction with an object."",
  ""verdict"": ""PASS""
}"
9869,ego4d,The man picks up a small plastic container from the table with his right hand.,The woman picks out a container from the fridge with her right hand.,The man puts down a small plastic container on the table with his right hand.,3.0,"The subject, object, setting, and manner are identical, with only the preposition changing to accommodate the action's direction.",3.0,The action 'puts down' is the exact directional and temporal antonym of 'picks up' as specified in the criteria.,PASS,,"{
  ""static_score"": 3,
  ""static_reason"": ""The subject, object, setting, and manner are identical, with only the preposition changing to accommodate the action's direction."",
  ""chiral_score"": 3,
  ""chiral_reason"": ""The action 'puts down' is the exact directional and temporal antonym of 'picks up' as specified in the criteria."",
  ""verdict"": ""PASS""
}"
9870,ego4d,The student picks up a book,The student picks a book from the pile of books with his right hand.,The student puts down a book,3.0,The subject 'The student' and object 'a book' are perfectly identical between the anchor and hard negative.,3.0,The action 'puts down' is the precise directional and temporal antonym of 'picks up' for the given object.,PASS,,"{
  ""static_score"": 3,
  ""static_reason"": ""The subject 'The student' and object 'a book' are perfectly identical between the anchor and hard negative."",
  ""chiral_score"": 3,
  ""chiral_reason"": ""The action 'puts down' is the precise directional and temporal antonym of 'picks up' for the given object."",
  ""verdict"": ""PASS""
}"
9871,ego4d,The waiter drops the cup on the table with his right hand.,The guest drops the cup on the table with her right hand.,The waiter picks up the cup from the table with his right hand.,2.0,"The setting is nearly identical, though the preposition shifts from 'on' to 'from' to accommodate the movement of the object.",2.0,"While directionally opposite, 'drops' (often implying accidental release) is an imperfect antonym for 'picks up' compared to a more neutral 'puts down'.",PASS,,"{
  ""static_score"": 2,
  ""static_reason"": ""The setting is nearly identical, though the preposition shifts from 'on' to 'from' to accommodate the movement of the object."",
  ""chiral_score"": 2,
  ""chiral_reason"": ""While directionally opposite, 'drops' (often implying accidental release) is an imperfect antonym for 'picks up' compared to a more neutral 'puts down'."",
  ""verdict"": ""PASS""
}"
9872,ego4d,The **busy executive** puts the phone on the table,The **busy executive** puts the phone on the table.,The **busy executive** takes the phone off the table,2.0,"While the subject and object are identical, the prepositional phrase shifts from 'on' to 'off' to accommodate the action, slightly altering the spatial setting.",3.0,The action 'takes off' is a perfect directional and temporal antonym of 'puts on'.,PASS,,"{
  ""static_score"": 2,
  ""static_reason"": ""While the subject and object are identical, the prepositional phrase shifts from 'on' to 'off' to accommodate the action, slightly altering the spatial setting."",
  ""chiral_score"": 3,
  ""chiral_reason"": ""The action 'takes off' is a perfect directional and temporal antonym of 'puts on'."",
  ""verdict"": ""PASS""
}"
9873,ego4d,The artist puts his right hand on a drawing paper,The artist puts his right hand inside the bag of chips on the table.,The artist takes his right hand off a drawing paper,3.0,"The subject, primary object, and the specific 'drawing paper' setting are verbatim identical between the anchor and the hard negative.",3.0,The action 'takes off' is the precise directional and temporal antonym of the action 'puts on' in this context.,PASS,,"```json
{
  ""static_score"": 3,
  ""static_reason"": ""The subject, primary object, and the specific 'drawing paper' setting are verbatim identical between the anchor and the hard negative."",
  ""chiral_score"": 3,
  ""chiral_reason"": ""The action 'takes off' is the precise directional and temporal antonym of the action 'puts on' in this context."",
  ""verdict"": ""PASS""
}
```"
9874,ego4d,The **machinist** removes left hand from the wood on the bench drill.,The **machinist** moves left hand,The **machinist** places left hand on the wood on the bench drill.,3.0,"The subject, object, and complex setting (the wood on the bench drill) are perfectly identical in both sentences.",3.0,'Places on' and 'removes from' are precise directional and temporal antonyms.,PASS,,"{
  ""static_score"": 3,
  ""static_reason"": ""The subject, object, and complex setting (the wood on the bench drill) are perfectly identical in both sentences."",
  ""chiral_score"": 3,
  ""chiral_reason"": ""'Places on' and 'removes from' are precise directional and temporal antonyms."",
  ""verdict"": ""PASS""
}"
9875,ego4d,The mechanic picks up a bottle from the counter,The mechanic picks up the bottle of motor oil,The mechanic puts down a bottle on the counter,3.0,"The subject, object, and setting are identical, with only the preposition 'from' changing to 'on' to grammatically accommodate the reversed motion.",3.0,The phrase 'picks up' and 'puts down' constitutes a perfect directional and temporal antonym pair.,PASS,,"```json
{
  ""static_score"": 3,
  ""static_reason"": ""The subject, object, and setting are identical, with only the preposition 'from' changing to 'on' to grammatically accommodate the reversed motion."",
  ""chiral_score"": 3,
  ""chiral_reason"": ""The phrase 'picks up' and 'puts down' constitutes a perfect directional and temporal antonym pair."",
  ""verdict"": ""PASS""
}
```"
9876,ego4d,**The researcher** picks a drinking jar,**The researcher** picks up the jar from the laboratory slab with both hands.,**The researcher** puts a drinking jar down,3.0,The subject 'The researcher' and the object 'a drinking jar' are identical across both sentences with no additional setting or manner descriptors.,3.0,The action 'puts down' is the precise directional and temporal antonym of the action 'picks' (up) in this context.,PASS,,"{
  ""static_score"": 3,
  ""static_reason"": ""The subject 'The researcher' and the object 'a drinking jar' are identical across both sentences with no additional setting or manner descriptors."",
  ""chiral_score"": 3,
  ""chiral_reason"": ""The action 'puts down' is the precise directional and temporal antonym of the action 'picks' (up) in this context."",
  ""verdict"": ""PASS""
}"
9877,ego4d,The woman places her right hand on the table.,The man places his right hand on the tube holder.,The woman removes her right hand from the table.,3.0,"The subject, object, and setting (the woman, her right hand, the table) are perfectly preserved between the sentences.",3.0,The action 'removes from' is the direct temporal and directional antonym of 'places on'.,PASS,,"{
  ""static_score"": 3,
  ""static_reason"": ""The subject, object, and setting (the woman, her right hand, the table) are perfectly preserved between the sentences."",
  ""chiral_score"": 3,
  ""chiral_reason"": ""The action 'removes from' is the direct temporal and directional antonym of 'places on'."",
  ""verdict"": ""PASS""
}"
9878,ego4d,The person puts the phone on the table.,The man puts phone in the pocket,The person takes the phone off the table.,3.0,"The subject (The person), object (the phone), and setting (the table) are identical in both sentences.",3.0,'Takes off' is the precise directional and temporal antonym of 'puts on'.,PASS,,"```json
{
  ""static_score"": 3,
  ""static_reason"": ""The subject (The person), object (the phone), and setting (the table) are identical in both sentences."",
  ""chiral_score"": 3,
  ""chiral_reason"": ""'Takes off' is the precise directional and temporal antonym of 'puts on'."",
  ""verdict"": ""PASS""
}
```"
9879,ego4d,The seamstress pulls out the needle and thread.,The seamstress pulls the needle from the front of the embroidery with her right hand.,The seamstress puts in the needle and thread.,3.0,"The subject and object are identical, with no extra modifiers or changes in setting.",3.0,'Pulls out' and 'puts in' are precise directional antonyms representing opposite actions.,PASS,,"{
  ""static_score"": 3,
  ""static_reason"": ""The subject and object are identical, with no extra modifiers or changes in setting."",
  ""chiral_score"": 3,
  ""chiral_reason"": ""'Pulls out' and 'puts in' are precise directional antonyms representing opposite actions."",
  ""verdict"": ""PASS""
}"
9880,ego4d,The woman opens a microwave oven with her left hand.,The woman opens a microwave.,The woman closes a microwave oven with her left hand.,3.0,"The subject, object, and manner of the action are verbatim identical between the anchor and the hard negative.",3.0,The verb 'closes' is the perfect temporal and directional antonym of 'opens' for this object.,PASS,,"{
  ""static_score"": 3,
  ""static_reason"": ""The subject, object, and manner of the action are verbatim identical between the anchor and the hard negative."",
  ""chiral_score"": 3,
  ""chiral_reason"": ""The verb 'closes' is the perfect temporal and directional antonym of 'opens' for this object."",
  ""verdict"": ""PASS""
}"
9881,ego4d,The woman removes left hand from the bag strap,The woman passes left hand on the face,The woman puts left hand on the bag strap,3.0,"The subject and all objects are identical between the anchor and the hard negative, preserving the context perfectly.",3.0,The actions 'removes from' and 'puts on' are precise directional and temporal antonyms for the interaction described.,PASS,,"{
  ""static_score"": 3,
  ""static_reason"": ""The subject and all objects are identical between the anchor and the hard negative, preserving the context perfectly."",
  ""chiral_score"": 3,
  ""chiral_reason"": ""The actions 'removes from' and 'puts on' are precise directional and temporal antonyms for the interaction described."",
  ""verdict"": ""PASS""
}"
9882,ego4d,The cook puts the salt down,The cook puts salt on the sauce pan,The cook picks up the salt,3.0,"The subject and object are identical, and no external settings or manners are introduced that would differentiate the two sentences.",3.0,The action 'picks up' is the direct directional and temporal antonym of 'puts down'.,PASS,,"{
  ""static_score"": 3,
  ""static_reason"": ""The subject and object are identical, and no external settings or manners are introduced that would differentiate the two sentences."",
  ""chiral_score"": 3,
  ""chiral_reason"": ""The action 'picks up' is the direct directional and temporal antonym of 'puts down'."",
  ""verdict"": ""PASS""
}"
9883,ego4d,The visitor opens the door,The lady X opens the door,The visitor closes the door,3.0,The subject and object are identical between the anchor and the hard negative.,3.0,The action 'closes' is the direct temporal and directional antonym of 'opens'.,PASS,,"{
  ""static_score"": 3,
  ""static_reason"": ""The subject and object are identical between the anchor and the hard negative."",
  ""chiral_score"": 3,
  ""chiral_reason"": ""The action 'closes' is the direct temporal and directional antonym of 'opens'."",
  ""verdict"": ""PASS""
}"
9884,ego4d,The cleaner puts iron box down,The cleaner puts a box on a table,The cleaner picks iron box up,3.0,The subject 'The cleaner' and the object 'iron box' are perfectly preserved between the anchor and the hard negative.,3.0,The action 'picks up' is the direct directional and temporal antonym of 'puts down'.,PASS,,"{
  ""static_score"": 3,
  ""static_reason"": ""The subject 'The cleaner' and the object 'iron box' are perfectly preserved between the anchor and the hard negative."",
  ""chiral_score"": 3,
  ""chiral_reason"": ""The action 'picks up' is the direct directional and temporal antonym of 'puts down'."",
  ""verdict"": ""PASS""
}"
9885,ego4d,The seamstress puts the cloth on the cloth rack,The seamstress puts the cloth on a sewing machine,The seamstress takes the cloth off the cloth rack,3.0,"The subject, object, and setting are identical between the anchor and the hard negative.",3.0,'Puts on' and 'takes off' are clear directional and temporal antonyms.,PASS,,"{
  ""static_score"": 3,
  ""static_reason"": ""The subject, object, and setting are identical between the anchor and the hard negative."",
  ""chiral_score"": 3,
  ""chiral_reason"": ""'Puts on' and 'takes off' are clear directional and temporal antonyms."",
  ""verdict"": ""PASS""
}"
9886,ego4d,The technician inserts the adapter needle in the connector,The cobbler inserts a needle in a shoe,The technician removes the adapter needle from the connector,3.0,"All entities including the subject, object, and setting are lexically identical between the anchor and hard negative.",3.0,The actions 'inserts' and 'removes' constitute a perfect directional and temporal antonym pair.,PASS,,"{
  ""static_score"": 3,
  ""static_reason"": ""All entities including the subject, object, and setting are lexically identical between the anchor and hard negative."",
  ""chiral_score"": 3,
  ""chiral_reason"": ""The actions 'inserts' and 'removes' constitute a perfect directional and temporal antonym pair."",
  ""verdict"": ""PASS""
}"
9887,ego4d,The cook picks up wood spoon,The cook picks the wooden spoon,The cook puts down wood spoon,3.0,The subject and object are word-for-word identical between the anchor and the hard negative.,3.0,'Puts down' is the direct directional and temporal antonym of 'picks up'.,PASS,,"{
  ""static_score"": 3,
  ""static_reason"": ""The subject and object are word-for-word identical between the anchor and the hard negative."",
  ""chiral_score"": 3,
  ""chiral_reason"": ""'Puts down' is the direct directional and temporal antonym of 'picks up'."",
  ""verdict"": ""PASS""
}"
9888,ego4d,The **craftsperson** picks up the tape on the table.,The **craftsperson** picks a masking tape.,The **craftsperson** puts down the tape on the table.,3.0,"The subject, object, and setting are identical across both the anchor and the hard negative sentences.",3.0,The actions 'picks up' and 'puts down' represent a perfect directional and temporal antonym pair.,PASS,,"{
  ""static_score"": 3,
  ""static_reason"": ""The subject, object, and setting are identical across both the anchor and the hard negative sentences."",
  ""chiral_score"": 3,
  ""chiral_reason"": ""The actions 'picks up' and 'puts down' represent a perfect directional and temporal antonym pair."",
  ""verdict"": ""PASS""
}"
9889,ego4d,The tailor drops the scissors on the table.,The tailor drops the scissors on the machine.,The tailor picks up the scissors from the table.,3.0,"The subject, object, and setting (tailor, scissors, table) are identical between the anchor and the hard negative.",3.0,"The action 'picks up from' is a perfect directional and temporal antonym of 'drops on', mirroring the 'pick up/put down' example.",PASS,,"{
  ""static_score"": 3,
  ""static_reason"": ""The subject, object, and setting (tailor, scissors, table) are identical between the anchor and the hard negative."",
  ""chiral_score"": 3,
  ""chiral_reason"": ""The action 'picks up from' is a perfect directional and temporal antonym of 'drops on', mirroring the 'pick up/put down' example."",
  ""verdict"": ""PASS""
}"
9890,ego4d,The seamstress pulls the needle and thread in the fabric with her right hand.,The seamstress pulls out the needle with her right hand from the other side of the cloth.,The seamstress pushes the needle and thread out of the fabric with her right hand.,2.0,"Subject, object, and manner are identical, but the spatial relationship to the fabric is modified from 'in' to 'out of'.",3.0,"Push and pull are primary directional antonyms, creating a clear chiral reversal of the anchor's action.",PASS,,"{
  ""static_score"": 2,
  ""static_reason"": ""Subject, object, and manner are identical, but the spatial relationship to the fabric is modified from 'in' to 'out of'."",
  ""chiral_score"": 3,
  ""chiral_reason"": ""Push and pull are primary directional antonyms, creating a clear chiral reversal of the anchor's action."",
  ""verdict"": ""PASS""
}"
9891,ego4d,The woman opens the container with both hands,The woman opens the container,The woman closes the container with both hands,3.0,"The subject, object, and manner phrase 'with both hands' are word-for-word identical between the anchor and the hard negative.",3.0,"The verb 'closes' is the direct temporal and directional antonym of 'opens', representing a perfect chiral reversal of the action.",PASS,,"{
  ""static_score"": 3,
  ""static_reason"": ""The subject, object, and manner phrase 'with both hands' are word-for-word identical between the anchor and the hard negative."",
  ""chiral_score"": 3,
  ""chiral_reason"": ""The verb 'closes' is the direct temporal and directional antonym of 'opens', representing a perfect chiral reversal of the action."",
  ""verdict"": ""PASS""
}"
9892,ego4d,The gardener opens a tap of the pipe with his right hand.,The gardener opens pipe tap,The gardener closes a tap of the pipe with his right hand.,3.0,"Every word except for the action verb is identical between the anchor and the hard negative, including the subject, object, and manner.",3.0,The verb 'closes' is the precise functional and temporal antonym of 'opens' in the context of a tap.,PASS,,"{
  ""static_score"": 3,
  ""static_reason"": ""Every word except for the action verb is identical between the anchor and the hard negative, including the subject, object, and manner."",
  ""chiral_score"": 3,
  ""chiral_reason"": ""The verb 'closes' is the precise functional and temporal antonym of 'opens' in the context of a tap."",
  ""verdict"": ""PASS""
}"
9893,ego4d,The cook picks up the pan from the electric stove,The cook picks the pan lid,The cook puts down the pan on the electric stove,2.0,"The core entities (cook, pan, electric stove) are preserved, but the prepositional shift from 'from' to 'on' creates a slight variation in the spatial setting.",3.0,"The action 'puts down' is the direct temporal and directional antonym of 'picks up', perfectly matching the required criteria.",PASS,,"{
  ""static_score"": 2,
  ""static_reason"": ""The core entities (cook, pan, electric stove) are preserved, but the prepositional shift from 'from' to 'on' creates a slight variation in the spatial setting."",
  ""chiral_score"": 3,
  ""chiral_reason"": ""The action 'puts down' is the direct temporal and directional antonym of 'picks up', perfectly matching the required criteria."",
  ""verdict"": ""PASS""
}"
9894,ego4d,The student picks a phone from the table with left hand.,The student picks the phone,The student places a phone on the table with left hand.,3.0,"The subject, object, setting, and manner are identical, with only a prepositional adjustment required to accommodate the directional change of the verb.",3.0,The verbs 'picks' and 'places' constitute a perfect temporal and directional antonym pair for object manipulation.,PASS,,"{
  ""static_score"": 3,
  ""static_reason"": ""The subject, object, setting, and manner are identical, with only a prepositional adjustment required to accommodate the directional change of the verb."",
  ""chiral_score"": 3,
  ""chiral_reason"": ""The verbs 'picks' and 'places' constitute a perfect temporal and directional antonym pair for object manipulation."",
  ""verdict"": ""PASS""
}"
9895,ego4d,The waiter drops the cup on the tray,The man G drops the cup of beer on the table with his right hand.,The waiter picks up the cup from the tray,3.0,"The subject, object, and setting are identical, with only the preposition shifting naturally to accommodate the change in verb direction.",3.0,The action 'picks up' is a clear directional and temporal antonym to 'drops' in the context of an object interacting with a surface.,PASS,,"{
  ""static_score"": 3,
  ""static_reason"": ""The subject, object                                                                                                                                                                                                                                                                                                                                                                                                                                                                                                                                                                                                                                                                                                                                                                                                                                                                                                                                                                                                                                                                                                                                                                                                                                                                                                                                                                                                                                                                                                                                                                                                                                                                                                                                                                                                                                                                                                                                                                                                                                                                                                                                                                                                                                                                                                                                                                                                                                                                                                                                                                                                                                                                                                                                                                                                                                                                                                                                                                                                                                                                                                                                                                                                                                                                                                                                                                                                                                                                                                                                                                                                                                                                                                                                                                                                                                                                                                                                                                                                                                                                                                                                                                                                                                                                                                                                                                                                                                                                                                                                                                                                                                                                                                                                                                                                                                                                                                                                                                                                                                                                                                                                                                                                                                                                                                                                                                                                                                                                                                                                                                                                                                                                                                                                                                                                                                                                                                                                                                                                                                                                                                                                                                                                                                                                                                                                                                                                                                                                                                                                                                                                                                                                                                                                                                                                                                                                                                                                                                                                                                                                                                                                                                                                                                                                                                                                                                                                                                                                                                                                                                                                                                                                                                                                                                                                                                                                                                                                                                                                                                                                                                                                                                                                                                                                                                                                                                                                                                                                                                                                                                                                                                                                                                                                                                                                                                                                                                                                                                                                                                                                                                                                                                                                                                                                                                                                                                                                                                                                                                                                                                                                                                                                                                                                                                                                                                                                                                                                                                                                                                                                                                                                                                                                                                                                                                                                                                                                                                                                                                                                                                                                                                                                                                                                                                                                                                                                                                                                                                                                                                                                                                                                                                                                                                                                                                                                                                                                                                                                                                                                                                                                                                                                                                                                                                                                                                                                                                                                                                                                                                                                                                                                                                                                                                                                                                                                                                                                                                                                                                                                                                                                                                                                                                                                                                                                                                                                                                                                                                                                                                                                                                                                                                                                                                                                                                                                                                                                                                                                                                                                                                                                                                                                                                                                                                                                                                                                                                                                                                                                                                                                                                                                                                                                                                                                                                                                                                                                                                                                                                                                                                                                                                                                                                                                                                                                                                                                                                                                                                                                                                                                                                                                                                                                                                                                                                                                                                                                                                                                                                                                                                                                                                                                                                                                                                                                                                                                                                                                                                                                                                                                                                                                                                                                                                                                                                                                                                                                                                                                                                                                                                                                                                                                                                                                                                                                                                                                                                                                                                                                                                                                                                                                                                                                                                                                                                                                                                                                                                                                                                                                                                                                                                                                                                                                                                                                                                                                                                                                                                                                                                                                                                                                                                                                                                                                                                                                                                                                                                                                                                                                                                                                                                                                                                                                                                                                                                                                                                                                                                                                                                                                                                                                                                                                                                                                                                                                                                                                                                                                                                                                                                                                                                                                                                                                                                                                                                                                                                                                                                                                                                                                                                                                                                                                                                                                                                                                                                                                                                                                                                                                                                                                                                                                                                                                                                                                                                                                                                                                                                                                                                                                                                                                                                                                                                                                                                                                                                                                                                                                                                                                                                                                                                                                                                                                                                                                                                                                                                                                                                                                                                                                                                                                                                                                                                                                                                                                                                                                                                                                                                                                                                                                                                                                                                                                                                                                                                                                                                                                                                                                                                                                                                                                                                                                                                                                                                                                                                                                                                                                                                                                                                                                                                                                                                                                                                                                                                                                                                                                                                                                                                                                                                                                                                                                                                                                                                                                                                                                                                                                                                                                                                                                                                                                                                                                                                                                                                                                                                                                                                                                                                                                                                                                                                                                                                                                                                                                                                                                                                                                                                                                                                                                                                                                                                                                                                                                                                                                                                                                                                                                                                                                                                                                                                                                                                                                                                                                                                                                                                                                                                                                                                                                                                                                                                                                                                                                                                                                                                                                                                                                                                                                                                                                                                                                                                                                                                                                                                                                                                                                                                                                                                                                                                                                                                                                                                                                                                                                                                                                                                                                                                                                                                                                                                                                                                                                                                                                                                                                                                                                                                                                                                                                                                                                                                                                                                                                                                                                                                                                                                                                                                                                                                                                                                                                                                                                                                                                                                                                                                                                                                                                                                                                                                                                                                                                                                                                                                                                                                                                                                                                                                                                                                                                                                                                                                                                                                                                                                                                                                                                                                                                                                                                                                                                                                                                                                                                                                                                                                                                                                                                                                                                                                                                                                                                                                                                                                                                                                                                                                                                                                                                                                                                                                                                                                                                                                                                                                                                                                                                                                                                                                                                                                                                                                                                                                                                                                                                                                                                                                                                                                                                                                                                                                                                                                                                                                                                                                                                                                                                                                                                                                                                                                                                                                                                                                                                                                                                                                                                                                                                                                                                                                                                                                                                                                                                                                                                                                                                                                                                                                                                                                                                                                                                le,The waiter puts down his hand,The waiter takes his hand off the table,3.0,"The subject, object, and setting are identical across both sentences with no added or omitted modifiers.",3.0,The actions 'puts on' and 'takes off' constitute a perfect directional and temporal antonym pair for this context.,PASS,,"{
  ""static_score"": 3,
  ""static_reason"": ""The subject, object, and setting are identical across both sentences with no added or omitted modifiers."",
  ""chiral_score"": 3,
  ""chiral_reason"": ""The actions 'puts on' and 'takes off' constitute a perfect directional and temporal antonym pair for this context."",
  ""verdict"": ""PASS""
}"
9940,ego4d,The child folds the piece of paper with both hands,The child folds a piece of cloth,The child unfolds the piece of paper with both hands,3.0,"The subject, object, and manner 'with both hands' are identical across the anchor and hard negative.",3.0,The action 'unfolds' is the direct temporal and directional antonym of 'folds'.,PASS,,"{
  ""static_score"": 3,
  ""static_reason"": ""The subject, object, and manner 'with both hands' are identical across the anchor and hard negative."",
  ""chiral_score"": 3,
  ""chiral_reason"": ""The action 'unfolds' is the direct temporal and directional antonym of 'folds'."",
  ""verdict"": ""PASS""
}"
9941,ego4d,The mechanic removes pen cap from the pen,The mechanic removes the motor oil bottle cap,The mechanic puts pen cap on the pen,3.0,"The subject (mechanic), the object (pen cap), and the reference entity (pen) are perfectly preserved across both sentences.",3.0,The actions 'removes from' and 'puts on' represent a perfect directional and temporal reversal of the interaction with the cap.,PASS,,"```json
{
  ""static_score"": 3,
  ""static_reason"": ""The subject (mechanic), the object (pen cap), and the reference entity (pen) are perfectly preserved across both sentences."",
  ""chiral_score"": 3,
  ""chiral_reason"": ""The actions 'removes from' and 'puts on' represent a perfect directional and temporal reversal of the interaction with the cap."",
  ""verdict"": ""PASS""
}
```"
9942,ego4d,The artist unfolds the cover paper,The artist unfolds the nylon paper,The artist folds the cover paper,3.0,The subject 'The artist' and object 'the cover paper' are perfectly preserved between the anchor and the hard negative.,3.0,'Folds' is the direct temporal and directional antonym of 'unfolds'.,PASS,,"{
  ""static_score"": 3,
  ""static_reason"": ""The subject 'The artist' and object 'the cover paper' are perfectly preserved between the anchor and the hard negative."",
  ""chiral_score"": 3,
  ""chiral_reason"": ""'Folds' is the direct temporal and directional antonym of 'unfolds'."",
  ""verdict"": ""PASS""
}"
9943,ego4d,The surgeon removes his gloved left hand from the green bowl in his gloved right hand.,The surgeon removes the hand from the table,The surgeon places his gloved left hand into the green bowl in his gloved right hand.,3.0,"All non-action elements, including the specific descriptions of the hands and the setting of the green bowl, are verbatim identical between the anchor and the negative.",3.0,The action 'places into' is a precise directional and temporal antonym of 'removes from' in the context of moving a hand relative to a container.,PASS,,"{
  ""static_score"": 3,
  ""static_reason"": ""All non-action elements, including the specific descriptions of the hands and the setting of the green bowl, are verbatim identical between the anchor and the negative."",
  ""chiral_score"": 3,
  ""chiral_reason"": ""The action 'places into' is a precise directional and temporal antonym of 'removes from' in the context of moving a hand relative to a container."",
  ""verdict"": ""PASS""
}"
9944,ego4d,The **athlete** lifts the left hand,The **athlete** lifts up the hand,The **athlete** lowers the left hand,3.0,The subject and object are identical between the anchor and the hard negative.,3.0,The verbs 'lifts' and 'lowers' represent a perfect directional antonym pair.,PASS,,"{
  ""static_score"": 3,
  ""static_reason"": ""The subject and object are identical between the anchor and the hard negative."",
  ""chiral_score"": 3,
  ""chiral_reason"": ""The verbs 'lifts' and 'lowers' represent a perfect directional antonym pair."",
  ""verdict"": ""PASS""
}"
9945,ego4d,The lady picks a cup.,The lady picks up the cup with her right hand.,The lady puts a cup down.,3.0,The subject 'The lady' and the object 'a cup' are identical between the anchor and the hard negative.,2.0,"The verb 'picks' is a slightly ambiguous or truncated version of 'picks up', making the directional opposition to 'puts down' less than perfect.",PASS,,"```json
{
  ""static_score"": 3,
  ""static_reason"": ""The subject 'The lady' and the object 'a cup' are identical between the anchor and the hard negative."",
  ""chiral_score"": 2,
  ""chiral_reason"": ""The verb 'picks' is a slightly ambiguous or truncated version of 'picks up', making the directional opposition to 'puts down' less than perfect."",
  ""verdict"": ""PASS""
}
```"
9946,ego4d,The tailor puts cloth on the cloth rack,The tailor puts the cloth on the sewing machine,The tailor takes cloth off the cloth rack,3.0,"The subject, object, and setting remain perfectly identical between the anchor and the hard negative.",3.0,'Puts on' and 'takes off' are exact directional and temporal antonyms.,PASS,,"{
  ""static_score"": 3,
  ""static_reason"": ""The subject, object, and setting remain perfectly identical between the anchor and the hard negative."",
  ""chiral_score"": 3,
  ""chiral_reason"": ""'Puts on' and 'takes off' are exact directional and temporal antonyms."",
  ""verdict"": ""PASS""
}"
9947,ego4d,The technician removes left hand from the machine,The technician puts left hand on the keyboard,The technician puts left hand into the machine,3.0,"The subject, object, and setting are identical, with no variation in manner or non-action descriptors.",3.0,The actions 'removes from' and 'puts into' constitute a perfect directional reversal of the same physical movement.,PASS,,"{
  ""static_score"": 3,
  ""static_reason"": ""The subject, object, and setting are identical, with no variation in manner or non-action descriptors."",
  ""chiral_score"": 3,
  ""chiral_reason"": ""The actions 'removes from' and 'puts into' constitute a perfect directional reversal of the same physical movement."",
  ""verdict"": ""PASS""
}"
9948,ego4d,The girl drops bottle,The girl drops a plastic water bottle on the floor with her right hand.,The girl picks up bottle,3.0,"The subject and object are identical between the anchor and the hard negative, and both share the same simplified grammatical structure.",3.0,The actions 'drops' and 'picks up' constitute a clear temporal and directional inversion of the same physical interaction with the object.,PASS,,"```json
{
  ""static_score"": 3,
  ""static_reason"": ""The subject and object are identical between the anchor and the hard negative, and both share the same simplified grammatical structure."",
  ""chiral_score"": 3,
  ""chiral_reason"": ""The actions 'drops' and 'picks up' constitute a clear temporal and directional inversion of the same physical interaction with the object."",
  ""verdict"": ""PASS""
}
```"
9949,ego4d,The mechanic places the bowl under the motorcycle chain cover with his gloved right hand.,The mechanic places the stainless steel bowl on top of the silicone baking mat,The mechanic removes the bowl from under the motorcycle chain cover with his gloved right hand.,3.0,"The subject, object, manner, and spatial setting are identical between the anchor and the hard negative.",3.0,'Places' and 'removes' are direct temporal and directional antonyms in this physical context.,PASS,,"```json
{
  ""static_score"": 3,
  ""static_reason"": ""The subject, object, manner, and spatial setting are identical between the anchor and the hard negative."",
  ""chiral_score"": 3,
  ""chiral_reason"": ""'Places' and 'removes' are direct temporal and directional antonyms in this physical context."",
  ""verdict"": ""PASS""
}
```"
9950,ego4d,The cook puts chicken meat in a bowl,The cook puts the meat in a cup,The cook takes chicken meat out of a bowl,3.0,"The subject, object, and location are identical in both the anchor and the hard negative.",3.0,'Takes out' is the perfect directional and temporal antonym of 'puts in' regarding the same object and setting.,PASS,,"{
  ""static_score"": 3,
  ""static_reason"": ""The subject, object, and location are identical in both the anchor and the hard negative."",
  ""chiral_score"": 3,
  ""chiral_reason"": ""'Takes out' is the perfect directional and temporal antonym of 'puts in' regarding the same object and setting."",
  ""verdict"": ""PASS""
}"
9951,ego4d,The barista puts the cup on the rack,The barista puts the cup on the table,The barista takes the cup off the rack,3.0,"The subject, object, and setting are identical across both the anchor and the hard negative.",3.0,The action 'puts on' is the direct directional and temporal antonym of 'takes off'.,PASS,,"```json
{
  ""static_score"": 3,
  ""static_reason"": ""The subject, object, and setting are identical across both the anchor and the hard negative."",
  ""chiral_score"": 3,
  ""chiral_reason"": ""The action 'puts on' is the direct directional and temporal antonym of 'takes off'."",
  ""verdict"": ""PASS""
}
```"
9952,ego4d,The shopper picks a bottle from a fridge,The shopper picks the bottle from the table with her right hand.,The shopper puts a bottle into a fridge,3.0,"The subject, object, and setting are identical across the anchor and hard negative sentences.",3.0,The action 'picks from' is a perfect directional antonym of 'puts into' in this context.,PASS,,"{
  ""static_score"": 3,
  ""static_reason"": ""The subject, object, and setting are identical across the anchor and hard negative sentences."",
  ""chiral_score"": 3,
  ""chiral_reason"": ""The action 'picks from' is a perfect directional antonym of 'puts into' in this context."",
  ""verdict"": ""PASS""
}"
9953,ego4d,The baker picks the bowl on the countertop,The baker picks a bowl from the shelf,The baker puts the bowl on the countertop,3.0,"The subject, object, and setting are identical in both sentences, perfectly preserving the context.",3.0,The verbs 'picks' and 'puts' function as direct temporal and directional antonyms regarding the bowl's interaction with the surface.,PASS,,"```json
{
  ""static_score"": 3,
  ""static_reason"": ""The subject, object, and setting are identical in both sentences, perfectly preserving the context."",
  ""chiral_score"": 3,
  ""chiral_reason"": ""The verbs 'picks' and 'puts' function as direct temporal and directional antonyms regarding the bowl's interaction with the surface."",
  ""verdict"": ""PASS""
}
```"
9954,ego4d,The shopper puts a box in a bag,The shopper puts away the plastic storage box,The shopper takes a box out of a bag,3.0,"The subject, object, and setting are identical across both sentences.",3.0,The action 'takes out' is a perfect directional and temporal antonym of 'puts in'.,PASS,,"{
  ""static_score"": 3,
  ""static_reason"": ""The subject, object, and setting are identical across both sentences."",
  ""chiral_score"": 3,
  ""chiral_reason"": ""The action 'takes out' is a perfect directional and temporal antonym of 'puts in'."",
  ""verdict"": ""PASS""
}"
9955,ego4d,The student takes the book,The student takes the book from the table with both hands.,The student puts the book down,3.0,The subject 'The student' and object 'the book' are identical across both sentences with no conflicting external details.,2.0,"While 'put down' is a valid directional antonym for 'take' in this context, 'pick up' would be the more precise lexical counterpart.",PASS,,"```json
{
  ""static_score"": 3,
  ""static_reason"": ""The subject 'The student' and object 'the book' are identical across both sentences with no conflicting external details."",
  ""chiral_score"": 2,
  ""chiral_reason"": ""While 'put down' is a valid directional antonym for 'take' in this context, 'pick up' would be the more precise lexical counterpart."",
  ""verdict"": ""PASS""
}
```"
9956,ego4d,The scientist opens the lid of big test tube,The scientist opens the lid of the bottle,The scientist closes the lid of big test tube,3.0,The subject and the complex object are verbatim identical across both sentences.,3.0,The action 'closes' is the perfect temporal and directional antonym of 'opens'.,PASS,,"```json
{
  ""static_score"": 3,
  ""static_reason"": ""The subject and the complex object are verbatim identical across both sentences."",
  ""chiral_score"": 3,
  ""chiral_reason"": ""The action 'closes' is the perfect temporal and directional antonym of 'opens'."",
  ""verdict"": ""PASS""
}
```"
9957,ego4d,The man drops the paper towel in his right hand in a bin.,The woman drops the paper towel on the table with her left hand.,The man picks up the paper towel from the bin in his right hand.,3.0,"The subject (man), object (paper towel), setting (bin), and manner (right hand) are perfectly preserved between the anchor and the negative.",3.0,The action 'picks up' is a precise temporal and directional antonym for 'drops' in the context of placing/retrieving an object from a container.,PASS,,"```json
{
  ""static_score"": 3,
  ""static_reason"": ""The subject (man), object (paper towel), setting (bin), and manner (right hand) are perfectly preserved between the anchor and the negative."",
  ""chiral_score"": 3,
  ""chiral_reason"": ""The action 'picks up' is a precise temporal and directional antonym for 'drops' in the context of placing/retrieving an object from a container."",
  ""verdict"": ""PASS""
}
```"
9958,ego4d,The homeowner opens the kitchen cabinet door,The homeowner opens the fridge door,The homeowner closes the kitchen cabinet door,3.0,"The subject, object, and setting are verbatim identical between the anchor and the hard negative.",3.0,The verb 'closes' is the direct temporal and physical antonym of 'opens'.,PASS,,"{
  ""static_score"": 3,
  ""static_reason"": ""The subject, object, and setting are verbatim identical between the anchor and the hard negative."",
  ""chiral_score"": 3,
  ""chiral_reason"": ""The verb 'closes' is the direct temporal and physical antonym of 'opens'."",
  ""verdict"": ""PASS""
}"
9959,ego4d,The woman D places her right hand on her left hand.,The woman D places her left hand on the floor with the piece of wood in it.,The woman D removes her right hand from her left hand.,3.0,"The subject, primary object, and target location are identical across both sentences.",3.0,The actions 'places on' and 'removes from' represent a perfect directional and temporal reversal of the same movement.,PASS,,"{
  ""static_score"": 3,
  ""static_reason"": ""The subject, primary object, and target location are identical across both sentences."",
  ""chiral_score"": 3,
  ""chiral_reason"": ""The actions 'places on' and 'removes from' represent a perfect directional and temporal reversal of the same movement."",
  ""verdict"": ""PASS""
}"
9960,ego4d,The baker puts the bowl aside,The baker puts bowl on the table,The baker takes the bowl from aside,2.0,"The subject and object are identical, but 'from aside' is a slightly awkward syntactic variation of the anchor's adverbial 'aside'.",3.0,The actions 'puts aside' and 'takes from aside' constitute a perfect directional and temporal reversal of the movement.,PASS,,"```json
{
  ""static_score"": 2,
  ""static_reason"": ""The subject and object are identical, but 'from aside' is a slightly awkward syntactic variation of the anchor's adverbial 'aside'."",
  ""chiral_score"": 3,
  ""chiral_reason"": ""The actions 'puts aside' and 'takes from aside' constitute a perfect directional and temporal reversal of the movement."",
  ""verdict"": ""PASS""
}
```"
9961,ego4d,The diner puts his right hand in a dish,The diner puts her hand on the drawer,The diner takes his right hand out of a dish,3.0,"The subject, object, and setting are identical between the anchor and the hard negative.",3.0,The actions 'puts in' and 'takes out' represent a perfect directional and temporal reversal.,PASS,,"{
  ""static_score"": 3,
  ""static_reason"": ""The subject, object, and setting are identical between the anchor and the hard negative."",
  ""chiral_score"": 3,
  ""chiral_reason"": ""The actions 'puts in' and 'takes out' represent a perfect directional and temporal reversal."",
  ""verdict"": ""PASS""
}"
9962,ego4d,The child picks the pillow,The person Y picks up a pillow from the bed,The child put the pillow down,3.0,"The subject ('The child') and object ('the pillow') are identical between the anchor and the hard negative, with no additional setting or manner elements introduced.",2.0,"While 'put down' is the correct directional antonym for 'pick up', the anchor uses the slightly ambiguous verb 'picks' without the particle 'up'.",PASS,,"```json
{
  ""static_score"": 3,
  ""static_reason"": ""The subject ('The child') and object ('the pillow') are identical between the anchor and the hard negative, with no additional setting or manner elements introduced."",
  ""chiral_score"": 2,
  ""chiral_reason"": ""While 'put down' is the correct directional antonym for 'pick up', the anchor uses the slightly ambiguous verb 'picks' without the particle 'up'."",
  ""verdict"": ""PASS""
}
```"
9963,ego4d,The cleaner puts the cloth on top of the table,The cleaner puts down the wiping cloth on the table,The cleaner takes the cloth off top of the table,3.0,"The subject, object, and spatial setting are identical across both sentences, ensuring perfect preservation of non-action elements.",3.0,The verb phrase 'takes ... off' functions as a precise directional and temporal antonym to 'puts ... on'.,PASS,,"{
  ""static_score"": 3,
  ""static_reason"": ""The subject, object, and spatial setting are identical across both sentences, ensuring perfect preservation of non-action elements."",
  ""chiral_score"": 3,
  ""chiral_reason"": ""The verb phrase 'takes ... off' functions as a precise directional and temporal antonym to 'puts ... on'."",
  ""verdict"": ""PASS""
}"
9964,ego4d,The cleaner puts down the sponge,The cleaner puts the sponge in water,The cleaner picks up the sponge,3.0,The subject and object are identical in both sentences with no differences in setting or descriptors.,3.0,The verb phrases 'puts down' and 'picks up' are perfect directional and temporal antonyms.,PASS,,"{
  ""static_score"": 3,
  ""static_reason"": ""The subject and object are identical in both sentences with no differences in setting or descriptors."",
  ""chiral_score"": 3,
  ""chiral_reason"": ""The verb phrases 'puts down' and 'picks up' are perfect directional and temporal antonyms."",
  ""verdict"": ""PASS""
}"
9965,ego4d,The woman closes the cabinet with her left hand.,The man closes a cabinet with his left hand.,The woman opens the cabinet with her left hand.,3.0,"The subject, object, and manner of the action are perfectly identical between the anchor and the hard negative.",3.0,The action 'opens' is the precise temporal and directional antonym of 'closes'.,PASS,,"{
  ""static_score"": 3,
  ""static_reason"": ""The subject, object, and manner of the action are perfectly identical between the anchor and the hard negative."",
  ""chiral_score"": 3,
  ""chiral_reason"": ""The action 'opens' is the precise temporal and directional antonym of 'closes'."",
  ""verdict"": ""PASS""
}"
9966,ego4d,The audience member stands up from the chair,The audience member stands up from a chair.,The audience member sits down on the chair,3.0,"Subject and object are identical, and the prepositional change is a syntactic requirement of the verb transition.",3.0,Stands up and sits down are perfect directional and temporal antonyms.,PASS,,"{
  ""static_score"": 3,
  ""static_reason"": ""Subject and object are identical, and the prepositional change is a syntactic requirement of the verb transition."",
  ""chiral_score"": 3,
  ""chiral_reason"": ""Stands up and sits down are perfect directional and temporal antonyms."",
  ""verdict"": ""PASS""
}"
9967,ego4d,The older lady opens door,The customer opens door,The older lady closes door,3.0,The subject 'The older lady' and the object 'door' are perfectly identical between the anchor and the hard negative.,3.0,"The verb 'closes' is a direct temporal and directional antonym of 'opens', satisfying the chiral action requirement.",PASS,,"{
  ""static_score"": 3,
  ""static_reason"": ""The subject 'The older lady' and the object 'door' are perfectly identical between the anchor and the hard negative."",
  ""chiral_score"": 3,
  ""chiral_reason"": ""The verb 'closes' is a direct temporal and directional antonym of 'opens', satisfying the chiral action requirement."",
  ""verdict"": ""PASS""
}"
9968,ego4d,The waiter puts the food on the table.,The dog puts the food on the leave on the floor,The waiter takes the food off the table.,3.0,"The subject, object, and setting are identical in both the anchor and the hard negative.",3.0,The action 'takes off' is the precise directional and temporal antonym of 'puts on'.,PASS,,"{
  ""static_score"": 3,
  ""static_reason"": ""The subject, object, and setting are identical in both the anchor and the hard negative."",
  ""chiral_score"": 3,
  ""chiral_reason"": ""The action 'takes off' is the precise directional and temporal antonym of 'puts on'."",
  ""verdict"": ""PASS""
}"
9969,ego4d,The student removes her left hand from the textbook,The student removes hand from the book,The student places her left hand on the textbook,3.0,"The subject, object, and setting are identical between the anchor and the hard negative, including specific descriptors like 'left'.",3.0,The actions 'removes from' and 'places on' are perfect directional and temporal antonyms in the context of physical manipulation.,PASS,,"{
  ""static_score"": 3,
  ""static_reason"": ""The subject, object, and setting are identical between the anchor and the hard negative, including specific descriptors like 'left'."",
  ""chiral_score"": 3,
  ""chiral_reason"": ""The actions 'removes from' and 'places on' are perfect directional and temporal antonyms in the context of physical manipulation."",
  ""verdict"": ""PASS""
}"
9970,ego4d,The student picks another book from the shelf with his right hand.,The student picks up the book,The student places another book back on the shelf with his right hand.,3.0,"The subject, object, setting, and specific manner of the action are identical across both sentences.",3.0,The actions 'picks from' and 'places back on' are perfect directional and temporal antonyms.,PASS,,"{
  ""static_score"": 3,
  ""static_reason"": ""The subject, object, setting, and specific manner of the action are identical across both sentences."",
  ""chiral_score"": 3,
  ""chiral_reason"": ""The actions 'picks from' and 'places back on' are perfect directional and temporal antonyms."",
  ""verdict"": ""PASS""
}"
9971,ego4d,The cook picks the knife from the chopping board,The cook picks the cutter knife on the table,The cook puts the knife on the chopping board,3.0,"The subject, object, and setting are identical, and the minor prepositional change is a grammatical necessity for the action reversal.",3.0,'Picks' and 'puts' are direct directional antonyms in the context of moving an object relative to a surface.,PASS,,"{
  ""static_score"": 3,
  ""static_reason"": ""The subject, object, and setting are identical, and the minor prepositional change is a grammatical necessity for the action reversal."",
  ""chiral_score"": 3,
  ""chiral_reason"": ""'Picks' and 'puts' are direct directional antonyms in the context of moving an object relative to a surface."",
  ""verdict"": ""PASS""
}"
9972,ego4d,The woman drops the bottle on the countertop,The woman drops the water bottle in her right hand on the table.,The woman picks up the bottle from the countertop,3.0,"The subject, object, and setting are identical between the anchor and the hard negative.",3.0,The actions 'drops on' and 'picks up from' are perfect temporal and directional antonyms in this context.,PASS,,"```json
{
  ""static_score"": 3,
  ""static_reason"": ""The subject, object, and setting are identical between the anchor and the hard negative."",
  ""chiral_score"": 3,
  ""chiral_reason"": ""The actions 'drops on' and 'picks up from' are perfect temporal and directional antonyms in this context."",
  ""verdict"": ""PASS""
}
```"
9973,ego4d,The waiter picks a plate from the table,The waiter picks a plate,The waiter puts a plate on the table,3.0,"The subject, object, and the physical setting (the table) are identical in both sentences.",3.0,The actions 'picks from' and 'puts on' represent a perfect directional and temporal inversion.,PASS,,"{
  ""static_score"": 3,
  ""static_reason"": ""The subject, object, and the physical setting (the table) are identical in both sentences."",
  ""chiral_score"": 3,
  ""chiral_reason"": ""The actions 'picks from' and 'puts on' represent a perfect directional and temporal inversion."",
  ""verdict"": ""PASS""
}"
9974,ego4d,The woman closes the tap with her right hand,The woman closes the tap,The woman opens the tap with her right hand,3.0,"The subject, object, and manner of the action are identical across both sentences.",3.0,The verb 'opens' is a perfect temporal and functional antonym of 'closes' for the specified object.,PASS,,"{
  ""static_score"": 3,
  ""static_reason"": ""The subject, object, and manner of the action are identical across both sentences."",
  ""chiral_score"": 3,
  ""chiral_reason"": ""The verb 'opens' is a perfect temporal and functional antonym of 'closes' for the specified object."",
  ""verdict"": ""PASS""
}"
9975,ego4d,The **mechanic** puts the pliers on the floor,The **mechanic** puts pliers on the floor,The **mechanic** takes the pliers off the floor,2.0,"The preposition modifying the setting changes from 'on' to 'off', which slightly deviates from identical preservation of the locative phrase.",3.0,The action 'puts on' and its inverse 'takes off' represent a perfect directional and temporal antonym pair.,PASS,,"{
  ""static_score"": 2,
  ""static_reason"": ""The preposition modifying the setting changes from 'on' to 'off', which slightly deviates from identical preservation of the locative phrase."",
  ""chiral_score"": 3,
  ""chiral_reason"": ""The action 'puts on' and its inverse 'takes off' represent a perfect directional and temporal antonym pair."",
  ""verdict"": ""PASS""
}"
9976,ego4d,The mechanic puts the screw on the impact wrench,The mechanic puts a screw in the toolbox,The mechanic removes the screw from the impact wrench,3.0,"The subject, object, and the impact wrench setting are identical across both sentences.",3.0,The action 'removes from' is a perfect directional and temporal antonym of 'puts on'.,PASS,,"{
  ""static_score"": 3,
  ""static_reason"": ""The subject, object, and the impact wrench setting are identical across both sentences."",
  ""chiral_score"": 3,
  ""chiral_reason"": ""The action 'removes from' is a perfect directional and temporal antonym of 'puts on'."",
  ""verdict"": ""PASS""
}"
9977,ego4d,The dry cleaner picks the iron box,The dry cleaner picks an ironing box on the iron board,The dry cleaner puts the iron box down,3.0,"The subject and object are identical across both sentences, and there are no conflicting settings or manners.",3.0,The action 'picks' (implying picking up) and 'puts down' form a perfect directional/temporal antonym pair as required.,PASS,,"```json
{
  ""static_score"": 3,
  ""static_reason"": ""The subject and object are identical across both sentences, and there are no conflicting settings or manners."",
  ""chiral_score"": 3,
  ""chiral_reason"": ""The action 'picks' (implying picking up) and 'puts down' form a perfect directional/temporal antonym pair as required."",
  ""verdict"": ""PASS""
}
```"
9978,ego4d,The gardener picks a plant pot from the ground.,The gardener picks a rice cooker pot.,The gardener puts a plant pot on the ground.,3.0,"The subject, object, and setting are identical across both sentences, with only the preposition changing to accommodate the direction of movement.",3.0,The actions 'picks' and 'puts' act as direct directional antonyms (picking up vs. putting down) in the context of moving a pot relative to the ground.,PASS,,"```json
{
  ""static_score"": 3,
  ""static_reason"": ""The subject, object, and setting are identical across both sentences, with only the preposition changing to accommodate the direction of movement."",
  ""chiral_score"": 3,
  ""chiral_reason"": ""The actions 'picks' and 'puts' act as direct directional antonyms (picking up vs. putting down) in the context of moving a pot relative to the ground."",
  ""verdict"": ""PASS""
}
```"
9979,ego4d,The man closes the book on the floor with his left hand,The man closes the book.,The man opens the book on the floor with his left hand,3.0,"The subject, object, setting, and manner are identical across the anchor and the hard negative.",3.0,The verb 'opens' is the precise temporal and directional antonym of 'closes'.,PASS,,"{
  ""static_score"": 3,
  ""static_reason"": ""The subject, object, setting, and manner are identical across the anchor and the hard negative."",
  ""chiral_score"": 3,
  ""chiral_reason"": ""The verb 'opens' is the precise temporal and directional antonym of 'closes'."",
  ""verdict"": ""PASS""
}"
9980,ego4d,The artist puts down a paint bottle on a newspaper,The shopper puts a water bottle on the supermarket counter.,The artist picks up a paint bottle from a newspaper,3.0,"The subject, object, and setting noun are identical, preserving all non-action elements perfectly.",3.0,The action 'picks up' is the precise temporal and directional antonym of 'puts down'.,PASS,,"{
  ""static_score"": 3,
  ""static_reason"": ""The subject, object, and setting noun are identical, preserving all non-action elements perfectly."",
  ""chiral_score"": 3,
  ""chiral_reason"": ""The action 'picks up' is the precise temporal and directional antonym of 'puts down'."",
  ""verdict"": ""PASS""
}"
9981,ego4d,The baker removes her left hand from the cardboard tube on her lap.,The baker removes hand from dough,The baker puts her left hand into the cardboard tube on her lap.,3.0,"The subject, object, and setting are verbatim identical across both sentences.",3.0,The action pair 'removes from' and 'puts into' represents a perfect directional and temporal antonym.,PASS,,"```json
{
  ""static_score"": 3,
  ""static_reason"": ""The subject, object, and setting are verbatim identical across both sentences."",
  ""chiral_score"": 3,
  ""chiral_reason"": ""The action pair 'removes from' and 'puts into' represents a perfect directional and temporal antonym."",
  ""verdict"": ""PASS""
}
```"
9982,ego4d,The waiter drops the glass cup on the table with his right hand.,The waitress drops the cup on the table in her right hand.,The waiter picks up the glass cup from the table with his right hand.,3.0,"The subject (waiter), object (glass cup), and manner (right hand) are identical, with the setting (table) remaining the same despite necessary prepositional adjustments.",3.0,The actions 'drops' and 'picks up' are perfect directional and temporal antonyms representing the inverse movement and possession of the object.,PASS,,"```json
{
  ""static_score"": 3,
  ""static_reason"": ""The subject (waiter), object (glass cup), and manner (right hand) are identical, with the setting (table) remaining the same despite necessary prepositional adjustments."",
  ""chiral_score"": 3,
  ""chiral_reason"": ""The actions 'drops' and 'picks up' are perfect directional and temporal antonyms representing the inverse movement and possession of the object."",
  ""verdict"": ""PASS""
}
```"
9983,ego4d,The student puts the book on the laps,The student puts another book on the floor,The student takes the book off the laps,3.0,"The subject, object, and the location noun are identical between the anchor and the hard negative.",3.0,The actions 'puts on' and 'takes off' are perfect directional and temporal antonyms.,PASS,,"{
  ""static_score"": 3,
  ""static_reason"": ""The subject, object, and the location noun are identical between the anchor and the hard negative."",
  ""chiral_score"": 3,
  ""chiral_reason"": ""The actions 'puts on' and 'takes off' are perfect directional and temporal antonyms."",
  ""verdict"": ""PASS""
}"
9984,ego4d,The woman picks a phone on the table with her right hand,The woman picks a phone,The woman puts a phone on the table with her right hand,3.0,"The subject, object, and the specific prepositional phrases describing the setting and manner are identical across both sentences.",3.0,'Picks' and 'puts' serve as clear directional and temporal antonyms for the physical interaction with the object on the table.,PASS,,"```json
{
  ""static_score"": 3,
  ""static_reason"": ""The subject, object, and the specific prepositional phrases describing the setting and manner are identical across both sentences."",
  ""chiral_score"": 3,
  ""chiral_reason"": ""'Picks' and 'puts' serve as clear directional and temporal antonyms for the physical interaction with the object on the table."",
  ""verdict"": ""PASS""
}
```"
9985,ego4d,#O Lady X removes the shoe,#O The man B removes a shoe on his right leg with his left hand.,#O Lady X puts on the shoe,3.0,The subject 'Lady X' and the object 'the shoe' are identical in both the anchor and the hard negative.,3.0,'Puts on' is the precise temporal and directional antonym of 'removes' for items of clothing.,PASS,,"{
  ""static_score"": 3,
  ""static_reason"": ""The subject 'Lady X' and the object 'the shoe' are identical in both the anchor and the hard negative."",
  ""chiral_score"": 3,
  ""chiral_reason"": ""'Puts on' is the precise temporal and directional antonym of 'removes' for items of clothing."",
  ""verdict"": ""PASS""
}"
9986,ego4d,The knitter pulls the yarn with her right hand,The knitter pulls out the yarn,The knitter lets go of the yarn with her right hand,3.0,"The subject, object, and the specific manner ('with her right hand') are perfectly preserved between the anchor and the hard negative.",1.0,"The action 'lets go of' is the antonym of 'grabs' or 'holds' rather than the directional antonym of 'pulls', which would be 'pushes'.",FAIL,,"{
  ""static_score"": 3,
  ""static_reason"": ""The subject, object, and the specific manner ('with her right hand') are perfectly preserved between the anchor and the hard negative."",
  ""chiral_score"": 1,
  ""chiral_reason"": ""The action 'lets go of' is the antonym of 'grabs' or 'holds' rather than the directional antonym of 'pulls', which would be 'pushes'."",
  ""verdict"": ""FAIL""
}"
9987,ego4d,The woman closes the cabinet,The woman closes the cabinet with her right hand.,The woman opens the cabinet,3.0,The subject and object are identical across both sentences with no additional modifiers or setting changes.,3.0,The verb 'opens' is the direct temporal and directional antonym of 'closes'.,PASS,,"{
  ""static_score"": 3,
  ""static_reason"": ""The subject and object are identical across both sentences with no additional modifiers or setting changes."",
  ""chiral_score"": 3,
  ""chiral_reason"": ""The verb 'opens' is the direct temporal and directional antonym of 'closes'."",
  ""verdict"": ""PASS""
}"
9988,ego4d,The baker rolls the dough on the table,The baker rolls the dough on the board with the hand,The baker gathers the dough from the table,3.0,"The subject, object, and setting entities are identical between the anchor and the hard negative.",1.0,The action 'gathers' is a distinct task and does not represent a directional or temporal antonym of 'rolls'.,FAIL,,"```json
{
  ""static_score"": 3,
  ""static_reason"": ""The subject, object, and setting entities are identical between the anchor and the hard negative."",
  ""chiral_score"": 1,
  ""chiral_reason"": ""The action 'gathers' is a distinct task and does not represent a directional or temporal antonym of 'rolls'."",
  ""verdict"": ""FAIL""
}
```"
9989,ego4d,The cook puts pot in the burner,The cook puts the pot on the stove,The cook takes pot out of the burner,3.0,"The subject, object, and setting are identical between the anchor and the hard negative.",3.0,The action 'takes out' is a perfect directional and temporal antonym of 'puts in'.,PASS,,"{
  ""static_score"": 3,
  ""static_reason"": ""The subject, object, and setting are identical between the anchor and the hard negative."",
  ""chiral_score"": 3,
  ""chiral_reason"": ""The action 'takes out' is a perfect directional and temporal antonym of 'puts in'."",
  ""verdict"": ""PASS""
}"
9990,ego4d,The student puts the books on the shelf,The student puts the books in the bookcase.,The student takes the books off the shelf,3.0,"The subject, object, and physical setting are identical, with no variation in non-action elements.",3.0,The action 'takes off' is the direct directional and temporal inverse of 'puts on'.,PASS,,"{
  ""static_score"": 3,
  ""static_reason"": ""The subject, object, and physical setting are identical, with no variation in non-action elements."",
  ""chiral_score"": 3,
  ""chiral_reason"": ""The action 'takes off' is the direct directional and temporal inverse of 'puts on'."",
  ""verdict"": ""PASS""
}"
9991,ego4d,The woman closes the door with her left hand.,The woman closes the car door,The woman opens the door with her left hand.,3.0,"The subject, object, and specific manner of the action are identical between the anchor and the hard negative.",3.0,The verbs 'closes' and 'opens' are perfect directional antonyms for the movement of a door.,PASS,,"```json
{
  ""static_score"": 3,
  ""static_reason"": ""The subject, object, and specific manner of the action are identical between the anchor and the hard negative."",
  ""chiral_score"": 3,
  ""chiral_reason"": ""The verbs 'closes' and 'opens' are perfect directional antonyms for the movement of a door."",
  ""verdict"": ""PASS""
}
```"
9992,ego4d,The **child** closes the water bottle,The **child** closes the bottle,The **child** opens the water bottle,3.0,"The subject and object are identical in both the anchor and the hard negative, maintaining perfect static preservation.",3.0,"The action 'opens' is the direct, perfect temporal antonym of 'closes'.",PASS,,"{
  ""static_score"": 3,
  ""static_reason"": ""The subject and object are identical in both the anchor and the hard negative, maintaining perfect static preservation."",
  ""chiral_score"": 3,
  ""chiral_reason"": ""The action 'opens' is the direct, perfect temporal antonym of 'closes'."",
  ""verdict"": ""PASS""
}"
9993,ego4d,The student puts the bottle on another wood,The student puts the bottle in the cabinet,The student takes the bottle off another wood,3.0,"The subject, object, and the specific setting 'another wood' are verbatim identical between the anchor and the hard negative.",3.0,The actions 'puts on' and 'takes off' are perfect directional and temporal antonyms regarding the placement of an object on a surface.,PASS,,"```json
{
  ""static_score"": 3,
  ""static_reason"": ""The subject, object, and the specific setting 'another wood' are verbatim identical between the anchor and the hard negative."",
  ""chiral_score"": 3,
  ""chiral_reason"": ""The actions 'puts on' and 'takes off' are perfect directional and temporal antonyms regarding the placement of an object on a surface."",
  ""verdict"": ""PASS""
}
```"
9994,ego4d,The **librarian** opens a box on the table.,The **librarian** opens the box,The **librarian** closes a box on the table.,3.0,"The subject, object, and setting are identical in both the anchor and the hard negative.",3.0,The action 'closes' is the precise temporal and physical antonym of 'opens'.,PASS,,"{
  ""static_score"": 3,
  ""static_reason"": ""The subject, object, and setting are identical in both the anchor and the hard negative."",
  ""chiral_score"": 3,
  ""chiral_reason"": ""The action 'closes' is the precise temporal and physical antonym of 'opens'."",
  ""verdict"": ""PASS""
}"
9995,ego4d,The cleaner puts away the spray bottle,The cleaner puts the spray bottle on the paper,The cleaner takes out the spray bottle,3.0,"The subject and object are identical, and there are no additional setting or manner descriptors to differentiate the two sentences.",3.0,The actions 'puts away' and 'takes out' represent a perfect directional and functional reversal of the same activity.,PASS,,"```json
{
  ""static_score"": 3,
  ""static_reason"": ""The subject and object are identical, and there are no additional setting or manner descriptors to differentiate the two sentences."",
  ""chiral_score"": 3,
  ""chiral_reason"": ""The actions 'puts away' and 'takes out' represent a perfect directional and functional reversal of the same activity."",
  ""verdict"": ""PASS""
}
```"
9996,ego4d,The cook picks up a knife from the kitchen board with her left hand.,The farmer picks the sickle knife from the ground with his left hand.,The cook puts down a knife on the kitchen board with her left hand.,3.0,"The subject, object, setting, and manner are identical between the anchor and the negative, with only necessary prepositional adjustments for the inverse action.",3.0,The phrase 'puts down' is the exact temporal and directional antonym of 'picks up'.,PASS,,"{
  ""static_score"": 3,
  ""static_reason"": ""The subject, object, setting, and manner are identical between the anchor and the negative, with only necessary prepositional adjustments for the inverse action."",
  ""chiral_score"": 3,
  ""chiral_reason"": ""The phrase 'puts down' is the exact temporal and directional antonym of 'picks up'."",
  ""verdict"": ""PASS""
}"
9997,ego4d,The woman takes food from the plate with her right hand.,The person takes a food from a plate on the kitchen's cabinet,The woman puts food onto the plate with her right hand.,3.0,"The subject, objects, and specific manner are identical between the anchor and the negative, maintaining perfect static preservation.",3.0,The shift from 'takes from' to 'puts onto' represents a perfect directional and temporal inversion of the action.,PASS,,"{
  ""static_score"": 3,
  ""static_reason"": ""The subject, objects, and specific manner are identical between the anchor and the negative, maintaining perfect static preservation."",
  ""chiral_score"": 3,
  ""chiral_reason"": ""The shift from 'takes from' to 'puts onto' represents a perfect directional and temporal inversion of the action."",
  ""verdict"": ""PASS""
}"
9998,ego4d,The old man B picks cup,The old man B picks a cup of juice on the table with his left hand.,The old man B puts cup,3.0,The subject 'The old man B' and the object 'cup' are identical in both the anchor and the hard negative.,3.0,The action 'puts' is the direct directional antonym of 'picks' in the context of object manipulation.,PASS,,"{
  ""static_score"": 3,
  ""static_reason"": ""The subject 'The old man B' and the object 'cup' are identical in both the anchor and the hard negative."",
  ""chiral_score"": 3,
  ""chiral_reason"": ""The action 'puts' is the direct directional antonym of 'picks' in the context of object manipulation."",
  ""verdict"": ""PASS""
}"
9999,ego4d,The chef puts down a serving spoon and chop sticks on a cooking pot,The chef puts a spoon in a bowl.,The chef picks up a serving spoon and chop sticks from a cooking pot,2.0,"The subject and object are identical, but the preposition in the setting changes from 'on' to 'from' to accommodate the motion.",3.0,The actions 'puts down' and 'picks up' are perfect temporal and directional antonyms.,PASS,,"{
  ""static_score"": 2,
  ""static_reason"": ""The subject and object are identical, but the preposition in the setting changes from 'on' to 'from' to accommodate the motion."",
  ""chiral_score"": 3,
  ""chiral_reason"": ""The actions 'puts down' and 'picks up' are perfect temporal and directional antonyms."",
  ""verdict"": ""PASS""
}"
