{
    "binary": {
        "t2v_acc": 0.5995995995995996,
        "v2t_acc": 0.6476476476476476
    },
    "origin": {
        "txt_r1": 54.054054054054056,
        "txt_r5": 83.88388388388388,
        "txt_r10": 90.29029029029029,
        "txt_r_mean": 76.07607607607606,
        "img_r1": 60.06006006006006,
        "img_r5": 84.48448448448448,
        "img_r10": 91.09109109109109,
        "img_r_mean": 78.54521187854522,
        "r_mean": 77.31064397731063
    },
    "hard": {
        "txt_r1": 30.53053053053053,
        "txt_r5": 67.96796796796797,
        "txt_r10": 79.47947947947948,
        "txt_r_mean": 59.32599265932598,
        "img_r1": 33.433433433433436,
        "img_r5": 73.77377377377377,
        "img_r10": 81.83183183183183,
        "img_r_mean": 63.013013013013015,
        "r_mean": 61.1695028361695
    }
}