{
    "binary": {
        "t2v_acc": 0.5957161981258366,
        "v2t_acc": 0.6452476572958501
    },
    "origin": {
        "txt_r1": 58.90227576974565,
        "txt_r5": 86.74698795180723,
        "txt_r10": 93.0388219544846,
        "txt_r_mean": 79.56269522534582,
        "img_r1": 65.59571619812584,
        "img_r5": 87.95180722891567,
        "img_r10": 93.84203480589022,
        "img_r_mean": 82.46318607764391,
        "r_mean": 81.01294065149486
    },
    "hard": {
        "txt_r1": 32.663989290495316,
        "txt_r5": 72.82463186077644,
        "txt_r10": 83.33333333333333,
        "txt_r_mean": 62.94065149486837,
        "img_r1": 36.479250334672024,
        "img_r5": 78.38018741633199,
        "img_r10": 84.80589022757698,
        "img_r_mean": 66.55510932619366,
        "r_mean": 64.74788041053101
    }
}