{
    "binary": {
        "t2v_acc": 0.6486486486486487,
        "v2t_acc": 0.6496496496496497
    },
    "origin": {
        "txt_r1": 61.26126126126126,
        "txt_r5": 87.38738738738739,
        "txt_r10": 92.3923923923924,
        "txt_r_mean": 80.34701368034702,
        "img_r1": 63.56356356356356,
        "img_r5": 87.78778778778779,
        "img_r10": 93.5935935935936,
        "img_r_mean": 81.64831498164831,
        "r_mean": 80.99766433099767
    },
    "hard": {
        "txt_r1": 35.13513513513514,
        "txt_r5": 73.92392392392392,
        "txt_r10": 83.53353353353353,
        "txt_r_mean": 64.19753086419753,
        "img_r1": 36.286286286286284,
        "img_r5": 78.17817817817817,
        "img_r10": 86.68668668668668,
        "img_r_mean": 67.05038371705038,
        "r_mean": 65.62395729062396
    }
}