{
  "txt_r1": 49.9412915851272,
  "txt_r5": 73.97260273972603,
  "txt_r10": 82.426614481409,
  "txt_r_mean": 68.78016960208741,
  "img_r1": 50.80234833659491,
  "img_r5": 75.49902152641879,
  "img_r10": 82.50489236790607,
  "img_r_mean": 69.60208741030658,
  "r_mean": 69.191128506197,
  "txt_r50": 94.63796477495107,
  "img_r50": 95.10763209393346
}