{
    "std": {
        "image_retrieval_recall@5": 0.43356001377105713,
        "text_retrieval_recall@5": 0.41519999504089355
    },
    "neg": {
        "image_retrieval_recall@5": 0.36484000086784363,
        "text_retrieval_recall@5": 0.4187999963760376
    }
}