{
    "binary": {
        "t2v_acc": 0.6867469879518072,
        "v2t_acc": 0.7402945113788487
    },
    "origin": {
        "txt_r1": 78.84872824631861,
        "txt_r5": 95.9839357429719,
        "txt_r10": 98.25970548862115,
        "txt_r_mean": 91.03078982597054,
        "img_r1": 82.99866131191432,
        "img_r5": 96.78714859437751,
        "img_r10": 98.92904953145917,
        "img_r_mean": 92.90495314591699,
        "r_mean": 91.96787148594376
    },
    "hard": {
        "txt_r1": 48.66131191432396,
        "txt_r5": 90.29451137884872,
        "txt_r10": 95.58232931726907,
        "txt_r_mean": 78.17938420348058,
        "img_r1": 52.67737617135207,
        "img_r5": 92.904953145917,
        "img_r10": 96.98795180722891,
        "img_r_mean": 80.85676037483266,
        "r_mean": 79.51807228915662
    }
}