{
    "binary": {
        "t2v_acc": 0.6412315930388219,
        "v2t_acc": 0.6626506024096386
    },
    "origin": {
        "txt_r1": 65.86345381526104,
        "txt_r5": 89.95983935742971,
        "txt_r10": 94.24364123159305,
        "txt_r_mean": 83.35564480142793,
        "img_r1": 68.0053547523427,
        "img_r5": 90.89692101740295,
        "img_r10": 95.04685408299866,
        "img_r_mean": 84.64970995091477,
        "r_mean": 84.00267737617135
    },
    "hard": {
        "txt_r1": 37.55020080321285,
        "txt_r5": 79.04953145917001,
        "txt_r10": 87.28246318607765,
        "txt_r_mean": 67.96073181615351,
        "img_r1": 38.48728246318608,
        "img_r5": 81.9946452476573,
        "img_r10": 89.4912985274431,
        "img_r_mean": 69.99107541276216,
        "r_mean": 68.97590361445783
    }
}