{
  "dataset": {
    "N_total": 1000,
    "D": 3584,
    "N_train": 800,
    "N_test": 200,
    "source": "neg-msrvtt",
    "text": "text-standard"
  },
  "delta_stats": {
    "delta_l2_norm": 0.5624791698119437,
    "delta_mean": 0.00020350643151413738,
    "delta_std": 0.009393350872892203,
    "delta_min": -0.192739806355341,
    "delta_max": 0.2723353520019737
  },
  "g_scalar_affine_with_delta": {
    "form": "v = (a t + b) + delta",
    "g_params": {
      "a": 0.8196294464155254,
      "b": -5.109588435560791e-05
    },
    "train": {
      "mse": 0.00010214510457372866,
      "rmse": 0.010106686132146811,
      "r2": -0.1702134548771208,
      "mean_cosine": 0.7981092151456175
    },
    "test": {
      "mse": 9.982101598568969e-05,
      "rmse": 0.009991046791287171,
      "r2": -0.17966697913246432,
      "mean_cosine": 0.8029086030477768
    }
  },
  "g_diagonal_affine_with_delta": {
    "form": "v_d = (a_d t_d + b_d) + delta_d",
    "g_params_summary": {
      "a_mean": 0.3314565492063582,
      "a_std": 0.06907490940339571,
      "a_min": 0.05559309976239883,
      "a_max": 0.7422224006184305,
      "b_mean": -0.0002474903259296092,
      "b_std": 0.011494411900183271,
      "b_min": -0.5449708658278294,
      "b_max": 0.08561670442215526
    },
    "train": {
      "mse": 7.784641244794721e-05,
      "rmse": 0.008823061398853983,
      "r2": 0.10816167215583428,
      "mean_cosine": 0.8491868923507355
    },
    "test": {
      "mse": 7.557485588832608e-05,
      "rmse": 0.00869338000367671,
      "r2": 0.10686982030984404,
      "mean_cosine": 0.8539553555724392
    }
  },
  "g_full_linear_ridge_with_delta": {
    "form": "v = (W t) + delta",
    "g_params_summary": {
      "alpha": 1.0,
      "fro_norm_W": 5.332307372231726,
      "trace_W": 30.305328310786198
    },
    "train": {
      "mse": 5.419251934311194e-05,
      "rmse": 0.007361556855931491,
      "r2": 0.3791497345501882,
      "mean_cosine": 0.8985893070225786
    },
    "test": {
      "mse": 6.877004541299823e-05,
      "rmse": 0.008292770671675314,
      "r2": 0.18728785791176317,
      "mean_cosine": 0.8681558019886069
    }
  },
  "g_full_affine_ridge_with_delta": {
    "form": "v = (W t + b) + delta",
    "g_params_summary": {
      "alpha": 1.0,
      "fro_norm_W": 5.23450867857811,
      "b_norm": 0.8470683688501982
    },
    "train": {
      "mse": 5.4120180340885986e-05,
      "rmse": 0.007356641920121298,
      "r2": 0.37997847787636585,
      "mean_cosine": 0.8985844442121338
    },
    "test": {
      "mse": 6.869099471712437e-05,
      "rmse": 0.008288003059671513,
      "r2": 0.18822206494901872,
      "mean_cosine": 0.8682243915627464
    }
  }
}